species,taxid,organism_name,nirK_present,pcuac_present,class,nirK_rep_accession,pcuac_rep_accession,species_resolved
neisseria meningitidis,1053687;1069614;1069618;1095666;1095672;1095695;1095698;1145120;1145121;1145123;1145129;1145130;1145131;1145177;1145182;1145183;1145186;1145189;1145190;1245028;374833;487;1055328;1069608;1069622;1077282;1079752;1079755;1079756;1095681;1095682;1095689;1095690;1145160;1145161;1145162;1145167;1145181;1145184;1145185;1145188;1145191;1145192;1145193;1145194;1145195;1190570;1190571;1190576;1190579;122586;1739463;482;487;909420;935593;935594;935595;1069609;1069619;1069621;1095691;1095692;1095693;1095697;1095700;1145168;1145176;1145178;1190580;1307438;1307439;487;562020;935589;935591;935599;1069610;1069611;1069612;1069613;1069615;1069616;1095679;1095680;1172206;487;604162;1069610;487;662598;1069614;1095666;1095672;1095695;1095698;1145120;1145121;1145123;1145129;1145130;1145131;1145133;122587;487;1069617;1079753;1079754;1095665;1095668;1095669;1095670;1095671;1095673;1095675;1095676;1095677;1095678;1095683;1095684;1095685;1095686;1095687;1095688;1095694;1095696;1095699;1095701;1145122;1145124;1145125;1145126;1145128;1145132;1145133;1145134;1145135;1145136;1145137;1145138;1145139;1145140;1145141;1145143;1145144;1145145;1145146;1145147;1145149;1145150;1145151;1145152;1145153;1145154;1145155;1145156;1145158;1145166;1145169;1145170;1145171;1145173;1145174;1145175;1190572;1190573;1190575;1190578;1190581;1386084;272831;487;630588;768484;768485;862513;935586;935587;935590;942513;1069620;1069622;487;1069621;487;1079757;487;1095665;1095673;1095675;1095676;1095678;1095694;1095696;1145124;1145125;1145126;1145128;1145132;1145134;1145135;1145136;1145137;487;942513;1095667;487;1095668;1095669;1095670;1095671;1095677;1145122;1145138;1145139;1145140;1145141;1145143;1145144;487;1095679;1095680;1095681;1095682;1095689;1095690;1095701;1145160;1145161;1145162;1190570;1190571;1190576;1190579;122586;487;909420;935597;1095685;1095686;1145166;1145170;1145173;1145174;487;1095691;1095692;1095693;1095697;1145178;1145180;487;1095699;487;1145146;487;1145159;487;1145168;1145176;1906581;482;487;1145177;487;1145180;487;1190569;487;1190572;1190573;1190575;1190578;1190581;487;630588;935589;935591;122587;2937985;482;487;489;1386084;487;1906581;2830648;482;487;489;933269;482;487;933280;487;487;562020;487;662598;487;862513;487;935588;487;935590;935594,Neisseria meningitidis,1,1,both,WP_002258661.1,WP_002212839.1,1
cutibacterium acnes,1031709;1182749;1292038;1302634;1302635;1302636;1734925;1747;1091045;1226748;1747;1905725;1912216;2899272;679194;765079;765080;1114966;1114969;1136877;1747;1912216;2965101;3413432;765064;765069;765081;765083;765088;765090;765091;765092;765094;765102;765104;765110;765111;765114;765115;765122;1114967;1747;1122995;1747;679195;765074;765075;1134454;1734925;1747;553199;679193;765058;765063;765066;765068;765072;765073;765076;765085;765087;765093;765096;765118;765119;1182750;1747;1182751;1747;1182752;1249619;1276648;1302637;1302638;1734925;1747;1912216;3412787;765057;765065;765070;765082;765097;765098;765106;765107;765112;765113;765116;765117;909952;1234380;1747;1249616;1249617;1302640;1747;1905725;765061;765084;765121;1249618;1302639;1747;1249620;1747;1276649;1747;765071;1292039;1747;1734925;1747;1734925;1747;1905725;1734925;1747;267747;1747;1747;1905725;1747;686659;765067;765077;765078;765086;765089;1747;765095;1747;765099;1747;765100;1747;765101;1747;765103;1747;765105;1747;765108;1747;765120,Cutibacterium acnes,1,0,nirK_only,WP_002512805.1,NA,1
cutibacterium modestum,1182753;1182754;1912223;2559073;765109;765123;765124;999892;1182755;2559073;2559073,Cutibacterium modestum 31N;Cutibacterium modestum,1,0,nirK_only,WP_002529289.1,NA,1
[propionibacterium] namnetense,1051006;1574624,[Propionibacterium] namnetense SK182B-JCVI;Cutibacterium namnetense,1,0,nirK_only,WP_002550210.1,NA,1
simonsiella muelleri,641147;72;72,Simonsiella muelleri,1,1,both,WP_002642011.1,WP_002641845.1,1
capnocytophaga gingivalis,1017;1017;553178,Capnocytophaga gingivalis,1,0,nirK_only,WP_002668532.1,NA,1
leptospira terpstrae,1257025;293075;293075,Leptospira terpstrae,1,0,nirK_only,WP_002973135.1,NA,1
chryseobacterium gleum,1241978;250;253;2758092;525257;59732;651561,Chryseobacterium gleum;Chryseobacterium indologenes;Chryseobacterium;Chryseobacterium gleum ATCC 35910;Chryseobacterium arthrosphaerae;Chryseobacterium bernardetii;Chryseobacterium sp. Marseille-Q3244,1,0,nirK_only,WP_002978658.1,NA,1
leptospira vanthielii,1218591;293085,Leptospira vanthielii;Leptospira vanthielii serovar Holland str. Waz Holland = ATCC 700522,1,0,nirK_only,WP_002989209.1,NA,1
myroides odoratus,256;256;883155;929704,Myroides odoratus,1,0,nirK_only,WP_002990319.1,NA,1
moraxella catarrhalis,1236608;1715217;475;480;749219;857571;857572;857573;857574;857575;857576;857579;857581;3344666;475;480;480;480;857578,Moraxella catarrhalis,1,0,nirK_only,WP_003656881.1,NA,1
neisseria cinerea,1190569;192066;2830646;2830647;2830648;2830768;482;483;486;487;489;869214;1871108;482;483;1871108;482;483;546262;482;483;487;483;483;546262,Neisseria cinerea,1,1,both,WP_311397790.1,WP_003674857.1,1
neisseria flavescens,1715080;1715140;1715175;1739282;1739328;1739332;1739338;1739375;1739384;1739456;192066;237778;28449;2972775;3003682;33053;3436658;3436659;3436665;3436666;3436667;3436668;3436669;3436670;3436671;3436672;3436673;3436674;3436682;3436687;3436688;3436699;3436708;3436714;3436732;3436771;3436772;3436774;3436775;3436777;3436778;3436779;3436780;3436782;3436783;3436784;3436785;3436798;3436817;3436819;3436820;3436821;3436822;482;484;546268;1739301;192066;28449;3003680;3436692;3436693;3436799;482;484;486;1739376;28449;482;484;1739524;237778;28449;3003683;3436810;482;484;192066;482;484;546264;28449;33053;482;484;28449;3436771;3436772;3436774;3436775;482;484;484;484;546264,Neisseria flavescens,1,1,both,WP_480210362.1,WP_003681960.1,1
neisseria gonorrhoeae,1069620;1079757;482;485;487;935597;1193404;1247414;1351774;1351775;1351776;1351777;1351778;1351779;1351780;1351781;1351782;1351783;1351784;1351785;1351786;1351787;1351788;1351790;1351791;1351792;1351793;1351794;1351795;1351796;1351798;1351799;1351800;1351803;1351804;1351805;1351806;1351807;1351808;1351809;1351810;1351811;1351812;1351815;1351816;1352347;1352513;1352514;1352515;1352519;1352520;1352521;1352522;1352525;1352526;1352527;1352528;1352529;1352530;1352532;1352533;485;521006;528345;528346;528347;528348;528352;528353;528354;528356;528357;528358;528359;1193404;1247414;1351774;1351779;1351785;1351791;1351792;1351795;1351800;1351804;1351805;1351806;1351807;1351815;1352347;482;485;487;521006;528359;1351775;1351777;1351782;1351786;1351789;1351790;1351797;1351801;1351814;1351816;1352514;1352522;1352529;485;528345;528347;528355;528357;1351776;1351778;1351781;1351783;1351787;1351794;1351798;1351803;1351809;1351810;1351811;1351812;1352515;1352519;1352521;1352525;1352530;1352532;482;485;487;528346;528354;1351780;485;1351784;1351788;1351793;1351796;1352528;485;1351789;1351797;1351801;1352518;242231;485;528351;528355;528360;1351799;485;1351808;485;528358;1352513;1352520;485;1352518;485;1352526;485;1352527;485;1352533;242231;482;485;487;528351;242231;485;485;485;528348;528353;528356;485;528352,Neisseria gonorrhoeae,1,1,both,WP_003694026.1,WP_002225039.1,1
neisseria lactamica,1715080;1871109;192066;482;486;1906581;482;486;489;3391057;482;486;487;489;489653;546265;3391057;482;486;489653;482;486;487;482;486;487;489;486;486;546265;486;869214;486;933280,Neisseria lactamica,1,1,both,WP_003754565.1,WP_003708638.1,1
neisseria mucosa,1056807;1095748;1715205;1739542;192066;481;488;490;547045;665946;997348;1056807;481;488;1581049;192066;3077724;482;488;490;1715052;482;488;1715190;3436738;3436740;3436741;3436743;3436745;3436781;3436782;435832;482;488;1715190;435832;482;488;28449;482;488;2866585;3388843;482;488;490;482;488;490;482;488;490;546266;482;488;997348;488;488;546266,Neisseria mucosa,1,1,both,WP_039862803.1,WP_003744919.1,1
neisseria sicca,1095748;490;1581124;1608896;482;490;1581124;1739411;1739458;482;490;1581124;1739458;482;490;1715052;192066;482;490;490;490;547045;490;933266,Neisseria sicca,1,1,both,WP_003764092.1,WP_016686255.1,1
neisseria elongata,214482;495;3436707;482;495;495;495;546263;88719;495;88719;495;90367,Neisseria elongata,1,1,both,WP_049249904.1,WP_049249159.1,1
kingella denitrificans,502;502;888741,Kingella denitrificans,1,1,both,WP_003781971.1,WP_003781170.1,1
kingella kingae,1150867;1305771;1305781;1305787;1305788;1305792;1348237;1348240;1348241;504;1150867;1305781;504;1188007;1305590;1305593;1305594;1305595;1305774;1305775;1305776;1305778;1305782;1305783;1305786;1305789;1305790;1305791;1305792;1305793;1305795;1348238;1348240;1348241;1348242;504;887327;1188007;1305592;1305782;1305786;1305795;504;1305590;1305593;1305594;1305778;1305780;1305789;1305790;1305794;1348238;1348242;504;1305592;504;1305595;1305776;1305791;504;1305771;1305787;1305788;504;1305773;1305784;1305785;1305797;504;1305774;504;1305775;1305783;504;887327;1305780;504;1305793;504;1305794;504;504,Kingella kingae,1,1,both,WP_003786767.1,WP_003785840.1,1
kingella oralis,159270;505;629741;2796361;32257;505;2796361;32257;505;629741;505,Kingella oralis,1,1,both,WP_325313872.1,WP_003796576.1,1
burkholderia mallei,111527;1249470;1249473;1306420;1306421;13373;1382516;1382519;1382520;1382521;1434195;1434202;1434204;1434208;1435362;1435371;1435373;1435986;1436037;1436051;1436065;1439858;1439859;243160;28450;320388;320389;320390;334802;334803;370895;412021;412022;436115;13373,Burkholderia mallei,1,0,nirK_only,WP_004200986.1,NA,1
neisseria weaveri,1051972;1051985;28091;28091,Neisseria weaveri,1,1,both,WP_004282838.1,WP_036494243.1,1
neisseria subflava,1581107;192066;28449;3273402;3436646;3436647;3436650;3436651;3436652;3436653;3436654;3436701;3436712;3436717;3436820;482;1581107;28449;3436701;482;1715040;1715140;1715175;1739328;1739332;1739456;237778;28449;33053;3436687;3436688;3436692;3436693;3436699;3436708;3436714;3436750;3436754;3436755;3436777;3436778;3436779;3436780;3436782;3436783;3436784;3436785;3436798;3436827;3436831;3436832;3436834;3436835;3436846;3436850;482;546268;1715075;192066;28449;3436846;3436850;482;1715112;1739369;237778;28449;3436697;3436787;3436788;3436789;3436790;3436792;3436810;482;192066;237778;28449;482;192066;28449;482;237778;28449;237778;28449;3003681;482;28449;28449;3077590;482;28449;3436808;482,Neisseria subflava,1,1,both,WP_137040440.1,WP_070461423.1,1
burkholderia pseudomallei,1085027;1436043;28450;441154;884204;1086033;28450;1086034;28450;1086036;1262664;1306417;1321258;1321259;1343557;1343558;1343559;1343560;1343562;1343565;1436055;1436067;1436068;1436069;28450;1229785;1249471;1249474;1249476;1249658;1290412;1290413;1290414;1290415;1321250;1321252;1321254;1321257;1321260;1408264;1434192;1434193;1434203;1434925;1435048;1435049;1435997;1436050;1436053;1436058;1436059;1436060;28450;320374;357347;357348;1241583;28450;1247713;1249472;1436054;1436066;1439860;1439861;28450;331109;1249468;1249469;1306418;1306419;1321246;1321247;1321253;1321255;1343079;1434194;1434196;1434197;1434198;1434201;1434209;1434211;1434932;1435367;1435369;1435374;1435983;1435989;1435991;1435992;1436038;1436039;1436041;1436047;2020481;2020482;2020483;2020484;272560;28450;32008;320371;320372;331978;536230;595498;1249475;28450;1249477;1321249;1321251;1436040;1436045;1436061;1436062;1437001;28450;320373;1249659;1335307;1435982;28450;425067;1321245;28450;441152;1321248;1435984;1435987;1435994;1437003;1437004;28450;1434199;28450;1434200;28450;1434205;28450;1434206;1434928;1434930;1435364;1435370;1435372;1435993;1435998;28450;1434207;28450;1434210;1435365;28450;1434926;28450;1434931;28450;1435050;28450;1435363;28450;1435990;28450;1435995;28450;1435996;1439852;1439854;1439855;1439856;1439857;28450;1436042;28450;1436044;28450;1436052;28450;360118;1436056;28450;1436999;28450;1437000;28450;1437002;28450;1437005;28450;28450;28450;441156;28450;557724;28450;797300,Burkholderia pseudomallei,1,0,nirK_only,WP_004528780.1,NA,1
marinobacter nanhaiticus,1305740;626887,Marinobacter nanhaiticus D15-8W;Marinobacter nanhaiticus,1,1,both,WP_004579141.1,WP_051079768.1,1
ralstonia pickettii,114715;1264675;2015562;3063544;329;48736;54061;1218114;1502763;2675750;2836825;3043851;329;3448079;3475252;48736;54061;658080;1218114;3043851;329;3475252;48736;54061;1502763;2502217;2675750;3035138;3035140;3035142;3035146;3035147;3035152;3035153;3058596;3231757;329;3379822;3448079;3471680;48736;658080;2219865;2937884;3058602;329;48736;2502217;3035138;3035140;3035142;3035146;3035147;3035152;3035153;3058596;3231757;329;3379822;3471672;3471673;3471674;3471675;3471676;3471677;3471678;3471679;3471680;3471681;48736;2937884;2957504;3058602;329;48736;329;329;3471672;3471673;3471674;3471675;3471676;3471677;3471678;3471679;3471681;48736;329;48736;54061,Ralstonia pickettii;Ralstonia;Ralstonia sp. 110700041-2;Ralstonia sp. 110760020-1;Ralstonia sp. 092160068-1;Ralstonia sp. 092160072-1;Ralstonia sp. 101480038-1;Ralstonia sp. 101480035-1;Ralstonia sp. 102690001-2;Ralstonia sp. 101120021-1;Ralstonia sp. 100540015-2,1,1,both,WP_004627825.1,WP_004628248.1,1
leptospira meyeri,1193051;29508;29508,Leptospira meyeri,1,0,nirK_only,WP_004785058.1,NA,1
cutibacterium avidum,1170318;33010;1292372;33010;1912216;33010;3414745;3414746;1912216;33010;3414753;1912216;33010;3414761;33010;33010;997355,Cutibacterium avidum;Cutibacterium;Cutibacterium sp. LaCa_87;Cutibacterium sp. LaCa_89,1,0,nirK_only,WP_004810212.1,NA,1
rothia mucilaginosa,1739269;32207;43675;316088;43675;43675;43675;553201;43675;563033;43675;680646,Rothia mucilaginosa,1,0,nirK_only,WP_005507309.1,NA,1
actinobacillus pleuropneumoniae,1224142;537457;715;754262;1628140;715;228399;715;416269;715;434271;715;715;715;754254;871925;715;754255;715;754256;715;754257;715;754258;754260;715;754259;715;754261;715;754345;715;871925,Actinobacillus pleuropneumoniae,1,0,nirK_only,WP_005603140.1,NA,1
actinobacillus ureae,723;723;887324,Actinobacillus ureae,1,0,nirK_only,WP_005622175.1,NA,1
mycolicibacterium hassiacum,1122247;46351;46351,Mycolicibacterium hassiacum,1,0,nirK_only,WP_005627969.1,NA,1
haemophilus parainfluenzae,1095745;1095746;729;1715211;724;729;740;1739452;724;729;237779;3042471;3568212;3568213;724;729;237779;724;729;740;237779;729;237779;729;888828;729;729;862965,Haemophilus parainfluenzae,1,0,nirK_only,WP_005696355.1,NA,1
haemophilus paraphrohaemolyticus,1095743;736;2866580;724;736;724;736;740;736,Haemophilus paraphrohaemolyticus,1,0,nirK_only,WP_005707720.1,NA,1
pasteurella bettyae,1095749;752;752,Pasteurella bettyae,1,0,nirK_only,WP_005760138.1,NA,1
actinobacillus minor,51047;51047;591023;51047;637911,Actinobacillus minor,1,0,nirK_only,WP_005820603.1,NA,1
gordonia hirsuta,1121927;53427,Gordonia hirsuta;Gordonia hirsuta DSM 44140 = NBRC 16056,1,0,nirK_only,WP_005938634.1,NA,1
actinomyces graevenitzii,1321817;55565;435830;55565;55565,Actinomyces graevenitzii,1,0,nirK_only,WP_021603804.1,NA,1
burkholderia humptydooensis,430531;430531;441157,Burkholderia humptydooensis,1,0,nirK_only,WP_006028856.1,NA,1
streptomyces griseoaurantiacus,1883;3028672;3028684;68213;1883;462922;68213;68213;68213;996637,Streptomyces griseoaurantiacus,1,0,nirK_only,WP_006144378.1,NA,1
myroides odoratimimus,1324934;76832;1416760;76832;883152;1458492;76831;76832;883153;1583100;76831;76832;883150;76832;76832;883151;76832;883154,Myroides odoratimimus,1,0,nirK_only,WP_006260290.1,NA,1
parascardovia denticolens,1193128;78258;641144;78258;864564;78258,Parascardovia denticolens,1,0,nirK_only,WP_006289029.1,NA,1
herbaspirillum frisingense,1953765;92645;963;2058884;92645;963;864073;92645;92645,Herbaspirillum frisingense,1,1,both,WP_006462484.1,WP_006461503.1,1
austwickia chelonae,100225;100225;1184607,Austwickia chelonae,1,0,nirK_only,WP_006503556.1,NA,1
kineosphaera limosa,111564;1184609,Kineosphaera limosa;Kineosphaera limosa NBRC 100340,1,0,nirK_only,WP_006594839.1,NA,1
rothia aeria,1125724;172042;172042;172042;2419514;32207;172042;2419515;32207;172042;888019,Rothia aeria,1,0,nirK_only,WP_006887838.1,NA,1
thermaerobacter subterraneus,175696;867903,Thermaerobacter subterraneus;Thermaerobacter subterraneus DSM 13965,1,0,nirK_only,WP_006903597.1,NA,1
chthoniobacter flavus,191863;497964,Chthoniobacter flavus;Chthoniobacter flavus Ellin428,1,0,nirK_only,WP_006980565.1,NA,1
gillisia limnaea,195907;865937,Gillisia limnaea;Gillisia limnaea DSM 15749,1,0,nirK_only,WP_006987263.1,NA,1
rhodanobacter fulvus,1163408;219571,Rhodanobacter fulvus;Rhodanobacter fulvus Jip2,1,1,both,WP_040670200.1,WP_007079879.1,1
scardovia wiggsiae,230143;230143;857290,Scardovia wiggsiae,1,0,nirK_only,WP_007147421.1,NA,1
haemophilus pittmaniae,1035188;249188;249188,Haemophilus pittmaniae,1,0,nirK_only,WP_007243346.1,NA,1
paeniglutamicibacter gangotriensis,1276920;254787;254787,Paeniglutamicibacter gangotriensis,1,0,nirK_only,WP_007271326.1,NA,1
neisseria bacilliformis,267212;267212;888742,Neisseria bacilliformis,1,1,both,WP_007343344.1,WP_040658738.1,1
psychrobacter sanguinis,861445,Psychrobacter sanguinis,1,0,nirK_only,WP_227673754.1,NA,1
rhodanobacter denitrificans,1076523;666685;75309;1076524;666685;75309;666685,Rhodanobacter denitrificans,1,0,nirK_only,WP_114345110.1,NA,1
paraglaciecola arctica,1128911;493475,Paraglaciecola arctica BSs20135;Paraglaciecola arctica,1,1,both,WP_007623603.1,WP_007615783.1,1
xanthomarina gelatinilytica,1137281;1137281;1868329;1868331;1931211,Xanthomarina gelatinilytica,1,0,nirK_only,WP_007650306.1,NA,1
rhodanobacter spathiphylli,1163407;347483,Rhodanobacter spathiphylli;Rhodanobacter spathiphylli B39,1,0,nirK_only,WP_007808207.1,NA,1
rhodanobacter glycinis,1162282;582702;75309;582702,Rhodanobacter glycinis,1,1,both,WP_140648341.1,WP_140654545.1,1
brevundimonas mediterranea,1871086;391600;41275;74329;74329,Brevundimonas mediterranea,1,0,nirK_only,WP_008262185.1,NA,1
rhodanobacter thiooxydans,1163409;416169;2778647;416169;75309;3454845;416169;75309;416169,Rhodanobacter;Rhodanobacter thiooxydans;Rhodanobacter sp. FW106-PBR-R2A-1-13,1,0,nirK_only,WP_108470401.1,NA,1
bizionia argentinensis,1046627;456455,Bizionia argentinensis;Bizionia argentinensis JUB59,1,0,nirK_only,WP_008635545.1,NA,1
galbibacter marinus,555500,Galbibacter marinus,1,0,nirK_only,WP_008991078.1,NA,1
indibacter alkaliphilus,1189612;579922,Indibacter alkaliphilus;Indibacter alkaliphilus LW1,1,0,nirK_only,WP_009034377.1,NA,1
saccharomonospora marina,632569;882083,Saccharomonospora marina;Saccharomonospora marina XMU15,1,0,nirK_only,WP_009156229.1,NA,1
cecembia lonarensis,1225176;645110,Cecembia lonarensis;Cecembia lonarensis LW9,1,0,nirK_only,WP_009184423.1,NA,1
capnocytophaga leadbetteri,1016;2545799;327575;706436;327575,Capnocytophaga leadbetteri,1,0,nirK_only,WP_009389849.1,NA,1
unclassified neisseria,1127694;2623750;3373603;3374307;655307;1715031;1739544;2623750;1715037;1715154;2623750;1715040;1715047;1715148;1739476;2623750;3436710;3436758;3436765;1715047;1739301;2623750;3436710;3436758;3436765;1715075;1739376;2623750;1715085;1715112;1739539;2623750;3436787;3436788;3436789;3436790;3436792;3436827;3436831;3436832;3436834;3436835;1715085;1739539;2623750;1715087;2623750;3436750;3436754;3436755;1715148;1739476;2623750;1739338;1739375;1739384;2623750;1739369;2623750;3436649;1739524;192066;2623750;3003683;192066;2623750;3388843;2558283;2623750;2782469;2623750;3003680;3436682;2623750;3003681;3436649;2623750;3061168;3061169;3061170;2623750;3273402;3436646;3436647;3436650;3436651;3436652;3436653;3436654;2623750;3436658;3436659;3436732;2623750;3436711;3436715;2623750;3436711;3436715;3436835;2623750;3436712;3436717;2623750;3436738;3436740;3436741;3436743;3436745;3436781;3436782;2623750;3436748;3436752;2623750;3436817;3436819;3436820;3436821;3436822,unclassified Neisseria;Neisseria sp. P0014.S002;Neisseria sp. P0014.S006,1,1,both,WP_415771841.1,WP_003683197.1,1
mobilicoccus pelagius,1089455;746032,Mobilicoccus pelagius;Mobilicoccus pelagius NBRC 104925,1,0,nirK_only,WP_009482176.1,NA,1
fulvivirga imtechensis,1237149;881893,Fulvivirga imtechensis;Fulvivirga imtechensis AK7,1,0,nirK_only,WP_009580742.1,NA,1
capnocytophaga granulosa,1016;45242;936370;45242;45242;641143,Capnocytophaga granulosa,1,0,nirK_only,WP_009642115.1,NA,1
burkholderia thailandensis,1241582;1249660;1249662;1249665;1249666;1249667;1250339;1436064;271848;441164;57975;1249663;441165;57975;869728;1249664;57975;57975,Burkholderia thailandensis,1,0,nirK_only,WP_009896214.1,NA,1
burkholderia oklahomensis,342113;342113;441162;441163,Burkholderia oklahomensis,1,0,nirK_only,WP_010109437.1,NA,1
serinicoccus profundi,1043205;1078471,Serinicoccus profundi MCCC 1A05965;Serinicoccus profundi,1,0,nirK_only,WP_010146615.1,NA,1
brachybacterium paraconglomeratum,1064537;173362;1704590;173362;43668;173362,Brachybacterium paraconglomeratum,1,1,both,WP_345082337.1,WP_010552114.1,1
leptospira broomii,1049789;301541,Leptospira broomii;Leptospira broomii serovar Hurstbridge str. 5399,1,0,nirK_only,WP_010568962.1,NA,1
rhodococcus ruber,1219025;1240349;1827;1830;2907624;3003588;3047468;3119531;3392190;3434112;3473797;3475172;450821;1827;1830;1831;1830,Rhodococcus ruber,1,0,nirK_only,WP_010594453.1,NA,1
brucella anthropi,1151114;234;255457;2886044;3075479;3075482;3381346;529;1201037;529;255457;2826938;2856166;2986424;529;2826938;2856166;2986424;439375;529;439375;529;529,Brucella anthropi,1,1,both,WP_010661462.1,WP_010657863.1,1
lunatimonas lonarensis,1232681,Lunatimonas lonarensis,1,0,nirK_only,WP_010855652.1,NA,1
bdellovibrio bacteriovorus,1069642;3379853;958;264462;959;28201;958;959;3391182;958;959;959,Bdellovibrio bacteriovorus,1,0,nirK_only,WP_063209745.1,NA,1
pseudoalteromonas nigrifaciens,114053;1434839;166935;2760929;2760960;2792047;28109;2820756;3071082;3140420;3140421;3140422;3140423;3140424;3140425;3140426;3140427;3140430;3140440;3140486;53246;182141;28109;2951137;53246;28109;28109;53246;53249,Pseudoalteromonas nigrifaciens;Pseudoalteromonas;Pseudoalteromonas prydzensis;Pseudoalteromonas sp. KG3,1,1,both,WP_011328157.1,WP_192543017.1,1
nitrosospira multiformis,1231;1231;323848,Nitrosospira multiformis,1,0,nirK_only,WP_011381313.1,NA,1
unclassified nocardioides,196162;2003120;2615069;2615069;3273410;3406465,unclassified Nocardioides;Nocardioides sp. GCM10030259;Nocardioides sp. CPCC 206349,1,0,nirK_only,WP_011755556.1,NA,1
polaromonas naphthalenivorans,216465;365044,Polaromonas naphthalenivorans;Polaromonas naphthalenivorans CJ2,1,1,both,WP_011800732.1,WP_011800915.1,1
mycolicibacterium gilvum,1804;1804;1866885;2853535;1804;278137,Mycolicibacterium gilvum,1,0,nirK_only,WP_011894347.1,NA,1
flavobacterium johnsoniae,237;3453866;3453953;986;376686;986;986,Flavobacterium johnsoniae,1,0,nirK_only,WP_012024484.1,NA,1
actinobacillus succinogenes,339671;67854;67854;712;908285,Pasteurellaceae;Actinobacillus succinogenes;Necropsobacter rosorum,1,0,nirK_only,WP_012072723.1,NA,1
parvibaculum lavamentivorans,256618;402881,Parvibaculum lavamentivorans;Parvibaculum lavamentivorans DS-1,1,0,nirK_only,WP_012109888.1,NA,1
candidatus neomicrothrix,1229780;2719034;41949;1231054;2719034;41949;2719034,Candidatus Neomicrothrix sp.,1,0,nirK_only,WP_289010869.1,NA,1
chloroflexus aurantiacus,1107;1108;1904827;324602;1108,Chloroflexus aurantiacus,1,1,both,WP_012257443.1,WP_012256469.1,1
leptospira biflexa,172;172;355278;456481,Leptospira biflexa,1,0,nirK_only,WP_012476189.1,NA,1
phenylobacterium zucineum,284016;450851,Phenylobacterium zucineum;Phenylobacterium zucineum HLK1,1,1,both,WP_012521176.1,WP_012520897.1,1
afipia carboxidovorans,1031710;40137;504832;40137,Afipia carboxidovorans,1,0,nirK_only,WP_012564379.1,NA,1
corynebacterium kroppenstedtii,161879;161879;1716;3092263;3092265;3462567;161879;645127,Corynebacterium kroppenstedtii,1,0,nirK_only,WP_012730792.1,NA,1
jonesia denitrificans,43674;471856,Jonesia denitrificans;Jonesia denitrificans DSM 20603,1,0,nirK_only,WP_012805930.1,NA,1
rhodothermus marinus,29549;29549;518766;29549;762569;762570,Rhodothermus marinus,1,0,nirK_only,WP_012843710.1,NA,1
sphaerobacter thermophilus,2057;2057;479434,Sphaerobacter thermophilus,1,1,both,WP_012870640.1,WP_169308167.1,1
thermobaculum terrenum,166501;525904,Thermobaculum terrenum;Thermobaculum terrenum ATCC BAA-798,1,1,both,WP_012876081.1,WP_012874468.1,1
streptosporangium roseum,2001;2001;479432,Streptosporangium roseum,1,0,nirK_only,WP_012890895.1,NA,1
caulobacter segnis,509190;88688;88688,Caulobacter segnis,1,1,both,WP_013080130.1,WP_454718248.1,1
cellulomonas flavigena,1711;446466,Cellulomonas flavigena;Cellulomonas flavigena DSM 20109,1,0,nirK_only,WP_013116999.1,NA,1
propionibacterium freudenreichii,1744;1744;1749;31957;1744;1752;1744;1752;66712;754252;1744;66712,Propionibacterium freudenreichii,1,0,nirK_only,WP_044636495.1,NA,1
ralstonia solanacearum,1031711;1431453;305;1091042;305;3116862;3119586;1310167;1310168;1944648;28097;305;3116862;859657;1310167;305;3116862;305;305;3116862;3119581;3119582;3119583;3119584;342110;564065;564066;305;3116862;3119581;3119582;3119583;3119584;564066;305;342110;305;564065;305;859656;305;859657;3119585,Ralstonia solanacearum species complex bacterium KE056,1,1,both,WP_013207410.1,WP_003263011.1,1
glutamicibacter arilaitensis,1742989;1931995;256701;1742989;1931995;256701;861360;256701,Glutamicibacter arilaitensis,1,0,nirK_only,WP_442347533.1,NA,1
rothia dentocariosa,2047;2047;563032;2047;762948,Rothia dentocariosa,1,0,nirK_only,WP_013398314.1,NA,1
marivirga tractuosa,1006;1006;643867,Marivirga tractuosa,1,0,nirK_only,WP_013454821.1,NA,1
intrasporangium calvum,53358;53358;710696,Intrasporangium calvum,1,0,nirK_only,WP_013494195.1,NA,1
pseudoxanthomonas suwonensis,314722;314722;743721;314722;935566;314722;935567;935568,Pseudoxanthomonas suwonensis,1,0,nirK_only,WP_024867522.1,NA,1
gallibacterium anatis,1005058;750;1121910;750;1195244;750;1396510;750;1396511;750;1396512;750;1396513;750;1396514;750;1396515;750;750,Gallibacterium anatis,1,0,nirK_only,WP_013746551.1,NA,1
cellulomonas fimi,1708;1708;590998,Cellulomonas fimi,1,0,nirK_only,WP_013770499.1,NA,1
cellulomonas gilvus,11;593907,Cellulomonas gilvus;Cellulomonas gilvus ATCC 13127,1,0,nirK_only,WP_013884266.1,NA,1
flagellimonas ruestringensis,111501;886377,Flagellimonas ruestringensis;Allomuricauda ruestringensis DSM 13258,1,0,nirK_only,WP_014033983.1,NA,1
flavobacterium columnare,1041826;996;1218111;996;237;2906076;3463858;996;237;2906076;996;237;2906077;996;996,Flavobacterium columnare,1,0,nirK_only,WP_014164441.1,NA,1
azospirillum baldaniorum,1064539,Azospirillum baldaniorum,1,1,both,WP_014198947.1,WP_041814693.1,1
azospirillum lipoferum,191;193;3082952;193;862719,Azospirillum;Azospirillum lipoferum;Azospirillum sp. NL1,1,1,both,WP_014249378.1,WP_014188971.1,1
corynebacterium pseudotuberculosis,1074485;1168865;1719;935697;1087451;1719;1087452;1087453;1089446;1117942;1719;681645;765874;889513;935298;1161911;1719;1719;1719;679896,Corynebacterium pseudotuberculosis,1,0,nirK_only,WP_014300539.1,NA,1
blastococcus saxobsidens,1146883;138336,Blastococcus saxobsidens;Blastococcus saxobsidens DD2,1,0,nirK_only,WP_014378535.1,NA,1
mycobacterium intracellulare,1138383;120793;35617;1138383;1232724;1763;1767;3037257;3042316;3042319;35617;1767,Mycobacterium intracellulare subsp. intracellulare;Mycobacterium avium complex (MAC);Mycobacterium paraintracellulare,1,0,nirK_only,WP_014384341.1,NA,1
solitalea canadensis,929556;995,Solitalea canadensis;Solitalea canadensis DSM 3403,1,0,nirK_only,WP_014681135.1,NA,1
belliella baltica,232259;866536,Belliella baltica;Belliella baltica DSM 15883,1,0,nirK_only,WP_014772552.1,NA,1
aequorivita sublithincola,101385;746697,Aequorivita sublithincola;Aequorivita sublithincola DSM 14238,1,0,nirK_only,WP_014780896.1,NA,1
turneriella parva,29510;869212,Turneriella parva;Turneriella parva DSM 21527,1,0,nirK_only,WP_014803251.1,NA,1
arachnia propionica,1218109;1750;1750;1750;767029,Arachnia propionica,1,0,nirK_only,WP_014845911.1,NA,1
actinobacillus suis,696748;716;743972;716,Actinobacillus suis,1,0,nirK_only,WP_014992140.1,NA,1
bifidobacterium asteroides,1147128;1437594;1684;1678;1684;2750975;1678;1684;2750988;1678;1684;3448588;1684,Bifidobacterium asteroides,1,0,nirK_only,WP_015022186.1,NA,1
acidipropionibacterium acidipropionici,1111734;1171373;1748;1748,Acidipropionibacterium acidipropionici,1,0,nirK_only,WP_015068999.1,NA,1
stutzerimonas stutzeri,1109445;316;1176257;2901164;316;1200345;2482751;2901164;316;3470287;996285;1210443;316;1211807;1212548;316;578833;1211807;203192;316;578833;1211807;316;578833;1333856;316;135621;1499686;316;135621;1586417;2058311;2901168;316;135621;2610900;2705472;316;135621;2916654;316;3392115;203192;316;578833;2901164;3110917;3110918;316;379731;2901164;316;3369415;2901164;316;3384601;2901164;316;3470287;2901164;316;3595649;316;316;32042;316;644801,Stutzerimonas stutzeri,1,1,both,WP_026012555.1,WP_213663343.1,1
hyphomicrobium denitrificans,53399;582899;53399;670307,Hyphomicrobium denitrificans;Hyphomicrobium denitrificans 1NES1,1,1,both,WP_015596837.1,WP_013217465.1,1
leptospira yanagawae,1249483;293069,Leptospira yanagawae;Leptospira yanagawae serovar Saopaulo str. Sao Paulo = ATCC 700523,1,0,nirK_only,WP_015676088.1,NA,1
kangiella koreensis,261964;523791,Kangiella koreensis;Kangiella koreensis DSM 16069,1,0,nirK_only,WP_015781039.1,NA,1
methylotenera mobilis,1132855;359408;359408;583345,Methylotenera mobilis;Methylotenera mobilis JLW8,1,1,both,WP_015832005.1,WP_019899553.1,1
chloroflexus aggregans,152260;326427,Chloroflexus aggregans;Chloroflexus aggregans DSM 9485,1,0,nirK_only,WP_015940554.1,NA,1
elizabethkingia meningoseptica,238;238;3003194;308865,Elizabethkingia meningoseptica,1,0,nirK_only,WP_016199137.1,NA,1
unclassified corynebacterium,1078764;2624378;3032335;1715027;1739403;2624378;1739353;1739489;2624378;2624378;3050196;3050210,unclassified Corynebacterium;Corynebacterium sp. MSK047;Corynebacterium sp. MSK151,1,0,nirK_only,WP_016421792.1,NA,1
leptospira fainei,1193011;48782,Leptospira fainei;Leptospira fainei serovar Hurstbridge str. BUT 6,1,0,nirK_only,WP_016547624.1,NA,1
dermabacter jinjuensis,1203568;1667168;36739;1667168,Dermabacter jinjuensis,1,0,nirK_only,WP_016663936.1,NA,1
pedobacter arcticus,1206103;752140,Pedobacter arcticus;Pedobacter arcticus A12,1,0,nirK_only,WP_017258080.1,NA,1
dyella ginsengisoli,1234364;363848;363848,Dyella ginsengisoli,1,0,nirK_only,WP_017463945.1,NA,1
brachybacterium muris,1249481;219301;219301,Brachybacterium muris,1,0,nirK_only,WP_017822222.1,NA,1
unclassified janthinobacterium,1075768;2610881;3071707;1075768;2610881;3071707;3349634;1537272;1537274;1537275;1537278;2610881;1537279;2480809;2610881;1855295;2035207;2610881;1981502;1981503;1981505;1981506;2610881;2610881;2775057;2775058;2610881;2804585;2804586;2804587;2610881;3014787;3014788,Janthinobacterium sp. CG3;unclassified Janthinobacterium;Janthinobacterium sp. CG_S6;Janthinobacterium sp. CG_23.3,1,1,both,WP_017875279.1,WP_017876628.1,1
kaistia granuli,1122132;363259,Kaistia granuli;Kaistia granuli DSM 23481,1,1,both,WP_018182795.1,WP_156830891.1,1
timonella senegalensis,1095772;1465825;1465825,Timonella senegalensis,1,0,nirK_only,WP_019149290.1,NA,1
pseudoxanthomonas taiwanensis,1211114;2493087;2493088;83618;935569;935851;176598,Pseudoxanthomonas taiwanensis,1,0,nirK_only,WP_019398253.1,NA,1
dyella japonica,1217721;231455;1440762;231455,Dyella japonica;Dyella japonica DSM 16301,1,0,nirK_only,WP_046972784.1,NA,1
hymenobacter aerophilus,1121953;119644,Hymenobacter aerophilus;Hymenobacter aerophilus DSM 13606,1,0,nirK_only,WP_019948657.1,NA,1
nonomuraea coxensis,1122611;404386,Nonomuraea coxensis;Nonomuraea coxensis DSM 45129,1,1,both,WP_020544506.1,WP_211212869.1,1
methylosarcina fibrata,105972;1132443,Methylosarcina fibrata;Methylosarcina fibrata AML-C10,1,0,nirK_only,WP_020564486.1,NA,1
solimonas variicoloris,1123256;254408,Solimonas variicoloris;Solimonas variicoloris DSM 15731,1,0,nirK_only,WP_020649619.1,NA,1
ralstonia pseudosolanacearum,1262456;1310165;1310165;1310165;1335617;1310165;267608;1310165;3037696;3116862;3119587;1310165;3116862;3119580;1310165;3116862;3119587,Ralstonia pseudosolanacearum,1,1,both,WP_119417734.1,WP_071624030.1,1
cyclobacterium qasimii,1350429;641524,Cyclobacterium qasimii M12-11B;Cyclobacterium qasimii,1,0,nirK_only,WP_020892055.1,NA,1
salinisphaera shabanensis,1033802;180542;1304276;180542,Salinisphaera shabanensis;Salinisphaera shabanensis T35B1,1,0,nirK_only,WP_021031782.1,NA,1
elizabethkingia miricola,1117645;1355388;172045;2575699;2957806;308865;172045;172045;1883430;308865;172045;3003195;308865,Elizabethkingia miricola,1,0,nirK_only,WP_021346262.1,NA,1
propionibacterium acidifaciens,1122994;556499;553198;556499;556499,Propionibacterium acidifaciens,1,0,nirK_only,WP_021797038.1,NA,1
fodinicurvata sediminis,1121832;570952,Fodinicurvata sediminis DSM 21159;Fodinicurvata sediminis,1,1,both,WP_022730048.1,WP_022727195.1,1
deinococcus ficus,1121379;317577;317577,Deinococcus ficus;Deinococcus ficus DSM 19119,1,0,nirK_only,WP_022802720.1,NA,1
humibacter albus,1121952;427754,Humibacter albus;Humibacter albus DSM 18994,1,0,nirK_only,WP_022900377.1,NA,1
ruania albidiflava,1123065;366586;366586,Ruania albidiflava,1,0,nirK_only,WP_022918574.1,NA,1
ornithinimicrobium pekingense,1122622;384677;384677,Ornithinimicrobium pekingense,1,0,nirK_only,WP_022922694.1,NA,1
arenimonas oryziterrae,1121015;498055,Arenimonas oryziterrae;Arenimonas oryziterrae DSM 21050 = YC6267,1,1,both,WP_022969173.1,WP_022969056.1,1
alloalcanivorax xenomutans,1094342,Alloalcanivorax xenomutans,1,0,nirK_only,WP_200866119.1,NA,1
lutibaculum baratangense,1358440;631454,Lutibaculum baratangense AMV1;Lutibaculum baratangense,1,1,both,WP_023433617.1,WP_023430496.1,1
flavobacterium cauense,1341154;510946,Flavobacterium cauense;Flavobacterium cauense R2A-7,1,0,nirK_only,WP_023570916.1,NA,1
flavobacterium enshiense,1107311;1341165;1341165;237;2986826,Flavobacterium;Flavobacterium enshiense;Flavobacterium sp. N1946,1,0,nirK_only,WP_023573557.1,NA,1
flavobacterium saliperosum,1341155;329186,Flavobacterium saliperosum;Flavobacterium saliperosum S13,1,0,nirK_only,WP_023575248.1,NA,1
flavobacterium limnosediminis,1341181;1401027,Flavobacterium limnosediminis JC2902;Flavobacterium limnosediminis,1,0,nirK_only,WP_023578267.1,NA,1
comamonas badia,1121348;265291,Comamonas badia;Comamonas badia DSM 17552,1,0,nirK_only,WP_024538875.1,NA,1
elizabethkingia anophelis,1117645;1117645;1338016;1338017,Elizabethkingia anophelis,1,0,nirK_only,WP_024566933.1,NA,1
unclassified bifidobacterium,1394176;2025113;2608897;2608897;2750941;2751017;2608897;2817960;2817961;2608897;2817963;2817964;2817965;2608897;2817966;2817967;2817968,unclassified Bifidobacterium;Bifidobacterium sp. B4079;Bifidobacterium sp. B4001,1,0,nirK_only,WP_024626637.1,NA,1
aquimarina macrocephali,1443665;666563,Aquimarina macrocephali;Aquimarina macrocephali JAMB N27,1,0,nirK_only,WP_024772224.1,NA,1
tomitella biformata,1448389;630403,Tomitella biformata;Tomitella biformata AHU 1821,1,0,nirK_only,WP_024793552.1,NA,1
unclassified aminobacter,2644704;2817728;2817838;2817840;2644704;3232577;3232598;3232610;3232619;2644704;3232751;3232757;2644704;935260;935261,unclassified Aminobacter;Aminobacter sp. 01T427;Aminobacter sp. 01T433,1,1,both,WP_024849411.1,WP_245263675.1,1
actinomadura welshii,3103817,Actinomadura welshii,1,0,nirK_only,WP_024935164.1,NA,1
nitrosospira briensis,1266925;35799;35799,Nitrosospira briensis,1,0,nirK_only,WP_025042067.1,NA,1
pontibacter actiniarum,323450;709015,Pontibacter actiniarum;Pontibacter actiniarum DSM 19842,1,0,nirK_only,WP_025605774.1,NA,1
aquimarina megaterium,1296416;2787734;2787735;2787736;290174,Aquimarina;Aquimarina megaterium XH134;Aquimarina sp. EL_32;Aquimarina sp. EL_35;Aquimarina sp. EL_43,1,0,nirK_only,WP_025666802.1,NA,1
avibacterium paragallinarum,1278971;1351754;728;728;728;948565,Avibacterium paragallinarum,1,0,nirK_only,WP_194750722.1,NA,1
aestuariimicrobium kwangyangense,1120954;396389,Aestuariimicrobium kwangyangense;Aestuariimicrobium kwangyangense DSM 21549,1,0,nirK_only,WP_026377622.1,NA,1
aequorivita capsosiphonis,1120951;487317,Aequorivita capsosiphonis;Aequorivita capsosiphonis DSM 23843,1,0,nirK_only,WP_026452345.1,NA,1
arenimonas composti,1121013;370776,Arenimonas composti;Arenimonas composti TR7-09 = DSM 18010,1,0,nirK_only,WP_026816782.1,NA,1
gulosibacter molinativorax,1121934;256821,Gulosibacter molinativorax;Gulosibacter molinativorax DSM 13485,1,0,nirK_only,WP_026937061.1,NA,1
fodinicurvata fenggangensis,1121830;570967,Fodinicurvata fenggangensis DSM 21160;Fodinicurvata fenggangensis,1,1,both,WP_051609276.1,WP_035723177.1,1
novilysobacter defluvii,1385515;391738,Novilysobacter defluvii;Lysobacter defluvii IMMIB APB-9 = DSM 18482,1,0,nirK_only,WP_081677804.1,NA,1
luteimonas mephitis,1122183;83615,Luteimonas mephitis;Luteimonas mephitis DSM 12574,1,0,nirK_only,WP_027079342.1,NA,1
gelidibacter mesophilus,1121912;169050,Gelidibacter mesophilus;Gelidibacter mesophilus DSM 14095,1,0,nirK_only,WP_027124733.1,NA,1
kaistella palustris,1121288;493376,Kaistella palustris;Kaistella palustris DSM 21579,1,0,nirK_only,WP_027376684.1,NA,1
epilithonimonas tenax,1121870;1245592;1792309;2782232;2855443,Epilithonimonas tenax DSM 16811;Epilithonimonas ginsengisoli;Chryseobacterium sp. FP211-J200;Chryseobacterium group;Epilithonimonas sp. FP105,1,0,nirK_only,WP_028122310.1,NA,1
brackiella oedipodis,1121118;124225,Brackiella oedipodis;Brackiella oedipodis DSM 13743,1,0,nirK_only,WP_028356976.1,NA,1
acidipropionibacterium jensenii,1122997;1749;1749,Acidipropionibacterium jensenii,1,0,nirK_only,WP_028702039.1,NA,1
thermomonas fusca,1123377;215690;215690,Thermomonas fusca,1,0,nirK_only,WP_028838532.1,NA,1
pseudonocardia asaccharolytica,1123024;54010,Pseudonocardia asaccharolytica;Pseudonocardia asaccharolytica DSM 44247 = NBRC 16224,1,0,nirK_only,WP_028931349.1,NA,1
salinimicrobium terrae,1123234;470866,Salinimicrobium terrae;Salinimicrobium terrae DSM 17865,1,0,nirK_only,WP_029034099.1,NA,1
microbacterium luticocti,1122239;451764,Microbacterium luticocti;Microbacterium luticocti DSM 19459,1,0,nirK_only,WP_029146332.1,NA,1
arsenicicoccus bolidensis,1121017;229480;1946055;229480;267408;1946056;229480;267408;229480,Arsenicicoccus bolidensis,1,0,nirK_only,WP_029211464.1,NA,1
chryseobacterium hispalense,1453492;491205,Chryseobacterium hispalense DSM 25574;Chryseobacterium hispalense,1,0,nirK_only,WP_029292712.1,NA,1
brachybacterium squillarum,1074488;661979;661979,Brachybacterium squillarum,1,1,both,WP_029362740.1,WP_264450332.1,1
dietzia alimentaria,1077144;665550,Dietzia alimentaria;Dietzia alimentaria 72,1,0,nirK_only,WP_029457475.1,NA,1
polaromonas glacialis,866564,Polaromonas glacialis,1,0,nirK_only,WP_029525376.1,NA,1
phycicoccus jejuensis,367299,Phycicoccus jejuensis,1,0,nirK_only,WP_030527485.1,NA,1
streptomyces albus,1888;67257,Streptomyces albus;Streptomyces albus subsp. albus,1,0,nirK_only,WP_030546883.1,NA,1
necropsobacter rosorum,908285,Necropsobacter rosorum,1,0,nirK_only,WP_032092121.1,NA,1
kingella negevensis,1522312,Kingella negevensis,1,1,both,WP_032137236.1,WP_032137687.1,1
psychroserpens jangbogonensis,1484460,Psychroserpens jangbogonensis,1,0,nirK_only,WP_033961500.1,NA,1
wocania ichthyoenteri,1230531;1380600,Wocania ichthyoenteri;Wocania ichthyoenteri Th78,1,0,nirK_only,WP_034042781.1,NA,1
arenimonas metalli,1384056;948077,Arenimonas metalli;Arenimonas metalli CF5-1,1,0,nirK_only,WP_034210261.1,NA,1
arenimonas donghaensis,1121014;375061,Arenimonas donghaensis;Arenimonas donghaensis DSM 18148 = HO3-R19,1,0,nirK_only,WP_034222766.1,NA,1
aquimarina atlantica,1317122,Aquimarina atlantica,1,0,nirK_only,WP_034246125.1,NA,1
alysiella crassa,1120980;153491,Alysiella crassa;Alysiella crassa DSM 2578,1,1,both,WP_034291665.1,WP_034293993.1,1
dermabacter hominis,1349750;36740;1450519;36740;36740,Dermabacter hominis,1,0,nirK_only,WP_034372054.1,NA,1
capnocytophaga periodontitidis,1016;1035193;2795027;2795027,Capnocytophaga periodontitidis,1,0,nirK_only,WP_034555542.1,NA,1
intrasporangium chromatireducens,1386088;584657,Intrasporangium chromatireducens Q5-1;Intrasporangium chromatireducens,1,0,nirK_only,WP_034716229.1,NA,1
janthinobacterium lividum,1560195;1766683;2048009;29580;29581;2899077;29580;29581;29581,Janthinobacterium lividum,1,0,nirK_only,WP_071075487.1,NA,1
elizabethkingia bruuniana,1756149;1756149;3003190;308865,Elizabethkingia;Elizabethkingia bruuniana;Elizabethkingia sp. HX WHF,1,0,nirK_only,WP_034866852.1,NA,1
aquimarina muelleri,1121007;279356;279356,Aquimarina muelleri,1,0,nirK_only,WP_035089322.1,NA,1
corynebacterium freneyi,1287475;134034;134034,Corynebacterium freneyi,1,0,nirK_only,WP_035123261.1,NA,1
flavobacterium aquatile,1453498;245,Flavobacterium aquatile;Flavobacterium aquatile LMG 4008 = ATCC 11947,1,0,nirK_only,WP_035125410.1,NA,1
flavobacterium hydatis,991,Flavobacterium hydatis,1,0,nirK_only,WP_035623105.1,NA,1
flavobacterium gilvum,1492737,Flavobacterium gilvum,1,0,nirK_only,WP_035637728.1,NA,1
azospirillum brasilense,1262469;1685931;191;192;1262469;192;191;192;2802052;191;192;416170;192,Azospirillum brasilense,1,1,both,WP_035680909.1,WP_307833717.1,1
flavobacterium reichenbachii,362418,Flavobacterium reichenbachii,1,0,nirK_only,WP_035683926.1,NA,1
flavobacterium sasangense,1121896;503361,Flavobacterium sasangense;Flavobacterium sasangense DSM 21067,1,0,nirK_only,WP_035693312.1,NA,1
gordonia shandongensis,1121928;376351,Gordonia shandongensis;Gordonia shandongensis DSM 45094,1,0,nirK_only,WP_084638087.1,NA,1
flavobacterium suncheonense,1121899;350894;350894,Flavobacterium suncheonense,1,0,nirK_only,WP_035744352.1,NA,1
jonesia quinghaiensis,1122130;262806,Jonesia quinghaiensis;Jonesia quinghaiensis DSM 15701,1,0,nirK_only,WP_035832735.1,NA,1
knoellia aerolata,1385519;442954,Knoellia aerolata;Knoellia aerolata DSM 18566,1,0,nirK_only,WP_035935273.1,NA,1
kocuria marina,1049583;223184;1049583;2719588;3073548;57493;223184;223184;3073550;57493,Kocuria marina,1,0,nirK_only,WP_035964876.1,NA,1
mangrovimonas yunxiaonensis,1197477,Mangrovimonas yunxiaonensis,1,0,nirK_only,WP_036123744.1,NA,1
aerolutibacter daejeonensis,1385517;346181,Aerolutibacter daejeonensis;Lysobacter daejeonensis GH1-9,1,1,both,WP_036139085.1,WP_036134225.1,1
noviluteimonas dokdonensis,1300345;414050,Noviluteimonas dokdonensis;Lysobacter dokdonensis DS-58,1,0,nirK_only,WP_036169289.1,NA,1
lysobacter concretionis,1122185;2762611;32033,Lysobacteraceae;Lysobacter concretionis Ko07 = DSM 16239;Lysobacter sp. CW239,1,1,both,WP_036195064.1,WP_036192583.1,1
lysobacter arseniciresistens,1385522;913325,Lysobacter arseniciresistens ZS79;Novilysobacter arseniciresistens,1,0,nirK_only,WP_036209461.1,NA,1
cutibacterium granulosum,1160719;33011;1292373;33011;1912216;33011;3414763;33011,Cutibacterium granulosum,1,0,nirK_only,WP_036957226.1,NA,1
spirillospora albida,58123,Spirillospora albida,1,0,nirK_only,WP_037559578.1,NA,1
stenoxybacter acetivorans,1123296;422441,Stenoxybacter acetivorans;Stenoxybacter acetivorans DSM 19021,1,0,nirK_only,WP_037587779.1,NA,1
xenophilus azovorans,1123504;151755,Xenophilus azovorans;Xenophilus azovorans DSM 13620,1,0,nirK_only,WP_038203852.1,NA,1
formosa agariphila,1347342;320324,Formosa agariphila;Formosa agariphila KMM 3901,1,0,nirK_only,WP_038530589.1,NA,1
dyella jiangningensis,1379159,Dyella jiangningensis,1,0,nirK_only,WP_038615061.1,NA,1
corynebacterium amycolatum,1487956;1716;43765;1581090;159447;1715130;1716;1739364;2715677;2918185;43765;1581103;1716;43765;159447;1716;1739424;43765;1715042;1715160;1716;1739464;2044585;3050191;43765;1715136;1716;1739382;3050189;43765;1716;1739351;2044580;43765;1716;2044581;43765;1716;2044583;43765;43765,Corynebacterium amycolatum,1,0,nirK_only,WP_038627207.1,NA,1
gallibacterium genomosp.,155515;155517,Gallibacterium genomosp. 1,1,0,nirK_only,WP_039172957.1,NA,1
flavihumibacter solisilvae,1349421,Flavihumibacter solisilvae,1,0,nirK_only,WP_039140371.1,NA,1
actinobacillus equuli,202947;202948;718;202947;718;202948;718,Actinobacillus equuli;Actinobacillus equuli subsp. haemolyticus,1,0,nirK_only,WP_039197801.1,NA,1
kaistella jeonii,266749,Kaistella jeonii,1,0,nirK_only,WP_039348950.1,NA,1
tessaracoccus massiliensis,1522311,Tessaracoccus massiliensis,1,0,nirK_only,WP_040283234.1,NA,1
capnocytophaga sputigena,1019;1019;553177,Capnocytophaga sputigena,1,0,nirK_only,WP_095897523.1,NA,1
imtechella halotolerans,1165090;946077,Imtechella halotolerans K1;Imtechella halotolerans,1,0,nirK_only,WP_040488768.1,NA,1
scardovia inopinata,1150468;641146;78259;78259,Scardovia inopinata,1,0,nirK_only,WP_040590528.1,NA,1
necropsobacter massiliensis,1400001,Necropsobacter massiliensis,1,0,nirK_only,WP_040976173.1,NA,1
[mannheimia] succiniciproducens,157673;221988,[Mannheimia] succiniciproducens;[Mannheimia] succiniciproducens MBEL55E,1,0,nirK_only,WP_041639647.1,NA,1
myroides profundi,480520,Myroides profundi,1,0,nirK_only,WP_041893847.1,NA,1
comamonas aquatica,1219031;225991;283;3096047;1457173;225991;225991;225991;2605745;283,Comamonas aquatica,1,0,nirK_only,WP_042414889.1,NA,1
flavobacterium pectinovorum,1587524;237;29533;237;29533;3681957;3681959;29533,Flavobacterium pectinovorum,1,0,nirK_only,WP_243230292.1,NA,1
chryseobacterium daecheongense,1679494;1813611;192389;2183997;2604424;2884873;2920939;311334;3366770;3710691;3710692;59732;192389,Chryseobacterium daecheongense,1,0,nirK_only,WP_042721878.1,NA,1
enteractinococcus helveticum,1837282,Enteractinococcus helveticum,1,0,nirK_only,WP_043055390.1,NA,1
arenimonas malthae,1384054;354197,Arenimonas malthae;Arenimonas malthae CC-JY-1,1,0,nirK_only,WP_043805084.1,NA,1
bifidobacterium bohemicum,1437606;638617;638617,Bifidobacterium bohemicum;Bifidobacterium bohemicum DSM 22767,1,0,nirK_only,WP_044098086.1,NA,1
mannheimia massilioguelmaensis,1604354,Mannheimia massilioguelmaensis,1,0,nirK_only,WP_044470845.1,NA,1
aequorivita vladivostokensis,153265;1548749;171194,Aequorivita;Aequorivita vladivostokensis;Aequorivita aquimaris,1,0,nirK_only,WP_045079976.1,NA,1
ralstonia chuxiongensis,2957504;2957504;3243016;48736;54061;2957504;48736;54061,Ralstonia chuxiongensis,1,1,both,WP_045202032.1,WP_394373662.1,1
unclassified flavobacterium,1603293;196869;239;3459700;3459701;1699134;1699509;196869;2161662;1761784;1882758;196869;196869;1975676;239;3045781;3096538;196869;239;3031997;196869;2478552;2897328;196869;2675875;2783790;196869;3088354;3384157;196869;3232501;3232524,unclassified Flavobacterium;Flavobacterium sp. P2_G10;Flavobacterium sp. P3_A6,1,0,nirK_only,WP_477185062.1,NA,1
mycolicibacter arupensis,342002,Mycolicibacter arupensis,1,0,nirK_only,WP_046187658.1,NA,1
uncultured corynebacterium,159447;159447;1716;2828363;2913505;159447;1881619,uncultured Corynebacterium sp.,1,0,nirK_only,WP_046205306.1,NA,1
caldimonas brevitalea,413882,Caldimonas brevitalea,1,1,both,WP_047196140.1,WP_047194490.1,1
mycolicibacter heraklionensis,512402,Mycolicibacter heraklionensis,1,0,nirK_only,WP_082957188.1,NA,1
mycobacterium nebraskense,244292,Mycobacterium nebraskense,1,0,nirK_only,WP_047322265.1,NA,1
neisseria arctica,1470200,Neisseria arctica,1,1,both,WP_047761346.1,WP_047761317.1,1
tenacibaculum mesophilum,104267;104268;2358479;2917762;104267;104268;3155930;3155931;104268,Tenacibaculum mesophilum,1,0,nirK_only,WP_047788910.1,NA,1
cyclobacterium amurskyense,320787;320787;3472710;68288,Cyclobacterium amurskyense,1,0,nirK_only,WP_048640173.1,NA,1
nitratireductor soli,1670619,Nitratireductor soli,1,1,both,WP_048645861.1,WP_048648626.1,1
morococcus cerebrosus,1056807,Morococcus cerebrosus,1,1,both,WP_049229080.1,WP_049227592.1,1
neisseria perflava,192066;2972775;33053;3436665;3436666;3436667;3436668;3436669;3436670;3436671;3436672;3436673;3436674;482;33053;33053;482;547045,Neisseria perflava,1,1,both,WP_253353544.1,WP_101755362.1,1
haemophilus influenzae,724;727;729;727,Haemophilus influenzae,1,0,nirK_only,WP_049362564.1,NA,1
mycolicibacter sinensis,1288388;1762;2492438;875328;875328,Mycolicibacter sinensis,1,0,nirK_only,WP_082946987.1,NA,1
nocardiopsis alkaliphila,1246461;225762,Nocardiopsis alkaliphila;Nocardiopsis alkaliphila YIM 80379,1,1,both,WP_051045906.1,WP_017606015.1,1
salisaeta longa,1089550;503170,Salisaeta longa;Salisaeta longa DSM 21114,1,0,nirK_only,WP_051141251.1,NA,1
nocardia niigatensis,1206733;209249;209249,Nocardia niigatensis,1,0,nirK_only,WP_051152174.1,NA,1
arenibacter certesii,1121011;228955,Arenibacter certesii;Arenibacter certesii DSM 19833,1,0,nirK_only,WP_051315723.1,NA,1
zhouia amylolytica,1286632;376730;376730,Zhouia amylolytica,1,0,nirK_only,WP_051413363.1,NA,1
aquamicrobium defluvii,69279,Aquamicrobium defluvii,1,1,both,WP_051520767.1,WP_035024575.1,1
methylobacter tundripaludum,1408450;173365;1408451;173365;173365;173365;2051955;429,Methylobacter;Methylobacter tundripaludum;Methylobacter sp.,1,0,nirK_only,WP_051604114.1,NA,1
streptomyces anulatus,1522763;1883;1892,Streptomyces;Streptomyces anulatus;Streptomyces sp. ADI98-10,1,0,nirK_only,WP_051860311.1,NA,1
streptomyces aureus,193461,Streptomyces aureus,1,0,nirK_only,WP_051900902.1,NA,1
methylomarinum vadi,438855,Methylomarinum vadi,1,0,nirK_only,WP_051906305.1,NA,1
thermorudis peleae,1382356,Thermorudis peleae,1,0,nirK_only,WP_051914749.1,NA,1
bifidobacterium coryneforme,1341694;1687;1437599;1687;1687,Bifidobacterium coryneforme,1,0,nirK_only,WP_052108822.1,NA,1
pseudorhizobium banfieldiae,1125847,Pseudorhizobium banfieldiae,1,1,both,WP_052637304.1,WP_052638506.1,1
bifidobacterium mellis,1293823,Bifidobacterium mellis,1,0,nirK_only,WP_052690772.1,NA,1
bifidobacterium kimbladii,1293826,Bifidobacterium kimbladii,1,0,nirK_only,WP_052692841.1,NA,1
bifidobacterium polysaccharolyticum,1678;2750967;2750977;1678;2750967;2751008;1678;2750967;3470097;2750967,Bifidobacterium polysaccharolyticum,1,0,nirK_only,WP_052733360.1,NA,1
mycolicibacter virginiensis,1795032,Mycolicibacter virginiensis,1,0,nirK_only,WP_052741220.1,NA,1
streptomyces mangrovisoli,1428628,Streptomyces mangrovisoli,1,0,nirK_only,WP_052743082.1,NA,1
agrobacterium tumefaciens,1082932;3122072;357;358;110321;1183410;1335061;1345498;1736577;2607032;2815360;3085829;3085830;3085831;3085832;3085833;3085834;3085835;3085836;3085837;3085838;3085839;3085841;3085842;3421958;358;648995;82115;1107544;227290;3035122;358;1150775;1183430;1435057;1560230;2489001;2572678;3232968;3422704;358;359;82115;1183400;1183422;358;362;1183400;1183423;358;362;1183400;1183424;358;362;1183400;1368457;358;1183400;358;362;1183410;1183432;1643810;1736577;227290;3085829;3085830;3085831;3085832;3085833;3085834;3085835;3085836;3085837;3085838;3085839;3085840;3085841;3085842;358;1183412;1697277;2792015;2991524;3017317;357;358;1183421;1300224;1300225;1736548;227290;358;1183429;358;1183434;357;358;1368457;1701910;357;358;1378077;358;359;82115;1631629;357;358;1841651;3422680;3422692;3422693;3422694;3422695;3422696;357;358;2292443;357;358;2820001;2820002;3422701;357;358;2944235;357;358;3040274;357;358;362;3041773;357;358;3122066;3122395;357;358;362;3233042;357;358;3422682;3422683;3422684;3422685;3422686;3422687;3422688;3422689;3422690;3422691;357;358;358,Agrobacterium tumefaciens,1,1,both,WP_052820541.1,WP_003512953.1,1
devosia psychrophila,728005,Devosia psychrophila,1,1,both,WP_052953013.1,WP_046170961.1,1
roseivirga seohaensis,1566026;1914963,Roseivirga seohaensis subsp. aquiponti;Roseivirga seohaensis,1,0,nirK_only,WP_053222042.1,NA,1
nitrospira moscoviensis,42253,Nitrospira moscoviensis,1,0,nirK_only,WP_053378018.1,NA,1
ardenticatena maritima,872965,Ardenticatena maritima,1,0,nirK_only,WP_054492073.1,NA,1
stenotrophomonas acidaminiphila,128780;128780;2775920;3051123;40323;128780;2920383;3384161;3469992;40323,Stenotrophomonas acidaminiphila,1,1,both,WP_054667998.1,WP_456116670.1,1
flavobacterium aquidurense,362413,Flavobacterium aquidurense,1,0,nirK_only,WP_055098276.1,NA,1
lacinutrix algicola,342954,Lacinutrix algicola,1,0,nirK_only,WP_055436887.1,NA,1
lacinutrix himadriensis,641549,Lacinutrix himadriensis,1,0,nirK_only,WP_055442395.1,NA,1
sphaerimonospora mesophila,37483,Sphaerimonospora mesophila,1,0,nirK_only,WP_055482671.1,NA,1
nonomuraea pusilla,46177,Nonomuraea pusilla,1,0,nirK_only,WP_055502683.1,NA,1
stenotrophomonas nitritireducens,1736233;40323;83617;83617,Stenotrophomonas nitritireducens,1,0,nirK_only,WP_055766703.1,NA,1
unclassified brevundimonas,1736462;1736569;2622653;1871086;1946127;2622653;1871086;1946133;2622653;1871086;1946136;2622653;1871086;2622653;3363952;3363953;3363954;3390552;1871086;2622653;3369436;2622653;2804591;2804655;2804659;2622653;3345564;3345566;3345570;2622653;3363955;3390555;3390556;3390558,unclassified Brevundimonas;Brevundimonas sp. NPDC055300;Brevundimonas sp. NPDC055311;Brevundimonas sp. NPDC055320,1,1,both,WP_055829730.1,WP_292055808.1,1
unclassified rhodanobacter,1524462;1524463;1524464;2621553;3454842;1736542;1736572;2621553;1945855;1945856;1945858;2621553;2621553;2766737;3454846;2621553;2838834;2838835;2621553;3351461;3351462;3459585;3459590;2621553;3459585;3459590;2621553;3459586;3459587;3459588;3459591;3459593;3459594;3459595;3459596;2621553;3459586;3459591;3459595;2621553;3459587;3459588;3459593;3459594;3459596,Rhodanobacter sp. FW510-R10;Rhodanobacter sp. FW106-PBR-LB-2-11;Rhodanobacter sp. FW104-R8;unclassified Rhodanobacter;Rhodanobacter sp. FW106-PBR-LB-1-21,1,1,both,WP_068097354.1,WP_068096985.1,1
rhodanobacter ginsenosidimutans,1736542;490571;75309;490571,Rhodanobacter ginsenosidimutans,1,1,both,WP_377338549.1,WP_377340722.1,1
unclassified roseateles,1736434;2626991;3232664;3232668;1736529;1736580;2626991;2626991;3232385;3232514;2626991;3232670;3232671;2626991;3350177;3416698,unclassified Roseateles;Roseateles sp. UC29_93;Mitsuaria sp. MSU3D,1,1,both,WP_056273190.1,WP_377153787.1,1
unclassified rhizobacter,1736435;1736479;1736511;2640088;3232417;2640088;3232512;3232513;2640088;3232531;3232539,unclassified Rhizobacter;Rhizobacter sp. P3_B12;Rhizobacter sp. P3_C12,1,1,both,WP_056806045.1,WP_056804554.1,1
formosa algae,225843,Formosa algae,1,0,nirK_only,WP_057782230.1,NA,1
pseudoalteromonas translucida,1315283;166935,Pseudoalteromonas translucida;Pseudoalteromonas translucida KMM 520,1,0,nirK_only,WP_058373372.1,NA,1
kocuria flava,446860,Kocuria flava,1,0,nirK_only,WP_083529217.1,NA,1
kocuria rosea,1275;1275;136273;136273;3073551;57493,Kocuria rosea,1,0,nirK_only,WP_058874001.1,NA,1
serinicoccus chungangensis,767452,Serinicoccus chungangensis,1,0,nirK_only,WP_058889972.1,NA,1
elizabethkingia ursingii,1756150,Elizabethkingia ursingii,1,0,nirK_only,WP_059323372.1,NA,1
rodentibacter caecimuris,1796644,Rodentibacter caecimuris,1,0,nirK_only,WP_059366771.1,NA,1
burkholderia savannae,1637836;1637837;1637838;1637839;1637840;32008;1637837,Burkholderia savannae,1,0,nirK_only,WP_059575979.1,NA,1
burkholderia mayonis,1385591,Burkholderia mayonis,1,0,nirK_only,WP_066492661.1,NA,1
unclassified burkholderia,1636423;1636424;2613784,Burkholderia sp. MSMB1588;Burkholderia sp. MSMB1552;unclassified Burkholderia,1,0,nirK_only,WP_059931757.1,NA,1
corynebacterium xerosis,1223513;1725;1725,Corynebacterium xerosis,1,0,nirK_only,WP_060925701.1,NA,1
ramlibacter tataouinensis,1349425;174951;94132;94132,Ramlibacter tataouinensis,1,1,both,WP_061501064.1,WP_271232753.1,1
demequina aurantiaca,676200,Demequina aurantiaca,1,0,nirK_only,WP_061965442.1,NA,1
lentimicrobium saccharophilum,1678841,Lentimicrobium saccharophilum,1,0,nirK_only,WP_062045467.1,NA,1
aquimarina longa,1080221;1379258,Aquimarina longa;Aquimarina longa SW024,1,0,nirK_only,WP_062061456.1,NA,1
demequina aestuarii,327095,Demequina aestuarii,1,0,nirK_only,WP_062133301.1,NA,1
pseudoxanthomonas mexicana,128785;128785;1871049;2932492;3126308;3240877;83618;128785;1871049;83618,Pseudoxanthomonas mexicana,1,1,both,WP_411833220.1,WP_062355030.1,1
gordonia phthalatica,1136941,Gordonia phthalatica,1,0,nirK_only,WP_062392112.1,NA,1
mizugakiibacter sediminis,1475481,Mizugakiibacter sediminis,1,0,nirK_only,WP_062535522.1,NA,1
dyella thiooxydans,445710,Dyella thiooxydans,1,0,nirK_only,WP_063673309.1,NA,1
cutibacterium namnetense,1574624,Cutibacterium namnetense,1,0,nirK_only,WP_063810714.1,NA,1
dietzia cinnamea,1223524;321318;1349764;321318;37914;321318,Dietzia cinnamea,1,0,nirK_only,WP_063935193.1,NA,1
methylomonas methanica,1538553;416;421;421,Methylomonas methanica,1,0,nirK_only,WP_064044675.1,NA,1
peptidiphaga gingivicola,2741497,Peptidiphaga gingivicola,1,0,nirK_only,WP_064231456.1,NA,1
mycobacterium lehmannii,1763;1834115;2048550;2048550,Mycobacterium;Mycobacterium sp. 852014-52144_SCH5372336;Mycobacterium lehmannii,1,0,nirK_only,WP_064393922.1,NA,1
mycolicibacterium novocastrense,59813,Mycolicibacterium novocastrense,1,0,nirK_only,WP_064414132.1,NA,1
mycolicibacterium elephantis,1335622;81858;81858,Mycolicibacterium elephantis,1,0,nirK_only,WP_064892138.1,NA,1
mycolicibacter terrae,1073531;1788;875328;1788,Mycolicibacter terrae,1,0,nirK_only,WP_064922148.1,NA,1
tenacibaculum ovolyticum,104270,Tenacibaculum ovolyticum,1,0,nirK_only,WP_064967111.1,NA,1
mycobacterium asiaticum,1790,Mycobacterium asiaticum,1,0,nirK_only,WP_065160703.1,NA,1
mycobacterium paragordonae,1389713,Mycobacterium paragordonae,1,0,nirK_only,WP_065163895.1,NA,1
dermabacter vaginalis,1630135,Dermabacter vaginalis,1,0,nirK_only,WP_065247299.1,NA,1
janthinobacterium psychrotolerans,1747903,Janthinobacterium psychrotolerans,1,0,nirK_only,WP_065309702.1,NA,1
polaribacter vadi,1774273,Polaribacter vadi,1,0,nirK_only,WP_065319127.1,NA,1
ensifer adhaerens,106591;106592;1736534;1736558;1855293;1855294;2769274;2769277;2769281;2769283;2995137;3043861;106591;106592;2769273;106591;106592;3122071;3125792;3125799;106592,Ensifer adhaerens,1,1,both,WP_104668442.1,WP_427343707.1,1
corynebacterium vitaeruminis,38305,Corynebacterium vitaeruminis,1,0,nirK_only,WP_065421355.1,NA,1
acidiferrobacter thiooxydans,163359,Acidiferrobacter thiooxydans,1,0,nirK_only,WP_065969876.1,NA,1
bergeriella denitrificans,1349758;494,Bergeriella denitrificans;Bergeriella denitrificans NBRC 102155,1,1,both,WP_066075728.1,WP_066078922.1,1
gordonia hydrophobica,1223541;40516,Gordonia hydrophobica;Gordonia hydrophobica NBRC 16057,1,0,nirK_only,WP_066166147.1,NA,1
formosa haliotis,1555194,Formosa haliotis,1,0,nirK_only,WP_066220425.1,NA,1
algorimicrobium algoritergicola,1861784;291187;49546,Flavobacteriaceae;Algorimicrobium algoritergicola;Bizionia sp. APA-3,1,0,nirK_only,WP_066255894.1,NA,1
gelidibacter algens,49280,Gelidibacter algens,1,0,nirK_only,WP_066433472.1,NA,1
castellaniella caeni,1349760;266123;266123,Castellaniella caeni,1,0,nirK_only,WP_232304959.1,NA,1
sanguibacter suarezii,1223525;60921,Sanguibacter suarezii;Sanguibacter suarezii NBRC 16159,1,0,nirK_only,WP_066465216.1,NA,1
comamonas terrigena,1219032;2769280;283;32013;283;2854781;32013;32013,Comamonas terrigena,1,0,nirK_only,WP_066536892.1,NA,1
cryobacterium arcticum,670052,Cryobacterium arcticum,1,0,nirK_only,WP_066596305.1,NA,1
serinicoccus hydrothermalis,1758689,Serinicoccus hydrothermalis,1,0,nirK_only,WP_066639500.1,NA,1
chloroflexus islandicus,1707952,Chloroflexus islandicus,1,0,nirK_only,WP_066784153.1,NA,1
carbonactinospora thermoautotrophica,1469144,Carbonactinospora thermoautotrophica,1,0,nirK_only,WP_066884672.1,NA,1
microtetraspora niveoalba,46175,Microtetraspora niveoalba,1,0,nirK_only,WP_067186757.1,NA,1
mycolicibacterium celeriflavum,1249101,Mycolicibacterium celeriflavum,1,0,nirK_only,WP_067222864.1,NA,1
mycobacterium alsense,324058,Mycobacterium alsense,1,0,nirK_only,WP_067321096.1,NA,1
halofilum ochraceum,1611323,Halofilum ochraceum,1,0,nirK_only,WP_067560704.1,NA,1
nocardiopsis listeri,1348637;53440;53440,Nocardiopsis listeri,1,0,nirK_only,WP_067599404.1,NA,1
actinomadura latina,1220563;163603;163603,Actinomadura latina,1,0,nirK_only,WP_067635263.1,NA,1
actinomadura rubrobrunea,115335;1220567,Actinomadura rubrobrunea;Actinomadura rubrobrunea NBRC 15275,1,0,nirK_only,WP_067914316.1,NA,1
mycolicibacter icosiumassiliensis,1792835,Mycolicibacter icosiumassiliensis,1,0,nirK_only,WP_067974732.1,NA,1
nocardioides massiliensis,1325935,Nocardioides massiliensis,1,1,both,WP_068118854.1,WP_306825041.1,1
janibacter melonis,262209,Janibacter melonis,1,0,nirK_only,WP_068271653.1,NA,1
kribbia dieselivorans,1223526;331526,Kribbia dieselivorans;Kribbia dieselivorans NBRC 106261,1,0,nirK_only,WP_068403006.1,NA,1
psychrobacter faecalis,1255624;180588;3064892;3240930;497;56811;180588;180588;1849383;497;180588;259303,Psychrobacter faecalis,1,0,nirK_only,WP_068404915.1,NA,1
roseivirga echinicomitans,296218,Roseivirga echinicomitans,1,0,nirK_only,WP_068417958.1,NA,1
piscicoccus intestinalis,1208313;746033,Piscicoccus intestinalis;Piscicoccus intestinalis NBRC 104926,1,0,nirK_only,WP_068432397.1,NA,1
polaribacter atrinae,1333662,Polaribacter atrinae,1,0,nirK_only,WP_068452562.1,NA,1
tessaracoccus lapidicaptus,1427523;1427523;1909732;72763,Tessaracoccus lapidicaptus,1,0,nirK_only,WP_068750452.1,NA,1
aequorivita soesokkakensis,1385699,Aequorivita soesokkakensis,1,0,nirK_only,WP_068762900.1,NA,1
pontibacter akesuensis,388950,Pontibacter akesuensis,1,0,nirK_only,WP_068836330.1,NA,1
kangiella sediminilitoris,1144748,Kangiella sediminilitoris,1,0,nirK_only,WP_068989338.1,NA,1
unclassified agrobacterium,1167635;1279030;1340437;2632611;1842536;2632611;2664893;2579248;2632611;82789;2632611;2975356;2975357;2975395;2975396;2975415;2632611;3028150;3453880;2632611;3055787;3055791;2632611;3422674;3422676;3422678,unclassified Agrobacterium;Agrobacterium sp. 22-214-1;Agrobacterium sp. 22-222-1;Agrobacterium sp. 22-224-1,1,1,both,WP_069041030.1,WP_006315331.1,1
mycolicibacterium holsaticum,1226752;152142;152142,Mycolicibacterium holsaticum;Mycolicibacterium holsaticum DSM 44478 = JCM 12374,1,0,nirK_only,WP_069406180.1,NA,1
arcticibacter eurypsychrophilus,1434752,Arcticibacter eurypsychrophilus,1,0,nirK_only,WP_069660319.1,NA,1
symbiobacterium thermophilum,2734;2734;292459,Symbiobacterium thermophilum,1,0,nirK_only,WP_070105442.1,NA,1
cellulomonas iranensis,1223509;76862;76862,Cellulomonas iranensis,1,0,nirK_only,WP_070319103.1,NA,1
unclassified rothia,1715007;1715008;2689056;1739503;1739511;2689056;2689056;3448131;3448132;3453031,unclassified Rothia (in: high G+C Gram-positive bacteria);Rothia sp. 11273D007AR;Rothia sp. 11254D007CT;Rothia sp. 11254D007BW,1,0,nirK_only,WP_070505732.1,NA,1
unclassified haemophilus,1739254;1739280;2609962;2609962;3041427;3568211;3568214,unclassified Haemophilus;Haemophilus sp. SZY H51;Haemophilus sp. SZY H53;Haemophilus sp. SZY H57,1,0,nirK_only,WP_070583172.1,NA,1
flavobacterium commune,1306519,Flavobacterium commune,1,0,nirK_only,WP_071185119.1,NA,1
oceanisphaera psychrotolerans,1414654,Oceanisphaera psychrotolerans,1,1,both,WP_071472575.1,WP_071472357.1,1
oceanihabitans sediminis,1812012,Oceanihabitans sediminis,1,0,nirK_only,WP_072352106.1,NA,1
chitinophaga sancti,1004,Chitinophaga sancti,1,0,nirK_only,WP_072361374.1,NA,1
chryseobacterium limigenitum,1612149;2897331;59732,Chryseobacterium;Chryseobacterium limigenitum;Chryseobacterium sp. LC2016-29,1,0,nirK_only,WP_072408814.1,NA,1
tenacibaculum todarodis,1850252,Tenacibaculum todarodis,1,0,nirK_only,WP_072554938.1,NA,1
rhodothermus profundi,633813,Rhodothermus profundi,1,0,nirK_only,WP_072713876.1,NA,1
thermomonas hydrothermalis,213588,Thermomonas hydrothermalis,1,0,nirK_only,WP_072755949.1,NA,1
flavobacterium haoranii,683124,Flavobacterium haoranii,1,0,nirK_only,WP_072784478.1,NA,1
rhodococcus zopfii,1219030;43772;43772,Rhodococcus zopfii,1,0,nirK_only,WP_072809583.1,NA,1
salegentibacter echinorum,1073325,Salegentibacter echinorum,1,0,nirK_only,WP_072876336.1,NA,1
flagellimonas taeanensis,1005926;2058762;444459,Flagellimonas;Flagellimonas taeanensis;Flagellimonas sp.,1,0,nirK_only,WP_072880511.1,NA,1
flavobacterium granuli,280093,Flavobacterium granuli,1,0,nirK_only,WP_310003719.1,NA,1
flavobacterium segetis,271157,Flavobacterium segetis,1,0,nirK_only,WP_072987139.1,NA,1
pseudozobellia thermophila,192903,Pseudozobellia thermophila,1,0,nirK_only,WP_072992324.1,NA,1
epilithonimonas mollis,216903,Epilithonimonas mollis,1,0,nirK_only,WP_073000033.1,NA,1
fodinibius roseus,1194090,Fodinibius roseus,1,1,both,WP_073064920.1,WP_073059289.1,1
cyclobacterium lianum,388280,Cyclobacterium lianum,1,0,nirK_only,WP_073096789.1,NA,1
cruoricaptor ignavus,1118202,Cruoricaptor ignavus,1,0,nirK_only,WP_073180136.1,NA,1
flavobacterium xinjiangense,178356,Flavobacterium xinjiangense,1,0,nirK_only,WP_073203572.1,NA,1
aequorivita viscosa,797419,Aequorivita viscosa,1,0,nirK_only,WP_073217581.1,NA,1
flavobacterium cucumis,416016,Flavobacterium cucumis,1,0,nirK_only,WP_073584330.1,NA,1
pontibacter flavimaris,1797110,Pontibacter flavimaris,1,0,nirK_only,WP_073850912.1,NA,1
aquimarina spinulae,1192023;1443666;290174,Aquimarina;Aquimarina spinulae;Aquimarina megaterium,1,0,nirK_only,WP_074409476.1,NA,1
algibacter lectus,221126;221126;261827;3121298,Algibacter lectus,1,0,nirK_only,WP_074936927.1,NA,1
actinomadura madurae,1993,Actinomadura madurae,1,0,nirK_only,WP_075023128.1,NA,1
chromohalobacter beijerinckii,86179,Chromohalobacter beijerinckii,1,0,nirK_only,WP_075368162.1,NA,1
corynebacterium sphenisci,1437874;191493;191493,Corynebacterium sphenisci,1,0,nirK_only,WP_075690989.1,NA,1
kaistella chaponensis,713588,Kaistella chaponensis,1,0,nirK_only,WP_076385166.1,NA,1
solilutibacter tolerans,1604334,Solilutibacter tolerans,1,1,both,WP_076585779.1,WP_165688536.1,1
microbacterium aurum,36805,Microbacterium aurum,1,0,nirK_only,WP_076689748.1,NA,1
epilithonimonas bovis,1121284;421530,Epilithonimonas bovis;Epilithonimonas bovis DSM 19482,1,0,nirK_only,WP_076781643.1,NA,1
tessaracoccus flavus,1610493,Tessaracoccus flavus,1,1,both,WP_077343167.1,WP_226996253.1,1
tessaracoccus flavescens,399497,Tessaracoccus flavescens,1,0,nirK_only,WP_077350575.1,NA,1
rodentibacter rarus,1908260;1908260;1908263;1960084,Rodentibacter rarus;Rodentibacter trehalosifermentans;Rodentibacter,1,0,nirK_only,WP_077416876.1,NA,1
rodentibacter trehalosifermentans,1908263,Rodentibacter trehalosifermentans,1,0,nirK_only,WP_077420948.1,NA,1
rodentibacter heidelbergensis,1908258,Rodentibacter heidelbergensis,1,0,nirK_only,WP_077427205.1,NA,1
rodentibacter ratti,1906745,Rodentibacter ratti,1,0,nirK_only,WP_077436375.1,NA,1
rodentibacter mrazii,1908257,Rodentibacter mrazii,1,0,nirK_only,WP_077494820.1,NA,1
rodentibacter genomosp.,1908266,Rodentibacter genomosp. 2,1,0,nirK_only,WP_077543828.1,NA,1
aminobacter aganoensis,1335061;2817728;2817838;2817840;356;83264;2735891;31988;83264;83264,Aminobacter aganoensis,1,1,both,WP_077547585.1,WP_055972791.1,1
pseudorhizobium flavum,1335061,Pseudorhizobium flavum,1,1,both,WP_235864311.1,WP_077546438.1,1
tessaracoccus aquimaris,1332264,Tessaracoccus aquimaris,1,0,nirK_only,WP_077686356.1,NA,1
moraxella caviae,34060,Moraxella caviae,1,0,nirK_only,WP_078276119.1,NA,1
lwoffella lincolnii,90241,Lwoffella lincolnii,1,0,nirK_only,WP_078306214.1,NA,1
streptomyces antibioticus,1890,Streptomyces antibioticus,1,0,nirK_only,WP_078635677.1,NA,1
novilysobacter spongiicola,1122188;435289,Novilysobacter spongiicola;Lysobacter spongiicola DSM 21749,1,0,nirK_only,WP_078758261.1,NA,1
streptomyces dysideae,909626,Streptomyces dysideae,1,0,nirK_only,WP_079085003.1,NA,1
chryseobacterium balustinum,246;254;59732,Chryseobacterium balustinum;Chryseobacterium indoltheticum;Chryseobacterium,1,0,nirK_only,WP_079466021.1,NA,1
soonwooa buanensis,619805,Soonwooa buanensis,1,0,nirK_only,WP_079668070.1,NA,1
pseudoxanthomonas indica,428993,Pseudoxanthomonas indica,1,1,both,WP_079722500.1,WP_079722933.1,1
methyloprofundus sedimenti,1420851,Methyloprofundus sedimenti,1,0,nirK_only,WP_080523937.1,NA,1
myroides marinus,703342,Myroides marinus,1,0,nirK_only,WP_080752492.1,NA,1
nitrospira japonica,1325564,Nitrospira japonica,1,0,nirK_only,WP_080887033.1,NA,1
metallibacterium scheffleri,993689,Metallibacterium scheffleri,1,0,nirK_only,WP_081127071.1,NA,1
salegentibacter sediminis,1930251,Salegentibacter sediminis,1,0,nirK_only,WP_081208453.1,NA,1
sulfitobacter pontiacus,1042;1525218;191468;1936156;1947582;2024842;2161676;218673;225971;28211;3093858;60137;87;1389011;60136;60137;1524255;204455;2056810;3046694;3140368;314267;3466782;571166;60137;999627;191468;3229275;60136;60137;1936156;28211;314267;60137;204455;2811411;60137;765699;3158558;60136;60137;60137,Sulfitobacter pontiacus,1,1,both,WP_081824950.1,WP_473814179.1,1
tepidicaulis marinus,1333998,Tepidicaulis marinus,1,0,nirK_only,WP_081875290.1,NA,1
litchfieldella xinjiangensis,1166948,Litchfieldella xinjiangensis,1,1,both,WP_081949047.1,WP_043529610.1,1
brevibacterium linens,1703,Brevibacterium linens,1,0,nirK_only,WP_082018945.1,NA,1
mobilicoccus massiliensis,1522310,Mobilicoccus massiliensis,1,0,nirK_only,WP_082043660.1,NA,1
rufibacter radiotolerans,1379910,Rufibacter radiotolerans,1,0,nirK_only,WP_082161656.1,NA,1
pseudaestuariivita atlantica,1317121,Pseudaestuariivita atlantica,1,1,both,WP_082176509.1,WP_050528881.1,1
unclassified duganella,1736489;1736518;2636909;1781066;1781067;2636909;1855289;2512166;2636909;1855290;1881039;2636909;1871176;2233914;2636909;1871181;1871350;1871351;2636909;1904440;2636909;2806572;2636909;3243027;3243052;2636909;3681951;3681952,unclassified Duganella;Duganella sp. AC917;Duganella sp. AC919,1,1,both,WP_082507115.1,WP_116991009.1,1
massilia cellulosiltytica,149698;1736455;1736472;2683234;2683234,Massilia cellulosiltytica,1,1,both,WP_082577028.1,WP_160408509.1,1
massilia antarctica,2765360;2765360;2996459,Massilia antarctica,1,1,both,WP_082692007.1,WP_054264620.1,1
marinobacterium profundum,1714300,Marinobacterium profundum,1,1,both,WP_082708888.1,WP_067285935.1,1
mycolicibacterium insubricum,444597,Mycolicibacterium insubricum,1,0,nirK_only,WP_083030948.1,NA,1
mycolicibacterium pulveris,1866885;36813;81858;36813,Mycolicibacterium pulveris,1,0,nirK_only,WP_083042832.1,NA,1
mycolicibacter kumamotonensis,354243,Mycolicibacter kumamotonensis,1,0,nirK_only,WP_083080951.1,NA,1
actinomyces vulturis,1857645,Actinomyces vulturis,1,0,nirK_only,WP_083090338.1,NA,1
mycobacterium angelicum,470074,Mycobacterium angelicum,1,0,nirK_only,WP_083114761.1,NA,1
alloalcanivorax venustensis,1177184;172371;172371,Alloalcanivorax venustensis,1,0,nirK_only,WP_083209688.1,NA,1
lacunisphaera limnophila,1838286,Lacunisphaera limnophila,1,0,nirK_only,WP_083270027.1,NA,1
flavobacterium frigoris,229204,Flavobacterium frigoris,1,0,nirK_only,WP_083380476.1,NA,1
stenotrophomonas daejeonensis,659018,Stenotrophomonas daejeonensis,1,0,nirK_only,WP_083490218.1,NA,1
brevibacterium epidermidis,1349751;1698;1698,Brevibacterium epidermidis,1,0,nirK_only,WP_083532693.1,NA,1
methylophaga frappieri,754477,Methylophaga frappieri,1,0,nirK_only,WP_083839432.1,NA,1
thermobifida halotolerans,483545,Thermobifida halotolerans,1,0,nirK_only,WP_084012394.1,NA,1
microvirga flocculans,1336243;217168,Microvirga flocculans;Microvirga flocculans ATCC BAA-817,1,1,both,WP_084021084.1,WP_027316689.1,1
aquiflexum balticum,280473;758820,Aquiflexum balticum;Aquiflexum balticum DSM 16537,1,0,nirK_only,WP_084122944.1,NA,1
sinomonas atrocyanea,3470458;37927;596707;37927,Sinomonas atrocyanea,1,0,nirK_only,WP_084249406.1,NA,1
pasteurella testudinis,1122938;761;761,Pasteurella testudinis,1,0,nirK_only,WP_084255610.1,NA,1
chitinibacter tainanensis,1121274;230667;1214081;230667,Chitinibacter tainanensis;uncultured Chitinibacter sp.,1,1,both,WP_084414636.1,WP_034619485.1,1
azospirillum halopraeferens,1121033;34010,Azospirillum halopraeferens;Azospirillum halopraeferens DSM 3675,1,1,both,WP_084536773.1,WP_029008867.1,1
planobispora rosea,35762,Planobispora rosea,1,0,nirK_only,WP_084780972.1,NA,1
marinobacterium aestuarii,1821621,Marinobacterium aestuarii,1,1,both,WP_084784048.1,WP_067380805.1,1
azospirillum oryzae,191;2607285;286727;286727,Azospirillum oryzae,1,1,both,WP_085086421.1,WP_085083661.1,1
mycolicibacterium fallax,1793,Mycolicibacterium fallax,1,0,nirK_only,WP_085094668.1,NA,1
mycolicibacillus trivialis,1798,Mycolicibacillus trivialis,1,0,nirK_only,WP_085111204.1,NA,1
tistlia consotensis,1321365;560819,Tistlia consotensis USBA 355;Tistlia consotensis,1,1,both,WP_085124744.1,WP_085122447.1,1
mycolicibacter engbaekii,188915,Mycolicibacter engbaekii,1,0,nirK_only,WP_085129644.1,NA,1
mycolicibacter hiberniae,29314,Mycolicibacter hiberniae,1,0,nirK_only,WP_085134702.1,NA,1
mycolicibacter nonchromogenicus,1782,Mycolicibacter nonchromogenicus,1,0,nirK_only,WP_085139605.1,NA,1
mycobacterium bohemicum,56425,Mycobacterium bohemicum,1,0,nirK_only,WP_085180585.1,NA,1
trinickia caryophylli,28094,Trinickia caryophylli,1,0,nirK_only,WP_085229106.1,NA,1
mycolicibacter longobardus,1108812,Mycolicibacter longobardus,1,0,nirK_only,WP_085266547.1,NA,1
mycolicibacillus koreensis,1069220,Mycolicibacillus koreensis,1,0,nirK_only,WP_085305286.1,NA,1
neisseria dumasiana,1696094;1931275;482;1931275,Neisseria dumasiana,1,1,both,WP_085357585.1,WP_054598910.1,1
neisseria zoodegmatis,2912675;326523;482;326523,Neisseria;Neisseria zoodegmatis;Neisseria sp. Dent CA1/247,1,1,both,WP_085362831.1,WP_085363858.1,1
neisseria dentiae,194197,Neisseria dentiae,1,1,both,WP_085365935.1,WP_085366510.1,1
neisseria animaloris,326522,Neisseria animaloris,1,1,both,WP_085389246.1,WP_085390511.1,1
arenibacter troitsensis,188872,Arenibacter troitsensis,1,0,nirK_only,WP_085499893.1,NA,1
azospirillum agricola,1720247,Azospirillum agricola,1,1,both,WP_085558003.1,WP_179166294.1,1
mycobacterium szulgai,1787,Mycobacterium szulgai,1,0,nirK_only,WP_085672178.1,NA,1
candidatus nucleicultrix,1414854;1509244,Candidatus Nucleicultrix amoebiphila FS5;Candidatus Nucleicultrix amoebiphila,1,0,nirK_only,WP_085783369.1,NA,1
algoriphagus ratkowskyi,57028,Algoriphagus ratkowskyi,1,0,nirK_only,WP_086502316.1,NA,1
algoriphagus antarcticus,238540,Algoriphagus antarcticus,1,0,nirK_only,WP_086540349.1,NA,1
streptosporangium minutum,569862,Streptosporangium minutum,1,0,nirK_only,WP_086575841.1,NA,1
streptomyces scabiei,146819;1883;1930;3028683;1930,Streptomyces scabiei,1,0,nirK_only,WP_086746751.1,NA,1
streptomyces thermovulgaris,1934,Streptomyces thermovulgaris,1,0,nirK_only,WP_086793415.1,NA,1
oceanisphaera avium,1903694,Oceanisphaera avium,1,1,both,WP_086963652.1,WP_086964645.1,1
arthrobacter rhombi,71253,Arthrobacter rhombi,1,0,nirK_only,WP_087000436.1,NA,1
oceanisphaera profunda,1416627,Oceanisphaera profunda,1,1,both,WP_087037752.1,WP_087036632.1,1
brachybacterium massiliense,1755098,Brachybacterium massiliense,1,1,both,WP_087484524.1,WP_087486092.1,1
bathymodiolus platifrons,113268,Bathymodiolus platifrons methanotrophic gill symbiont,1,0,nirK_only,WP_087868982.1,NA,1
roseateles aquatilis,431061,Roseateles aquatilis,1,0,nirK_only,WP_088385724.1,NA,1
flavobacterium oreochromis,2906078,Flavobacterium oreochromis,1,0,nirK_only,WP_088397816.1,NA,1
neisseria chenwenguii,1853278,Neisseria chenwenguii,1,1,both,WP_089036605.1,WP_089036679.1,1
brachybacterium avium,2017485,Brachybacterium avium,1,0,nirK_only,WP_089064305.1,NA,1
pontibacter ummariensis,1610492,Pontibacter ummariensis,1,0,nirK_only,WP_089320237.1,NA,1
actinomadura meyerae,240840,Actinomadura meyerae,1,0,nirK_only,WP_089328826.1,NA,1
flavobacterium araucananum,946678,Flavobacterium araucananum,1,0,nirK_only,WP_089481340.1,NA,1
kaistella treverensis,631455,Kaistella treverensis,1,0,nirK_only,WP_089820041.1,NA,1
citreimonas salinaria,321339,Citreimonas salinaria,1,0,nirK_only,WP_089885343.1,NA,1
pseudomonas borbori,289003,Pseudomonas borbori,1,1,both,WP_090497800.1,WP_090502193.1,1
arthrobacter subterraneus,335973,Arthrobacter subterraneus,1,0,nirK_only,WP_400583817.1,NA,1
basfia succiniciproducens,653940,Basfia succiniciproducens,1,0,nirK_only,WP_090653525.1,NA,1
nonomuraea wenchangensis,568860,Nonomuraea wenchangensis,1,1,both,WP_091079219.1,WP_245774532.1,1
flavobacterium gillisiae,150146,Flavobacterium gillisiae,1,0,nirK_only,WP_091084153.1,NA,1
flavobacterium sinopsychrotolerans,604089,Flavobacterium sinopsychrotolerans,1,0,nirK_only,WP_091164862.1,NA,1
paramicrobacterium humi,640635,Paramicrobacterium humi,1,0,nirK_only,WP_091179654.1,NA,1
flavobacterium xueshanense,935223,Flavobacterium xueshanense,1,0,nirK_only,WP_091204664.1,NA,1
frateuria terrea,529704,Frateuria terrea,1,1,both,WP_091338507.1,WP_091333886.1,1
arachidicoccus rhizosphaerae,551991,Arachidicoccus rhizosphaerae,1,0,nirK_only,WP_091392164.1,NA,1
aerobium aerolatum,1121003;561088,Aerobium aerolatum;Aquamicrobium aerolatum DSM 21857,1,1,both,WP_091524634.1,WP_091519296.1,1
algoriphagus locisalis,305507,Algoriphagus locisalis,1,0,nirK_only,WP_091692245.1,NA,1
pedococcus cremeus,587636,Pedococcus cremeus,1,0,nirK_only,WP_091762656.1,NA,1
pricia antarctica,641691,Pricia antarctica,1,0,nirK_only,WP_091868610.1,NA,1
cryobacterium luteum,1424661,Cryobacterium luteum,1,0,nirK_only,WP_092110833.1,NA,1
blastococcus tunisiensis,1798228,Blastococcus tunisiensis,1,0,nirK_only,WP_092195600.1,NA,1
algorimicrobium echini,649333,Algorimicrobium echini,1,0,nirK_only,WP_092208166.1,NA,1
corynebacterium spheniscorum,185761,Corynebacterium spheniscorum,1,0,nirK_only,WP_092284534.1,NA,1
brevundimonas viscosa,871741,Brevundimonas viscosa,1,0,nirK_only,WP_092312444.1,NA,1
dokdonella immobilis,578942,Dokdonella immobilis,1,1,both,WP_092410448.1,WP_092408314.1,1
winogradskyella thalassocola,262004,Winogradskyella thalassocola,1,0,nirK_only,WP_092466839.1,NA,1
bowdeniella nasicola,208480,Bowdeniella nasicola,1,1,both,WP_092561142.1,WP_073717352.1,1
jannaschia helgolandensis,188906,Jannaschia helgolandensis,1,0,nirK_only,WP_092763076.1,NA,1
agrococcus baldri,153730,Agrococcus baldri,1,0,nirK_only,WP_092915621.1,NA,1
sphingobacterium mizutaii,1010;1010;1220576;28453;3377129;1010;28453;341027,Sphingobacterium mizutaii,1,0,nirK_only,WP_093101365.1,NA,1
salinimicrobium catena,390640,Salinimicrobium catena,1,0,nirK_only,WP_093112199.1,NA,1
psychroflexus halocasei,908615,Psychroflexus halocasei,1,0,nirK_only,WP_093237706.1,NA,1
tessaracoccus oleiagri,686624,Tessaracoccus oleiagri,1,0,nirK_only,WP_093250263.1,NA,1
thermostaphylospora chromogena,35622,Thermostaphylospora chromogena,1,1,both,WP_093258906.1,WP_242659014.1,1
rugamonas rubra,758825,Rugamonas rubra,1,1,both,WP_093390697.1,WP_093388481.1,1
salegentibacter flavus,143222;1903072;287099,Salegentibacter;Salegentibacter flavus;Salegentibacter sp.,1,0,nirK_only,WP_093409153.1,NA,1
unclassified pseudoxanthomonas,1881044;2067658;2645906;1881044;2067658;2645906;3342258;2587011;2645906;2854775;2645906;2769284;3128887;3142526;3377025;3711963;2645906;3127476;3128890;3138501;2645906;3342259;3342274,Pseudoxanthomonas sp. OG2;unclassified Pseudoxanthomonas;Pseudoxanthomonas sp. PXM05,1,1,both,WP_337341852.1,WP_183643036.1,1
streptomyces mangrovi,1206892,Streptomyces mangrovi,1,0,nirK_only,WP_093849457.1,NA,1
streptosporangium canum,324952,Streptosporangium canum,1,0,nirK_only,WP_093885418.1,NA,1
zobellella denitrificans,347534,Zobellella denitrificans,1,0,nirK_only,WP_094039000.1,NA,1
oceanimonas baumannii,129578,Oceanimonas baumannii,1,1,both,WP_094277921.1,WP_094278852.1,1
mycobacterium neumannii,2048551,Mycobacterium neumannii,1,0,nirK_only,WP_094293554.1,NA,1
noviherbaspirillum autotrophicum,709839,Noviherbaspirillum autotrophicum,1,0,nirK_only,WP_094299067.1,NA,1
enemella dayhoffiae,2016507,Enemella dayhoffiae,1,0,nirK_only,WP_094362407.1,NA,1
luteococcus japonicus,1255658;33984;33984,Luteococcus japonicus,1,0,nirK_only,WP_094764596.1,NA,1
neisseria brasiliensis,2024408;2056175;2666100;482;2024408;2666100;482;2056175;2666100;482,Neisseria;Neisseria sp. N177_16;Neisseria brasiliensis,1,1,both,WP_095503570.1,WP_100564185.1,1
brevibacterium aurantiacum,273384,Brevibacterium aurantiacum,1,0,nirK_only,WP_096145932.1,NA,1
janthinobacterium svalbardense,368607,Janthinobacterium svalbardense,1,0,nirK_only,WP_096237861.1,NA,1
brachybacterium vulturis,2017484,Brachybacterium vulturis,1,1,both,WP_096803790.1,WP_096801770.1,1
chromohalobacter canadensis,141389;141389;2860329;2860330;3079306;42054,Chromohalobacter canadensis,1,0,nirK_only,WP_097021957.1,NA,1
flagellimonas pacifica,1247520,Flagellimonas pacifica,1,0,nirK_only,WP_097046897.1,NA,1
salinimicrobium sediminis,1343891,Salinimicrobium sediminis,1,0,nirK_only,WP_097055480.1,NA,1
pseudoxanthomonas wuyuanensis,1073196,Pseudoxanthomonas wuyuanensis,1,1,both,WP_097120552.1,WP_097123623.1,1
ornithinimicrobium cerasi,2248773,Ornithinimicrobium cerasi,1,0,nirK_only,WP_097188665.1,NA,1
caenispirillum bisanense,414052,Caenispirillum bisanense,1,1,both,WP_343868035.1,WP_245913432.1,1
paramicrobacterium agarici,630514,Paramicrobacterium agarici,1,0,nirK_only,WP_098405815.1,NA,1
flavimobilis soli,442709,Flavimobilis soli,1,0,nirK_only,WP_098458578.1,NA,1
azospirillum palustre,191;2044885;3111634;191;2044885;3160607;2044885,Azospirillum palustre,1,1,both,WP_098738665.1,WP_098737663.1,1
tenacibaculum discolor,104267;1699411;361581;361581,Tenacibaculum discolor,1,0,nirK_only,WP_099214486.1,NA,1
unclassified iodobacter,1506510;235634;3127955;1915058;235634;3085902,unclassified Iodobacter;Iodobacter sp.;Iodobacter sp. CM08,1,1,both,WP_099399480.1,WP_099398269.1,1
neopararhizobium haloflavum,2037914,Neopararhizobium haloflavum,1,0,nirK_only,WP_099864867.1,NA,1
massilia violaceinigra,2045208,Massilia violaceinigra,1,1,both,WP_099878741.1,WP_099880871.1,1
sphingomonas psychrotolerans,1327635,Sphingomonas psychrotolerans,1,1,both,WP_100283352.1,WP_100282165.1,1
confluentibacter lentus,1699412,Confluentibacter lentus,1,0,nirK_only,WP_100610280.1,NA,1
confluentibacter citreus,2007307,Confluentibacter citreus,1,0,nirK_only,WP_100613960.1,NA,1
leptospira levettii,2023178,Leptospira levettii,1,0,nirK_only,WP_100718941.1,NA,1
brumimicrobium salinarum,2058658,Brumimicrobium salinarum,1,0,nirK_only,WP_101333970.1,NA,1
brevibacterium antiquum,1255637;1696;1701;234835,Brevibacterium;Brevibacterium sp.;Brevibacterium antiquum;Brevibacterium antiquum CNRZ 918,1,0,nirK_only,WP_101620985.1,NA,1
nonomuraea indica,1581193,Nonomuraea indica,1,1,both,WP_101790759.1,WP_101787496.1,1
kytococcus schroeteri,138300,Kytococcus schroeteri,1,0,nirK_only,WP_101848921.1,NA,1
pollutimonas nitritireducens,2045209,Pollutimonas nitritireducens,1,0,nirK_only,WP_102069058.1,NA,1
sanguibacter massiliensis,1973217,Sanguibacter massiliensis,1,0,nirK_only,WP_102510279.1,NA,1
flavivirga eckloniae,1803846,Flavivirga eckloniae,1,0,nirK_only,WP_102755651.1,NA,1
salinibacter ruber,146919,Salinibacter ruber,1,0,nirK_only,WP_103017444.1,NA,1
comamonas faecalis,1387849,Comamonas faecalis,1,1,both,WP_103045991.1,WP_103046359.1,1
hanstruepera neustonica,1445657;1707752;2873265,Hanstruepera neustonica;Hanstruepera;Hanstruepera marina,1,0,nirK_only,WP_103052731.1,NA,1
aquimarina sediminis,2070536,Aquimarina sediminis,1,0,nirK_only,WP_103071608.1,NA,1
cryobacterium zongtaii,1259216;1259217;69578;1259217,Cryobacterium;Cryobacterium sp. TMN-39-2;Cryobacterium zongtaii,1,0,nirK_only,WP_103430547.1,NA,1
flavobacterium alvei,2080416,Flavobacterium alvei,1,0,nirK_only,WP_103806617.1,NA,1
avibacterium gallinarum,755,Avibacterium gallinarum,1,0,nirK_only,WP_103852999.1,NA,1
avibacterium endocarditidis,380674,Avibacterium endocarditidis,1,0,nirK_only,WP_103855001.1,NA,1
sphingobacterium lactis,797291,Sphingobacterium lactis,1,0,nirK_only,WP_103906888.1,NA,1
flavobacterium urumqiense,935224,Flavobacterium urumqiense,1,0,nirK_only,WP_103999640.1,NA,1
terrimesophilobacter mesophilus,433647,Terrimesophilobacter mesophilus,1,0,nirK_only,WP_104096053.1,NA,1
oceanisphaera arctica,641510,Oceanisphaera arctica,1,1,both,WP_104486967.1,WP_104485800.1,1
rhodopila globiformis,1071,Rhodopila globiformis,1,1,both,WP_104517306.1,WP_104521464.1,1
polaribacter glomeratus,102,Polaribacter glomeratus,1,0,nirK_only,WP_105020570.1,NA,1
cryobacterium aureum,995037,Cryobacterium aureum,1,0,nirK_only,WP_105036565.1,NA,1
rubritalea profundi,1658618,Rubritalea profundi,1,0,nirK_only,WP_105043787.1,NA,1
polaribacter gangjinensis,574710,Polaribacter gangjinensis,1,0,nirK_only,WP_105045534.1,NA,1
polaribacter butkevichii,218490,Polaribacter butkevichii,1,0,nirK_only,WP_105048683.1,NA,1
micropruina glycogenica,75385,Micropruina glycogenica,1,0,nirK_only,WP_105186378.1,NA,1
uncultured rothia,1739283;316088;1885016;316088;316088,uncultured Rothia sp.,1,0,nirK_only,WP_105361053.1,NA,1
mycolicibacterium austroafricanum,1866885;3085903;350058;39687;1866885;3085903;39687;39687,Mycolicibacterium austroafricanum,1,0,nirK_only,WP_234935319.1,NA,1
mongoliibacter ruber,1750599,Mongoliibacter ruber,1,0,nirK_only,WP_106135510.1,NA,1
antricoccus suffuscus,1629062,Antricoccus suffuscus,1,0,nirK_only,WP_106349193.1,NA,1
simplicispira suum,2109915,Simplicispira suum,1,0,nirK_only,WP_106447769.1,NA,1
zobellella taiwanensis,347535,Zobellella taiwanensis,1,0,nirK_only,WP_106452525.1,NA,1
confluentibacter flavum,1909700,Confluentibacter flavum,1,0,nirK_only,WP_106660141.1,NA,1
zobellella endophytica,2116700,Zobellella endophytica,1,0,nirK_only,WP_106728686.1,NA,1
neisseria iguanae,90242,Neisseria iguanae,1,1,both,WP_106742160.1,WP_106741123.1,1
pulveribacter suum,2116657,Pulveribacter suum,1,1,both,WP_106845568.1,WP_106845740.1,1
arenimonas caeni,2058085,Arenimonas caeni,1,0,nirK_only,WP_106990800.1,NA,1
christiangramia fulva,2126553,Christiangramia fulva,1,0,nirK_only,WP_107011420.1,NA,1
neisseria bergeri,1906581;1906581;2830649;482,Neisseria;Neisseria bergeri;Neisseria benedictiae,1,1,both,WP_107820046.1,WP_107819355.1,1
oceanimonas marisflavi,2059724,Oceanimonas marisflavi,1,1,both,WP_107851100.1,WP_107852300.1,1
neisseria polysaccharea,2830646;2830647;2830650;482;489;2830648;482;489;2830651;482;489;2830768;482;489;489;489;933269,Neisseria polysaccharea,1,1,both,WP_118997931.1,WP_003754481.1,1
devosia naphthalenivorans,2082392,Devosia naphthalenivorans,1,1,both,WP_108460462.1,WP_108460380.1,1
azospirillum humicireducens,1226968,Azospirillum humicireducens,1,1,both,WP_108549295.1,WP_108546736.1,1
actinobacillus porcitonsillarum,189834,Actinobacillus porcitonsillarum,1,0,nirK_only,WP_108923393.1,NA,1
novimethylophilus kurashikiensis,1825523,Novimethylophilus kurashikiensis,1,1,both,WP_109016096.1,WP_109014497.1,1
unclassified azospirillum,1907312;1907313;2630922;2607496;2630922;3240935;2630922;3160608;709813;2630922;3396317;652751;652754;709810;2630922;3445776;3462279,Azospirillum sp. B21;unclassified Azospirillum;Azospirillum sp. VT-I1,1,1,both,WP_109049034.1,WP_109156129.1,1
azospirillum argentinense,191;2596919;2970906;664962;2970906,Azospirillum argentinense,1,1,both,WP_109069057.1,WP_198129142.1,1
aggregatibacter kilianii,2025884;3450756;416916,Aggregatibacter;Aggregatibacter kilianii;Aggregatibacter sp. PN491,1,0,nirK_only,WP_109078402.1,NA,1
marinicauda salina,2135793,Marinicauda salina,1,0,nirK_only,WP_109251346.1,NA,1
allosphingosinicella humi,2068657,Allosphingosinicella humi,1,0,nirK_only,WP_447056386.1,NA,1
azospirillum thermophilum,2202148,Azospirillum thermophilum,1,1,both,WP_109324379.1,WP_109323544.1,1
brumimicrobium oceani,2100725,Brumimicrobium oceani,1,0,nirK_only,WP_109360401.1,NA,1
uncultured polaribacter,174711;174711;2100726,uncultured Polaribacter sp.,1,0,nirK_only,WP_109405048.1,NA,1
ornithinimicrobium cavernae,2666047,Ornithinimicrobium cavernae,1,0,nirK_only,WP_109471288.1,NA,1
xanthomarina spongicola,570520,Xanthomarina spongicola,1,0,nirK_only,WP_109682936.1,NA,1
fulvimonas soli,155197,Fulvimonas soli,1,0,nirK_only,WP_109723911.1,NA,1
minwuia thermotolerans,2056226,Minwuia thermotolerans,1,1,both,WP_109794832.1,WP_164516497.1,1
flavobacterium cheongpyeongense,2212651,Flavobacterium cheongpyeongense,1,0,nirK_only,WP_110306887.1,NA,1
arenibacter flavimaris,178469;2135619;3053612,Arenibacter;Arenibacter sp. ARW7G5Y1;Arenibacter flavimaris,1,0,nirK_only,WP_110354994.1,NA,1
winogradskyella epiphytica,262005,Winogradskyella epiphytica,1,0,nirK_only,WP_110475675.1,NA,1
putridiphycobacter roseus,2219161,Putridiphycobacter roseus,1,0,nirK_only,WP_111062244.1,NA,1
marilutibacter maris,1605891,Marilutibacter maris,1,0,nirK_only,WP_111265549.1,NA,1
flavobacterium ginsenosidimutans,687844,Flavobacterium ginsenosidimutans,1,0,nirK_only,WP_111286706.1,NA,1
algoriphagus chordae,237019,Algoriphagus chordae,1,0,nirK_only,WP_111317083.1,NA,1
bradymonas sediminis,1548548,Bradymonas sediminis,1,0,nirK_only,WP_111336482.1,NA,1
flavobacterium anhuiense,1617283;237;459526;237;2962567;459526;237;2983767;459526;687844;459526,Flavobacterium anhuiense,1,0,nirK_only,WP_111378630.1,NA,1
flavobacterium aquariorum,2217670,Flavobacterium aquariorum,1,0,nirK_only,WP_111411261.1,NA,1
flavobacterium sharifuzzamanii,2211133,Flavobacterium sharifuzzamanii,1,0,nirK_only,WP_111424067.1,NA,1
uncultured haemophilus,237779,uncultured Haemophilus sp.,1,0,nirK_only,WP_160222534.1,NA,1
flavobacterium aquaticum,1236486;237;239,Flavobacterium;Flavobacterium sp.;Flavobacterium aquaticum,1,0,nirK_only,WP_111567241.1,NA,1
lutibacter citreus,2138210,Lutibacter citreus,1,0,nirK_only,WP_111706694.1,NA,1
salinisphaera orenii,1304240;856731,Salinisphaera orenii;Salinisphaera orenii subsp. halophila,1,0,nirK_only,WP_111748438.1,NA,1
aequorivita lipolytica,153267,Aequorivita lipolytica,1,0,nirK_only,WP_111815665.1,NA,1
aequorivita antarctica,153266,Aequorivita antarctica,1,0,nirK_only,WP_111845384.1,NA,1
flavobacterium koreense,1101402;237;706187,Flavobacterium;Flavobacterium koreense;Flavobacterium aciduliphilum,1,0,nirK_only,WP_112112231.1,NA,1
prauserella muralis,588067,Prauserella muralis,1,0,nirK_only,WP_112285318.1,NA,1
solilutibacter oculi,2698682,Solilutibacter oculi,1,1,both,WP_112927173.1,WP_162615920.1,1
glutamicibacter soli,1268;2183908;453836;453836,Glutamicibacter soli,1,0,nirK_only,WP_113606475.1,NA,1
chitinophaga flava,2259036,Chitinophaga flava,1,0,nirK_only,WP_113614301.1,NA,1
roseiarcus fermentans,1473586,Roseiarcus fermentans,1,1,both,WP_113890379.1,WP_113890781.1,1
acidipropionibacterium virtanenii,2057246,Acidipropionibacterium virtanenii,1,0,nirK_only,WP_114045945.1,NA,1
candidatus halocynthiibacter,2267619,Candidatus Halocynthiibacter alkanivorans,1,1,both,WP_114285895.1,WP_114287189.1,1
ferruginivarius sediminum,2661937,Ferruginivarius sediminum,1,1,both,WP_114582693.1,WP_114582570.1,1
pleomorphovibrio marinus,2164132,Pleomorphovibrio marinus,1,0,nirK_only,WP_114749480.1,NA,1
microvirga subterranea,186651,Microvirga subterranea,1,1,both,WP_114768952.1,WP_114768409.1,1
dyella solisilvae,1920168,Dyella solisilvae,1,0,nirK_only,WP_114825233.1,NA,1
ornithinimicrobium murale,1050153,Ornithinimicrobium murale,1,0,nirK_only,WP_114907545.1,NA,1
ornithinimicrobium avium,2283195,Ornithinimicrobium avium,1,0,nirK_only,WP_114928296.1,NA,1
kingella potus,1122136;265175;265175,Kingella potus;Kingella potus DSM 18304,1,1,both,WP_115307635.1,WP_115308122.1,1
brachybacterium saurashtrense,556288,Brachybacterium saurashtrense,1,0,nirK_only,WP_115412231.1,NA,1
sinorhizobium/ensifer group,1358417;227292;3453922;1358418;227292;2769286;2854774;3453935;2203782;227292;430451,Sinorhizobium/Ensifer group;Sinorhizobium sp. Sb3;Ensifer sp. 22460,1,1,both,WP_115421993.1,WP_058324156.1,1
actinobacillus lignieresii,720,Actinobacillus lignieresii,1,0,nirK_only,WP_115587944.1,NA,1
chromobacterium violaceum,243365;536;536,Chromobacterium violaceum,1,1,both,WP_115610227.1,WP_011137910.1,1
winogradskyella pacifica,664642,Winogradskyella pacifica,1,0,nirK_only,WP_115810538.1,NA,1
flavobacterium aquicola,1682742,Flavobacterium aquicola,1,0,nirK_only,WP_115813464.1,NA,1
winogradskyella sediminis,1382466,Winogradskyella sediminis,1,0,nirK_only,WP_115837881.1,NA,1
lysobacter soli,453783,Lysobacter soli,1,1,both,WP_115842259.1,WP_253336278.1,1
tenacibaculum gallaicum,561505,Tenacibaculum gallaicum,1,0,nirK_only,WP_115901598.1,NA,1
chryseobacterium flavum,415851,Chryseobacterium flavum,1,0,nirK_only,WP_115956439.1,NA,1
epilithonimonas hispanica,358687,Epilithonimonas hispanica,1,0,nirK_only,WP_116036173.1,NA,1
microbacterium bovistercoris,2293570,Microbacterium bovistercoris,1,0,nirK_only,WP_116242500.1,NA,1
zobellella maritima,2059725,Zobellella maritima,1,0,nirK_only,WP_116472521.1,NA,1
alitibacter langaaensis,1122935;756,Alitibacter langaaensis;Alitibacter langaaensis DSM 22999,1,0,nirK_only,WP_116632132.1,NA,1
marixanthomonas spongiae,2174845,Marixanthomonas spongiae,1,0,nirK_only,WP_116693840.1,NA,1
flavobacterium psychrotolerans,2169410,Flavobacterium psychrotolerans,1,0,nirK_only,WP_116725299.1,NA,1
hymenobacter lapidiphilus,2608003,Hymenobacter lapidiphilus,1,0,nirK_only,WP_116943029.1,NA,1
unclassified arenibacter,2183745;2303391;2615047,Arenibacter sp. A80;Arenibacter sp. P308M17;unclassified Arenibacter,1,0,nirK_only,WP_117018101.1,NA,1
mariniflexile rhizosphaerae,2027857,Mariniflexile rhizosphaerae,1,0,nirK_only,WP_117174597.1,NA,1
aureibaculum luteum,1548456,Aureibaculum luteum,1,0,nirK_only,WP_117883142.1,NA,1
aggregatilinea lenta,913108,Aggregatilinea lenta,1,1,both,WP_119071132.1,WP_119067693.1,1
taklimakanibacter lacteus,2268456,Taklimakanibacter lacteus,1,1,both,WP_119390814.1,WP_119389605.1,1
flagellimonas aequoris,2306997,Flagellimonas aequoris,1,0,nirK_only,WP_119641077.1,NA,1
propionibacterium ruminifibrarum,1962131,Propionibacterium ruminifibrarum,1,0,nirK_only,WP_119715116.1,NA,1
cognatilysobacter tabacisoli,2315424,Cognatilysobacter tabacisoli,1,0,nirK_only,WP_119716972.1,NA,1
massilia cavernae,2320864,Massilia cavernae,1,1,both,WP_119812971.1,WP_119813232.1,1
kocuria subflava,1736139;2282476;57493,Kocuria;Kocuria subflava;Kocuria sp. CPCC 104605,1,0,nirK_only,WP_119932748.1,NA,1
cryobacterium soli,2220095,Cryobacterium soli,1,0,nirK_only,WP_120339057.1,NA,1
nocardioides ferulae,2340821,Nocardioides ferulae,1,0,nirK_only,WP_121258404.1,NA,1
janthinobacterium agaricidamnosum,1349767;55508;55508,Janthinobacterium agaricidamnosum;Janthinobacterium agaricidamnosum NBRC 102515 = DSM 9628,1,1,both,WP_121670463.1,WP_038490134.1,1
solilutibacter pythonis,2483112,Solilutibacter pythonis,1,0,nirK_only,WP_122101850.1,NA,1
kaistella daneshvariae,2487074,Kaistella daneshvariae,1,0,nirK_only,WP_123266575.1,NA,1
flexivirga caeni,2294115,Flexivirga caeni,1,0,nirK_only,WP_123271796.1,NA,1
pseudofulvimonas gallinarii,634155,Pseudofulvimonas gallinarii,1,0,nirK_only,WP_123521556.1,NA,1
neisseria animalis,492,Neisseria animalis,1,1,both,WP_123794574.1,WP_123795944.1,1
neisseria weixii,1853276,Neisseria weixii,1,1,both,WP_373752591.1,WP_096295398.1,1
kocuria soli,2485125,Kocuria soli,1,0,nirK_only,WP_123826482.1,NA,1
chryseobacterium bernardetii,1241978;1241978;1609531;59732,Chryseobacterium bernardetii,1,0,nirK_only,WP_123870847.1,NA,1
cellulomonas algicola,2071633,Cellulomonas algicola,1,0,nirK_only,WP_124343511.1,NA,1
amniculibacterium aquaticum,2479858;2715289;2767188,Amniculibacterium aquaticum;Amniculibacterium;Amniculibacterium sp. G2-70,1,0,nirK_only,WP_124640666.1,NA,1
epilithonimonas vandammei,2487072,Epilithonimonas vandammei,1,0,nirK_only,WP_124802792.1,NA,1
tenacibaculum singaporense,2358479,Tenacibaculum singaporense,1,0,nirK_only,WP_125067670.1,NA,1
specibacter cremeus,1629051,Specibacter cremeus,1,0,nirK_only,WP_125613145.1,NA,1
iodobacter ciconiae,2496266,Iodobacter ciconiae,1,1,both,WP_125971722.1,WP_125971025.1,1
flaviflexus salsibiostraticola,1282737,Flaviflexus salsibiostraticola,1,1,both,WP_126041335.1,WP_211331432.1,1
massilia atriviolacea,2495579,Massilia atriviolacea,1,1,both,WP_126072076.1,WP_126075804.1,1
avibacterium volantium,292486;380674;762;762,Avibacterium volantium;Avibacterium;Avibacterium endocarditidis,1,0,nirK_only,WP_126372753.1,NA,1
aerosticca soli,2010829,Aerosticca soli,1,0,nirK_only,WP_126539003.1,NA,1
brachybacterium conglomeratum,173362;43668;47846;47846,Brachybacterium conglomeratum,1,0,nirK_only,WP_126984660.1,NA,1
azospirillum doebereinerae,92933,Azospirillum doebereinerae,1,0,nirK_only,WP_127003320.1,NA,1
pelagibacterium lentulum,2029865,Pelagibacterium lentulum,1,0,nirK_only,WP_127070560.1,NA,1
lujinxingia sediminis,2480984,Lujinxingia sediminis,1,0,nirK_only,WP_127778877.1,NA,1
flavobacterium sufflavum,1921138,Flavobacterium sufflavum,1,0,nirK_only,WP_128194321.1,NA,1
aequorivita ciconiae,2494375,Aequorivita ciconiae,1,0,nirK_only,WP_128249626.1,NA,1
arcticibacter tournemirensis,699437,Arcticibacter tournemirensis,1,0,nirK_only,WP_128768757.1,NA,1
gelidibacter gilvus,59602,Gelidibacter gilvus,1,0,nirK_only,WP_129016968.1,NA,1
oleiharenicola lentus,2508720,Oleiharenicola lentus,1,0,nirK_only,WP_129046542.1,NA,1
agromyces atrinae,592376,Agromyces atrinae,1,0,nirK_only,WP_129176926.1,NA,1
ciceribacter ferrooxidans,2509717,Ciceribacter ferrooxidans,1,1,both,WP_129331693.1,WP_129332740.1,1
rothia kristinae,1349768;37923;37923,Rothia kristinae,1,0,nirK_only,WP_129357974.1,NA,1
microbacterium protaetiae,2509458,Microbacterium protaetiae,1,0,nirK_only,WP_129390519.1,NA,1
propioniciclava flava,2072026,Propioniciclava flava,1,0,nirK_only,WP_129459597.1,NA,1
peristeroidobacter agariperforans,268404,Peristeroidobacter agariperforans,1,1,both,WP_129645466.1,WP_129641379.1,1
peristeroidobacter soli,2497877,Peristeroidobacter soli,1,1,both,WP_129781613.1,WP_129780910.1,1
iodobacter fluviatilis,537,Iodobacter fluviatilis,1,1,both,WP_130107070.1,WP_115226643.1,1
cecembia calidifontis,1187080,Cecembia calidifontis,1,0,nirK_only,WP_130276708.1,NA,1
dyella amyloliquefaciens,1770545,Dyella amyloliquefaciens,1,0,nirK_only,WP_130620869.1,NA,1
cellulomonas biazotea,1709,Cellulomonas biazotea,1,0,nirK_only,WP_130783106.1,NA,1
[pseudopropionibacterium] massiliense,2220000,[Pseudopropionibacterium] massiliense,1,0,nirK_only,WP_130874700.1,NA,1
ornithinimicrobium sufpigmenti,2508882,Ornithinimicrobium sufpigmenti,1,0,nirK_only,WP_131106139.1,NA,1
dyella terrae,522259,Dyella terrae,1,0,nirK_only,WP_131151231.1,NA,1
propioniciclava sinopodophylli,1837344,Propioniciclava sinopodophylli,1,0,nirK_only,WP_131166898.1,NA,1
psychrobacter pygoscelis,2488563,Psychrobacter pygoscelis,1,0,nirK_only,WP_131667637.1,NA,1
flavobacterium rhamnosiphilum,2541724,Flavobacterium rhamnosiphilum,1,0,nirK_only,WP_131915756.1,NA,1
dokdonella fugitiva,328517,Dokdonella fugitiva,1,0,nirK_only,WP_182532374.1,NA,1
flavobacterium sandaracinum,237;239;2541733,Flavobacterium;Flavobacterium sp.;Flavobacterium sandaracinum,1,0,nirK_only,WP_132066659.1,NA,1
flavobacterium ranwuense,2541725,Flavobacterium ranwuense,1,0,nirK_only,WP_132069928.1,NA,1
flavobacterium hiemivividum,2541734,Flavobacterium hiemivividum,1,0,nirK_only,WP_132108256.1,NA,1
actinomadura darangshiensis,705336,Actinomadura darangshiensis,1,0,nirK_only,WP_132196376.1,NA,1
roseateles saccharophilus,304,Roseateles saccharophilus,1,0,nirK_only,WP_132575011.1,NA,1
uruburuella suis,252130,Uruburuella suis,1,1,both,WP_132952060.1,WP_132954872.1,1
occultella glacieicola,2518684,Occultella glacieicola,1,0,nirK_only,WP_133109854.1,NA,1
tenacibaculum caenipelagi,1325435,Tenacibaculum caenipelagi,1,0,nirK_only,WP_133536522.1,NA,1
flavobacterium cheniae,295428,Flavobacterium cheniae,1,0,nirK_only,WP_133606756.1,NA,1
paludibacterium purpuratum,1144873,Paludibacterium purpuratum,1,1,both,WP_133681840.1,WP_133682286.1,1
myroides indicus,1323422,Myroides indicus,1,0,nirK_only,WP_133712425.1,NA,1
actinorugispora endophytica,1605990,Actinorugispora endophytica,1,0,nirK_only,WP_133741233.1,NA,1
gelidibacter sediminis,1608710,Gelidibacter sediminis,1,0,nirK_only,WP_133757711.1,NA,1
cryobacterium cheniae,1259262,Cryobacterium cheniae,1,0,nirK_only,WP_134369498.1,NA,1
cryobacterium sandaracinum,1259166;1259247;69578,Cryobacterium;Cryobacterium sp. Hz7;Cryobacterium sandaracinum,1,0,nirK_only,WP_134374399.1,NA,1
unclassified cryobacterium,1259168;1259169;2649013;1259177;1259179;1259181;1259182;2649013;1259208;1259209;1259210;1259211;2649013;1259249;1259250;1259255;2649013;2649013;2787716;3071715;2649013;3048576;3048577;3048578;3048582;3048592;3048634;2649013;3048581;3048586;3048643,unclassified Cryobacterium;Cryobacterium sp. 10I5;Cryobacterium sp. 5B3;Cryobacterium sp. RTS3,1,0,nirK_only,WP_134394494.1,NA,1
cryobacterium shii,1259235;1259252;1259256;69578,Cryobacterium;Cryobacterium shii;Cryobacterium sp. TMT2-23;Cryobacterium sp. TMT4-10,1,0,nirK_only,WP_134402489.1,NA,1
cryobacterium cryoconiti,1259239,Cryobacterium cryoconiti,1,0,nirK_only,WP_134422877.1,NA,1
cryobacterium sinapicolor,1259236;2555867;69578,Cryobacterium;Cryobacterium sinapicolor;Cryobacterium sp. TMT3-29-2,1,0,nirK_only,WP_134427258.1,NA,1
methylacidiphilum caldifontis,2795386,Methylacidiphilum caldifontis,1,0,nirK_only,WP_134439311.1,NA,1
cryobacterium adonitolivorans,1259189,Cryobacterium adonitolivorans,1,0,nirK_only,WP_134452222.1,NA,1
cryobacterium glaciale,1259145,Cryobacterium glaciale,1,0,nirK_only,WP_134501015.1,NA,1
cryobacterium mannosilyticum,1259190,Cryobacterium mannosilyticum,1,0,nirK_only,WP_134510068.1,NA,1
cryobacterium suzukii,1259198,Cryobacterium suzukii,1,0,nirK_only,WP_134513239.1,NA,1
cryobacterium frigoriphilum,1259150,Cryobacterium frigoriphilum,1,0,nirK_only,WP_134521025.1,NA,1
cryobacterium fucosi,1259157,Cryobacterium fucosi,1,0,nirK_only,WP_134524621.1,NA,1
cryobacterium serini,1259201,Cryobacterium serini,1,0,nirK_only,WP_134527552.1,NA,1
cryobacterium algoricola,1259183,Cryobacterium algoricola,1,0,nirK_only,WP_134533597.1,NA,1
cryobacterium gelidum,1259164,Cryobacterium gelidum,1,0,nirK_only,WP_134551080.1,NA,1
cryobacterium ruanii,1259197,Cryobacterium ruanii,1,0,nirK_only,WP_134555465.1,NA,1
cryobacterium glucosi,1259175,Cryobacterium glucosi,1,0,nirK_only,WP_134561346.1,NA,1
cryobacterium algoritolerans,1259184,Cryobacterium algoritolerans,1,0,nirK_only,WP_134565876.1,NA,1
cryobacterium lyxosi,1259228,Cryobacterium lyxosi,1,0,nirK_only,WP_134572131.1,NA,1
cryobacterium lactosi,1259202,Cryobacterium lactosi,1,0,nirK_only,WP_134642112.1,NA,1
luteimonas yindakuii,2565782,Luteimonas yindakuii,1,1,both,WP_134674097.1,WP_243733027.1,1
micrococcus flavus,384602,Micrococcus flavus,1,0,nirK_only,WP_135030652.1,NA,1
flavobacterium foetidum,2026681,Flavobacterium foetidum,1,0,nirK_only,WP_135220085.1,NA,1
methylotenera oryzisoli,2080758,Methylotenera oryzisoli,1,1,both,WP_135277189.1,WP_135276211.1,1
leptospira noumeaensis,2484964,Leptospira noumeaensis,1,0,nirK_only,WP_135600214.1,NA,1
leptospira mtsangambouensis,2484912,Leptospira mtsangambouensis,1,0,nirK_only,WP_135692645.1,NA,1
actinobacillus porcinus,51048,Actinobacillus porcinus,1,0,nirK_only,WP_135709528.1,NA,1
leptospira bandrabouensis,2484903,Leptospira bandrabouensis,1,0,nirK_only,WP_135743400.1,NA,1
leptospira bourretii,2484962,Leptospira bourretii,1,0,nirK_only,WP_135747094.1,NA,1
leptospira fletcheri,2484981,Leptospira fletcheri,1,0,nirK_only,WP_135768066.1,NA,1
marinobacter confluentis,1697557,Marinobacter confluentis,1,0,nirK_only,WP_135802904.1,NA,1
leptospira fluminis,2484979,Leptospira fluminis,1,0,nirK_only,WP_135813392.1,NA,1
flavivirga rizhaonensis,2559571,Flavivirga rizhaonensis,1,0,nirK_only,WP_135877315.1,NA,1
marinicauda pacifica,1133559,Marinicauda pacifica,1,0,nirK_only,WP_135945380.1,NA,1
marinicauda algicola,2029849,Marinicauda algicola,1,0,nirK_only,WP_135994653.1,NA,1
rhodanobacter lindaniclasticus,75310,Rhodanobacter lindaniclasticus,1,0,nirK_only,WP_449426590.1,NA,1
flavobacterium supellecticarium,2565924,Flavobacterium supellecticarium,1,0,nirK_only,WP_136404420.1,NA,1
flagellimonas onchidii,2562684,Flagellimonas onchidii,1,0,nirK_only,WP_136468719.1,NA,1
peteryoungia rhizophila,1850373,Peteryoungia rhizophila,1,1,both,WP_136559363.1,WP_136558343.1,1
sinimarinibacterium arenosum,2562283,Sinimarinibacterium arenosum,1,1,both,WP_136849816.1,WP_136848549.1,1
prescottella subtropica,2545757,Prescottella subtropica,1,0,nirK_only,WP_137724223.1,NA,1
sphingobacterium daejeonense,371142,Sphingobacterium daejeonense,1,0,nirK_only,WP_260033873.1,NA,1
fodinibius saliphilus,1920650,Fodinibius saliphilus,1,1,both,WP_138430994.1,WP_138431511.1,1
unclassified pseudoalteromonas,1354081;194690;2687287;2792071;2792072;1777235;194690;2942288;3136669;3136671;53249;579558;579559;1777237;1777256;194690;195716;2907156;2974919;1904458;194690;2588452;2755063;2908886;1938595;194690;2686347;3035173;194690;2686349;2686351;2686354;2792074;3140419;3140428;3140434;3140439;3140479;194690;2908893;2954495;194690;3035157;3035159;194690;3140417;579534,unclassified Pseudoalteromonas;Pseudoalteromonas sp. Hal040;Pseudoalteromonas sp. Hal056,1,1,both,WP_138562108.1,WP_130149355.1,1
actinomadura geliboluensis,882440,Actinomadura geliboluensis,1,0,nirK_only,WP_138640417.1,NA,1
flagellimonas algicola,2583815,Flagellimonas algicola,1,0,nirK_only,WP_138832263.1,NA,1
antarcticibacterium flavum,2058174;2058175;2183747,Antarcticibacterium;Antarcticibacterium flavum;Antarcticibacterium sp. W02-3,1,0,nirK_only,WP_139066649.1,NA,1
amycolatopsis alkalitolerans,2547244,Amycolatopsis alkalitolerans,1,0,nirK_only,WP_139094491.1,NA,1
arenimonas terrae,2546226,Arenimonas terrae,1,0,nirK_only,WP_139448239.1,NA,1
microbispora catharanthi,1712871,Microbispora catharanthi,1,1,both,WP_139578440.1,WP_139579415.1,1
thermomonas aquatica,2202149,Thermomonas aquatica,1,1,both,WP_139717422.1,WP_168191572.1,1
aequorivita sinensis,1382458;1382458;153265;2760087,Aequorivita sinensis,1,0,nirK_only,WP_139856592.1,NA,1
georgenia yuyongxinii,2589797,Georgenia yuyongxinii,1,0,nirK_only,WP_139931610.1,NA,1
flavicella sediminum,2585141,Flavicella sediminum,1,0,nirK_only,WP_139957310.1,NA,1
thermomonospora catenispora,2493090,Thermomonospora catenispora,1,0,nirK_only,WP_140179206.1,NA,1
cellulomonas oligotrophica,931536,Cellulomonas oligotrophica,1,0,nirK_only,WP_140459048.1,NA,1
pontibacter mangrovi,2589816,Pontibacter mangrovi,1,0,nirK_only,WP_140622317.1,NA,1
cognatiluteimonas lumbrici,2559601,Cognatiluteimonas lumbrici,1,0,nirK_only,WP_140908678.1,NA,1
janthinobacterium tructae,2590869,Janthinobacterium tructae,1,0,nirK_only,WP_141170728.1,NA,1
cellulomonas uda,1714,Cellulomonas uda,1,0,nirK_only,WP_141320416.1,NA,1
ornithinimicrobium kibberense,282060,Ornithinimicrobium kibberense,1,0,nirK_only,WP_141337993.1,NA,1
glutamicibacter uratoxydans,43667,Glutamicibacter uratoxydans,1,0,nirK_only,WP_141365806.1,NA,1
cellulomonas gelida,1712,Cellulomonas gelida,1,0,nirK_only,WP_141368700.1,NA,1
cellulomonas cellasea,43670,Cellulomonas cellasea,1,0,nirK_only,WP_141372185.1,NA,1
microbacterium lacticum,33885,Microbacterium lacticum,1,0,nirK_only,WP_141379819.1,NA,1
marilutibacter alkalisoli,2591633,Marilutibacter alkalisoli,1,0,nirK_only,WP_141622976.1,NA,1
oligoflexus tunisiensis,708132,Oligoflexus tunisiensis,1,0,nirK_only,WP_141735102.1,NA,1
ornithinicoccus hortensis,82346,Ornithinicoccus hortensis,1,0,nirK_only,WP_141783520.1,NA,1
ornithinimicrobium humiphilum,125288,Ornithinimicrobium humiphilum,1,0,nirK_only,WP_141821092.1,NA,1
homoserinimonas aerilata,1162970,Homoserinimonas aerilata,1,0,nirK_only,WP_141881572.1,NA,1
actinomadura hallensis,337895,Actinomadura hallensis,1,0,nirK_only,WP_141966898.1,NA,1
propioniferax innocua,1753,Propioniferax innocua,1,0,nirK_only,WP_142092673.1,NA,1
thermopolyspora flexuosa,103836,Thermopolyspora flexuosa,1,0,nirK_only,WP_142261398.1,NA,1
saccharicrinis carchari,1168039,Saccharicrinis carchari,1,0,nirK_only,WP_142533587.1,NA,1
pseudorhizobium halotolerans,1233081,Pseudorhizobium halotolerans,1,1,both,WP_142589950.1,WP_142587705.1,1
pseudorhizobium endolithicum,1191678,Pseudorhizobium endolithicum,1,1,both,WP_142593868.1,WP_142520750.1,1
methylacidimicrobium tartarophylax,1041768,Methylacidimicrobium tartarophylax,1,0,nirK_only,WP_142660518.1,NA,1
fodinibius sediminis,1214077,Fodinibius sediminis,1,1,both,WP_142713408.1,WP_142713872.1,1
changchengzhania lutea,2049305,Changchengzhania lutea,1,0,nirK_only,WP_142786580.1,NA,1
ornithinimicrobium ciconiae,2594265,Ornithinimicrobium ciconiae,1,0,nirK_only,WP_143783380.1,NA,1
tomitella fengzijianii,2597660,Tomitella fengzijianii,1,0,nirK_only,WP_143906893.1,NA,1
tessaracoccus rhinocerotis,1689449,Tessaracoccus rhinocerotis,1,0,nirK_only,WP_143937156.1,NA,1
nitrospina gracilis,1266370;2940485;35800;314274;35801,Nitrospina gracilis;Nitrospina gracilis Nb-211,1,0,nirK_only,WP_144079049.1,NA,1
bifidobacterium apousia,1678;2750974;2750996;1678;2750996;2750998;2750996,Bifidobacterium apousia,1,0,nirK_only,WP_144085168.1,NA,1
uncultured flavobacterium,165435;165435;1896169;196869;239;165435;1946548,uncultured Flavobacterium sp.,1,0,nirK_only,WP_294957905.1,NA,1
amycolatopsis rhizosphaerae,2053003,Amycolatopsis rhizosphaerae,1,0,nirK_only,WP_144589290.1,NA,1
aerolutibacter ruishenii,686800,Aerolutibacter ruishenii,1,1,both,WP_144812421.1,WP_144814289.1,1
pseudoduganella flava,871742,Pseudoduganella flava,1,0,nirK_only,WP_145881768.1,NA,1
cellulomonas persica,76861,Cellulomonas persica,1,0,nirK_only,WP_146804738.1,NA,1
actinotalea fermentans,43671,Actinotalea fermentans,1,0,nirK_only,WP_146819017.1,NA,1
cellulomonas hominis,156981,Cellulomonas hominis,1,0,nirK_only,WP_146832847.1,NA,1
antarcticibacterium arcticum,2585771,Antarcticibacterium arcticum,1,0,nirK_only,WP_146834631.1,NA,1
cellulomonas composti,266130,Cellulomonas composti,1,0,nirK_only,WP_146842450.1,NA,1
gelidibacter salicanalis,291193,Gelidibacter salicanalis,1,0,nirK_only,WP_146888984.1,NA,1
comamonas flocculans,2597701,Comamonas flocculans,1,1,both,WP_146912692.1,WP_146911910.1,1
cellulomonas soli,931535,Cellulomonas soli,1,0,nirK_only,WP_146952117.1,NA,1
allomicrovenator marinus,2600177,Allomicrovenator marinus,1,0,nirK_only,WP_146958394.1,NA,1
lujinxingia vulgaris,2600176,Lujinxingia vulgaris,1,0,nirK_only,WP_146976637.1,NA,1
psychrobacter frigidicola,45611,Psychrobacter frigidicola,1,0,nirK_only,WP_147222082.1,NA,1
actinomadura logoneensis,2293572,Actinomadura logoneensis,1,0,nirK_only,WP_147341024.1,NA,1
vulcaniibacterium gelatinicum,2598725,Vulcaniibacterium gelatinicum,1,0,nirK_only,WP_147651974.1,NA,1
algibacter pacificus,2599389,Algibacter pacificus,1,0,nirK_only,WP_147678262.1,NA,1
pontibacter qinzhouensis,2603253,Pontibacter qinzhouensis,1,0,nirK_only,WP_147921433.1,NA,1
bizionia saleffrena,291189,Bizionia saleffrena,1,0,nirK_only,WP_148370826.1,NA,1
bizionia gelidisalsuginis,291188,Bizionia gelidisalsuginis,1,0,nirK_only,WP_148381297.1,NA,1
bizionia myxarmorum,291186,Bizionia myxarmorum,1,0,nirK_only,WP_148403945.1,NA,1
formosa maritima,2592046,Formosa maritima,1,0,nirK_only,WP_148455667.1,NA,1
fodinibius salinus,860790,Fodinibius salinus,1,1,both,WP_148897526.1,WP_148899692.1,1
neoaquamicrobium microcysteis,2682781,Neoaquamicrobium microcysteis,1,1,both,WP_148913057.1,WP_148914131.1,1
actinotalea subterranea,2607497,Actinotalea subterranea,1,0,nirK_only,WP_149205307.1,NA,1
chromobacterium paludis,2605945,Chromobacterium paludis,1,1,both,WP_149295622.1,WP_149299041.1,1
roseomonas genomospecies,214106,Roseomonas genomospecies 6,1,1,both,WP_149469290.1,WP_149470260.1,1
arenimonas fontis,2608255,Arenimonas fontis,1,0,nirK_only,WP_149860337.1,NA,1
microvirga brassicacearum,2580413,Microvirga brassicacearum,1,1,both,WP_150944681.1,WP_150942824.1,1
neisseria zalophi,640030,Neisseria zalophi,1,1,both,WP_151051026.1,WP_151050778.1,1
serinicoccus kebangsaanensis,2602069,Serinicoccus kebangsaanensis,1,0,nirK_only,WP_151525396.1,NA,1
bradyrhizobium betae,1390141;1390146;1420730;2171497;2171499;244734;374;244734,Bradyrhizobium;Bradyrhizobium betae;Bradyrhizobium sp. WBOS16;Bradyrhizobium sp. WBOS7;Bradyrhizobium sp. WBOS2;Bradyrhizobium sp. WBOS02;Bradyrhizobium sp. WBOS07,1,1,both,WP_151642243.1,WP_257180000.1,1
marinobacter changyiensis,2604091,Marinobacter changyiensis,1,0,nirK_only,WP_152204999.1,NA,1
janthinobacterium aquaticum,2751477,Janthinobacterium aquaticum,1,0,nirK_only,WP_152242579.1,NA,1
janthinobacterium rivuli,2751478,Janthinobacterium rivuli,1,0,nirK_only,WP_152253153.1,NA,1
janthinobacterium violaceinigrum,2654252,Janthinobacterium violaceinigrum,1,0,nirK_only,WP_152285096.1,NA,1
streptomyces phyllanthi,1803180,Streptomyces phyllanthi,1,0,nirK_only,WP_152780307.1,NA,1
caenimonas koreensis,1121255;367474;367474,Caenimonas koreensis,1,0,nirK_only,WP_153586310.1,NA,1
duganella alba,2666081,Duganella alba,1,1,both,WP_154364474.1,WP_154370361.1,1
cutibacterium porci,2605781,Cutibacterium porci,1,0,nirK_only,WP_154561326.1,NA,1
uncultured arsenicicoccus,2663847;491339,uncultured Arsenicicoccus sp.;Arsenicicoccus cauae,1,0,nirK_only,WP_154593017.1,NA,1
myroides pelagicus,270914,Myroides pelagicus,1,0,nirK_only,WP_155036680.1,NA,1
myroides albus,2562892;2683192;76831,Myroides;Myroides albus;Myroides sp. LoEW2-1,1,0,nirK_only,WP_155093039.1,NA,1
fulvivirga kasyanovii,396812,Fulvivirga kasyanovii,1,0,nirK_only,WP_155174025.1,NA,1
pseudoduganella danionis,1890295,Pseudoduganella danionis,1,1,both,WP_155435868.1,WP_155433921.1,1
duganella radicis,551988,Duganella radicis,1,1,both,WP_155463319.1,WP_155465626.1,1
pseudactinotalea terrae,1743262,Pseudactinotalea terrae,1,0,nirK_only,WP_156251477.1,NA,1
sphingobacterium endophyticum,2546448,Sphingobacterium endophyticum,1,0,nirK_only,WP_156309333.1,NA,1
noviluteimonas gilva,2682097,Noviluteimonas gilva,1,0,nirK_only,WP_156643355.1,NA,1
occultella aeris,2761496,Occultella aeris,1,0,nirK_only,WP_156739188.1,NA,1
sphingomonas horti,13687;2682842;2755554,Sphingomonas;Sphingomonas horti;Sphingomonas sp. CGMCC 1.13658,1,0,nirK_only,WP_157026834.1,NA,1
nocardia vaccinii,1210098;1822,Nocardia vaccinii;Nocardia vaccinii NBRC 15922,1,0,nirK_only,WP_157117280.1,NA,1
nitratireductor pacificus,1231180;391937,Nitratireductor pacificus pht-3B;Nitratireductor pacificus,1,1,both,WP_157188177.1,WP_008593968.1,1
mariniflexile maritimum,2682493,Mariniflexile maritimum,1,0,nirK_only,WP_157208872.1,NA,1
chitinophaga tropicalis,2683588,Chitinophaga tropicalis,1,0,nirK_only,WP_157305866.1,NA,1
unclassified microbacterium,2609290;2682846;3317335;2609290;3273399;3464423,unclassified Microbacterium;Microbacterium sp. GCM10027623;Microbacterium sp. MAHUQ-60,1,0,nirK_only,WP_157312363.1,NA,1
ornithinimicrobium pratense,2593973,Ornithinimicrobium pratense,1,0,nirK_only,WP_158062364.1,NA,1
myroides phaeus,702745,Myroides phaeus,1,0,nirK_only,WP_158209325.1,NA,1
cellulosimicrobium cellulans,1350482;1710;1710,Cellulosimicrobium cellulans,1,0,nirK_only,WP_158373322.1,NA,1
unclassified streptomyces,1415551;2593676;2975704;3154385;3347036;3347098;3347099;1463827;1463877;1463878;1463879;2593676;1736450;1736582;2593676;1906740;2585716;2593676;2135430;2593676;3028661;2203203;2203204;2593676;2593676;2903621;2903656;2903658;2593676;2903648;2975763;3345492;3345495;2593676;3154304;3154305;3155143;3346621;3346830;2593676;3154428;3155238;2593676;3154582;3364743;2593676;3154586;3155358;3156941;2593676;3154616;3155166;3155520;2593676;3154635;3155056;2593676;3154799;3155252;2593676;3154892;3413773;2593676;3155010;3365067;2593676;3155335;3346611;3347052;2593676;3155764;3365590;2593676;3155820;3366084;3685172;2593676;3156908;3157119;3569852;2593676;3345553;3345554;2593676;3351563;3365093;2593676;3364572;3364576;2593676;3364737;3684630;2593676;3364960;3412750;2593676;3365051;3365056;3365057;3365059;3684391;3684393;3684394;2593676;3365051;3365056;3365057;3684391;3684393;3684394;2593676;3365490;3365492;2593676;3365820;3404749;2593676;3413769;3470758;2593676;3413793;3413795;2593676;3684649;3684673;2593676;3684943;3684944,unclassified Streptomyces;Streptomyces sp. NPDC041191;Streptomyces sp. NPDC041193,1,1,both,WP_158709290.1,WP_071282637.1,1
lunatibacter salilacus,2483804,Lunatibacter salilacus,1,0,nirK_only,WP_158860275.1,NA,1
myroides fluvii,2572594,Myroides fluvii,1,0,nirK_only,WP_158961299.1,NA,1
lysobacter panacisoli,1255263,Lysobacter panacisoli,1,0,nirK_only,WP_158985030.1,NA,1
cognatiluteimonas profundi,2594501,Cognatiluteimonas profundi,1,0,nirK_only,WP_159016636.1,NA,1
ornithinibacter aureus,622664,Ornithinibacter aureus,1,0,nirK_only,WP_159902447.1,NA,1
bergeyella cardium,1585976,Bergeyella cardium,1,0,nirK_only,WP_160223658.1,NA,1
sphingobacterium humi,1796905,Sphingobacterium humi,1,0,nirK_only,WP_160370697.1,NA,1
flavobacterium hydrocarbonoxydans,237;2683249;2893753,Flavobacterium;Flavobacterium hydrocarbonoxydans;Flavobacterium piscisymbiosum,1,0,nirK_only,WP_160372959.1,NA,1
duganella lactea,2692173,Duganella lactea,1,1,both,WP_160988834.1,WP_161021403.1,1
duganella fentianensis,2692177,Duganella fentianensis,1,1,both,WP_161035223.1,WP_161036874.1,1
duganella qianjiadongensis,2692176,Duganella qianjiadongensis,1,1,both,WP_161038880.1,WP_161037157.1,1
duganella margarita,2692170,Duganella margarita,1,1,both,WP_161045003.1,WP_161047776.1,1
duganella vulcania,2692166,Duganella vulcania,1,1,both,WP_161086817.1,WP_161085565.1,1
propylenella binzhouense,2555902,Propylenella binzhouense,1,1,both,WP_161138641.1,WP_343039129.1,1
alloalcanivorax profundimaris,2735259,Alloalcanivorax profundimaris,1,0,nirK_only,WP_161384066.1,NA,1
pseudoxanthomonas broegbernensis,83619,Pseudoxanthomonas broegbernensis,1,0,nirK_only,WP_162312112.1,NA,1
pseudoxanthomonas yeongjuensis,377616,Pseudoxanthomonas yeongjuensis,1,0,nirK_only,WP_162314389.1,NA,1
pseudoxanthomonas japonensis,69284,Pseudoxanthomonas japonensis,1,1,both,WP_162339245.1,WP_310161179.1,1
pontibacter fetidus,2700082,Pontibacter fetidus,1,0,nirK_only,WP_162345723.1,NA,1
pseudoxanthomonas gei,1383030,Pseudoxanthomonas gei,1,1,both,WP_162347989.1,WP_162349389.1,1
pseudoxanthomonas sangjuensis,1503750,Pseudoxanthomonas sangjuensis,1,0,nirK_only,WP_162372515.1,NA,1
pseudoxanthomonas kaohsiungensis,283923;283923;3157341;83618,Pseudoxanthomonas kaohsiungensis,1,1,both,WP_162377918.1,WP_162378346.1,1
pseudoxanthomonas jiangsuensis,619688,Pseudoxanthomonas jiangsuensis,1,0,nirK_only,WP_162406436.1,NA,1
pseudoxanthomonas daejeonensis,266062,Pseudoxanthomonas daejeonensis,1,1,both,WP_162411462.1,WP_162410727.1,1
cyclobacterium roseum,2666137,Cyclobacterium roseum,1,0,nirK_only,WP_162416020.1,NA,1
pontibacter pudoricolor,2694930,Pontibacter pudoricolor,1,0,nirK_only,WP_162426724.1,NA,1
pseudoxanthomonas koreensis,266061,Pseudoxanthomonas koreensis,1,0,nirK_only,WP_162434473.1,NA,1
actinomadura bangladeshensis,453573,Actinomadura bangladeshensis,1,0,nirK_only,WP_163054755.1,NA,1
cryomorpha ignava,101383,Cryomorpha ignava,1,0,nirK_only,WP_163287227.1,NA,1
cyclobacterium jeungdonense,708087,Cyclobacterium jeungdonense,1,0,nirK_only,WP_163386465.1,NA,1
flavobacterium limi,2045105,Flavobacterium limi,1,0,nirK_only,WP_163393091.1,NA,1
gelidibacter japonicus,1962232,Gelidibacter japonicus,1,0,nirK_only,WP_163515488.1,NA,1
mycolicibacterium alvei,1641992;1866885;67081,Mycolicibacterium alvei;Mycolicibacterium lutetiense;Mycolicibacterium,1,0,nirK_only,WP_163663312.1,NA,1
phytoactinopolyspora halotolerans,1981512,Phytoactinopolyspora halotolerans,1,0,nirK_only,WP_163736698.1,NA,1
pseudoxanthomonas sacheonensis,443615,Pseudoxanthomonas sacheonensis,1,1,both,WP_310089857.1,WP_211840896.1,1
sphingobacterium luzhongxinii,2654181;2654322;2654323;28453,Sphingobacterium;Sphingobacterium luzhongxinii;Sphingobacterium sp. xlx-96;Sphingobacterium sp. xlx-130,1,0,nirK_only,WP_164111849.1,NA,1
neisseria yangbaofengii,2709396,Neisseria yangbaofengii,1,1,both,WP_165089307.1,WP_165008971.1,1
fodinibius halophilus,1736908,Fodinibius halophilus,1,0,nirK_only,WP_165268887.1,NA,1
streptomyces ureilyticus,1775131,Streptomyces ureilyticus,1,0,nirK_only,WP_165338385.1,NA,1
mycolicibacter algericus,1288388;723879,Mycolicibacter algericus DSM 45454;Mycolicibacter algericus,1,0,nirK_only,WP_165757171.1,NA,1
mycolicibacter senuensis,386913,Mycolicibacter senuensis,1,0,nirK_only,WP_165757715.1,NA,1
flavobacterium hercynium,387094,Flavobacterium hercynium,1,0,nirK_only,WP_165766648.1,NA,1
ancrocorticia populi,2175228,Ancrocorticia populi,1,0,nirK_only,WP_165819847.1,NA,1
cyclobacterium plantarum,2716263,Cyclobacterium plantarum,1,0,nirK_only,WP_166149755.1,NA,1
cognatiluteimonas telluris,1104775,Cognatiluteimonas telluris,1,0,nirK_only,WP_166206118.1,NA,1
propioniciclava coleopterorum,2714937,Propioniciclava coleopterorum,1,0,nirK_only,WP_166233811.1,NA,1
flavobacterium celericrescens,239;2709780,Flavobacterium sp.;Flavobacterium celericrescens,1,0,nirK_only,WP_166236704.1,NA,1
leucobacter viscericola,2714935,Leucobacter viscericola,1,0,nirK_only,WP_166289362.1,NA,1
unclassified polaribacter,196858;2687290;2855841,unclassified Polaribacter;Polaribacter sp. 11A2H;Polaribacter sp. NJDZ03,1,0,nirK_only,WP_166384963.1,NA,1
massilia mucilaginosa,2609282,Massilia mucilaginosa,1,1,both,WP_166880007.1,WP_166882441.1,1
rhizomicrobium electricum,480070,Rhizomicrobium electricum,1,1,both,WP_166932543.1,WP_166930068.1,1
paramicrobacterium fandaimingii,2708079,Paramicrobacterium fandaimingii,1,0,nirK_only,WP_166982201.1,NA,1
paramicrobacterium chengjingii,2769067,Paramicrobacterium chengjingii,1,0,nirK_only,WP_166984887.1,NA,1
massilia aquatica,2609000,Massilia aquatica,1,0,nirK_only,WP_167079971.1,NA,1
massilia frigida,2609281,Massilia frigida,1,1,both,WP_167088710.1,WP_167088500.1,1
parvibaculum indicum,562969,Parvibaculum indicum,1,0,nirK_only,WP_167094084.1,NA,1
saccharomonospora amisosensis,1128677,Saccharomonospora amisosensis,1,0,nirK_only,WP_167166480.1,NA,1
massilia rubra,2607910,Massilia rubra,1,1,both,WP_167223384.1,WP_167232941.1,1
massilia genomosp.,2609280,Massilia genomosp. 1,1,1,both,WP_167239736.1,WP_167238798.1,1
streptomyces albogriseolus,1883;1887;2719381;1883;1887;3366315;1883;1887;3366317;1887;1887;2867120;68256,Streptomyces albogriseolus,1,0,nirK_only,WP_167744532.1,NA,1
tamlana crocina,393006,Tamlana crocina,1,0,nirK_only,WP_167916718.1,NA,1
nonomuraea composti,2720023,Nonomuraea composti,1,1,both,WP_168017754.1,WP_206068600.1,1
candidatus manganitrophus,2606439,Candidatus Manganitrophus noduliformans,1,0,nirK_only,WP_168059061.1,NA,1
ramlibacter lithotrophicus,2606681,Ramlibacter lithotrophicus,1,0,nirK_only,WP_168109236.1,NA,1
salinimicrobium oceani,2722702,Salinimicrobium oceani,1,0,nirK_only,WP_168137442.1,NA,1
amycolatopsis acididurans,2724524,Amycolatopsis acididurans,1,0,nirK_only,WP_168512257.1,NA,1
chryseobacterium cheonjiense,2728845,Chryseobacterium cheonjiense,1,0,nirK_only,WP_169230039.1,NA,1
chryseobacterium aquaticum,2738985;452084;59732,Chryseobacterium;Chryseobacterium aquaticum;Chryseobacterium sp. C-204,1,0,nirK_only,WP_169320340.1,NA,1
ramlibacter agri,2728837,Ramlibacter agri,1,0,nirK_only,WP_169422939.1,NA,1
luteolibacter luteus,2728835,Luteolibacter luteus,1,0,nirK_only,WP_169453335.1,NA,1
euzebya rosea,2052804,Euzebya rosea,1,0,nirK_only,WP_170127963.1,NA,1
propionibacterium australiense,119981,Propionibacterium australiense,1,0,nirK_only,WP_170175642.1,NA,1
flavobacterium macrobrachii,237;2732161;591204,Flavobacterium;Flavobacterium macrobrachii;Flavobacterium rivulicola,1,0,nirK_only,WP_171221840.1,NA,1
limnovirga soli,2656915,Limnovirga soli,1,0,nirK_only,WP_171608854.1,NA,1
pseudomonas tumuqii,2715755;2715755;286;306,Pseudomonas;Pseudomonas sp.;Pseudomonas tumuqii,1,1,both,WP_172146609.1,WP_172150290.1,1
caenimonas soli,2735555,Caenimonas soli,1,0,nirK_only,WP_172220592.1,NA,1
permianibacter fluminis,2738515,Permianibacter fluminis,1,1,both,WP_172244023.1,WP_172240642.1,1
hydrocarboniclastica marina,2259620,Hydrocarboniclastica marina,1,0,nirK_only,WP_172962354.1,NA,1
neoaquamicrobium sediminum,1849104,Neoaquamicrobium sediminum,1,1,both,WP_368805274.1,WP_376769127.1,1
castellaniella defragrans,1437824;75697;75697,Castellaniella defragrans,1,0,nirK_only,WP_173424579.1,NA,1
flavobacterium gelidicaeli,2735895,Flavobacterium gelidicaeli,1,0,nirK_only,WP_173853468.1,NA,1
azospirillum formosense,191;2587012;861533;861533,Azospirillum formosense,1,1,both,WP_174437296.1,WP_343207312.1,1
azospirillum melinis,191;3111634;3160608;328839;709813;328839,Azospirillum melinis,1,1,both,WP_395452671.1,WP_109050425.1,1
methanotrophic endosymbiont,343235,methanotrophic endosymbiont of Bathymodiolus puteoserpentis (Logatchev),1,0,nirK_only,WP_174484578.1,NA,1
kocuria salina,1929416,Kocuria salina,1,0,nirK_only,WP_176337953.1,NA,1
flavobacterium inviolabile,1946546;237;2748320,Flavobacterium;Flavobacterium sp. UBA4197;Flavobacterium inviolabile,1,0,nirK_only,WP_177734528.1,NA,1
pseudomonas profundi,1981513;2706126;286,Pseudomonas;Pseudomonas profundi;Pseudomonas sp. OIL-1,1,0,nirK_only,WP_178100997.1,NA,1
pseudomonas saliphila,2586906,Pseudomonas saliphila,1,0,nirK_only,WP_178114782.1,NA,1
winogradskyella helgolandensis,2697010,Winogradskyella helgolandensis,1,0,nirK_only,WP_178986058.1,NA,1
flavobacterium notoginsengisoli,1478199;1478199;1617283;1834436;237;239;3031997,Flavobacterium notoginsengisoli,1,0,nirK_only,WP_179006606.1,NA,1
winogradskyella costae,2697008,Winogradskyella costae,1,0,nirK_only,WP_179334265.1,NA,1
saccharopolyspora hordei,1838,Saccharopolyspora hordei,1,0,nirK_only,WP_179723813.1,NA,1
billgrantia lactosivorans,2185141,Billgrantia lactosivorans,1,1,both,WP_179951315.1,WP_111413911.1,1
pusillimonas noertemannii,305977,Pusillimonas noertemannii,1,0,nirK_only,WP_180064374.1,NA,1
parapusillimonas granuli,380911,Parapusillimonas granuli,1,0,nirK_only,WP_180155738.1,NA,1
sinorhizobium medicae,1041148;1041150;110321;366394;935558;1041149;110321;110321,Sinorhizobium medicae,1,1,both,WP_180161511.1,WP_011975355.1,1
chitinibacter fontanus,1737446,Chitinibacter fontanus,1,1,both,WP_180306221.1,WP_180306403.1,1
luteimonas salinisoli,2752307,Luteimonas salinisoli,1,0,nirK_only,WP_180680318.1,NA,1
flavobacterium panici,237;2654843;2986839;3406698;2654843,Flavobacterium;Flavobacterium panici;Flavobacterium sp. N503310;Flavobacterium sp. FG68,1,0,nirK_only,WP_180861372.1,NA,1
zemynaea arenosa,2561931,Zemynaea arenosa,1,0,nirK_only,WP_181017596.1,NA,1
rugamonas apoptosis,2758570,Rugamonas apoptosis,1,0,nirK_only,WP_182153286.1,NA,1
rugamonas brunnea,2758569,Rugamonas brunnea,1,0,nirK_only,WP_229218858.1,NA,1
flaviflexus equikiangi,2758573,Flaviflexus equikiangi,1,0,nirK_only,WP_182172459.1,NA,1
gelidibacter maritimus,2761487,Gelidibacter maritimus,1,0,nirK_only,WP_182201937.1,NA,1
rugamonas fusca,2758568,Rugamonas fusca,1,0,nirK_only,WP_182213112.1,NA,1
ciceribacter thiooxidans,1969821,Ciceribacter thiooxidans,1,0,nirK_only,WP_182308456.1,NA,1
tomitella gaofuii,2760083,Tomitella gaofuii,1,0,nirK_only,WP_182346019.1,NA,1
flaviflexus huanghaiensis,1111473,Flaviflexus huanghaiensis,1,0,nirK_only,WP_182354336.1,NA,1
flexivirga oryzae,1794944,Flexivirga oryzae,1,0,nirK_only,WP_183322936.1,NA,1
helcobacillus massiliensis,1161125;2918202;521392;521392,Helcobacillus massiliensis;Helcobacillus;Helcobacillus sp. ACRRO,1,1,both,WP_183375795.1,WP_221187071.1,1
microvirga lupini,420324,Microvirga lupini,1,1,both,WP_183448065.1,WP_183453783.1,1
microbacterium invictum,515415,Microbacterium invictum,1,0,nirK_only,WP_183498047.1,NA,1
nocardioides soli,1036020,Nocardioides soli,1,0,nirK_only,WP_183591697.1,NA,1
nocardiopsis algeriensis,1478215,Nocardiopsis algeriensis,1,1,both,WP_184293100.1,WP_184286944.1,1
brachybacterium aquaticum,1432564,Brachybacterium aquaticum,1,0,nirK_only,WP_184325544.1,NA,1
povalibacter uvarum,732238,Povalibacter uvarum,1,0,nirK_only,WP_184329874.1,NA,1
streptosporangium becharense,1816182,Streptosporangium becharense,1,0,nirK_only,WP_184539400.1,NA,1
pseudomonas fluvialis,1793966,Pseudomonas fluvialis,1,1,both,WP_184683731.1,WP_184685043.1,1
streptosporangium saharense,1706840,Streptosporangium saharense,1,0,nirK_only,WP_184721383.1,NA,1
actinomadura livida,79909,Actinomadura livida,1,0,nirK_only,WP_184881630.1,NA,1
streptomyces luteogriseus,68233,Streptomyces luteogriseus,1,0,nirK_only,WP_184907825.1,NA,1
nonomuraea rubra,46180,Nonomuraea rubra,1,1,both,WP_185104411.1,WP_185111300.1,1
streptomyces finlayi,67296,Streptomyces finlayi,1,0,nirK_only,WP_185297861.1,NA,1
pusillimonas minor,2697024,Pusillimonas minor,1,0,nirK_only,WP_185779347.1,NA,1
flavobacterium muglaense,2764716,Flavobacterium muglaense,1,0,nirK_only,WP_187017809.1,NA,1
ramlibacter albus,2079448,Ramlibacter albus,1,0,nirK_only,WP_187084632.1,NA,1
polaribacter pectinis,2738844,Polaribacter pectinis,1,0,nirK_only,WP_187483330.1,NA,1
sphingomonas rhizophila,2071607,Sphingomonas rhizophila,1,1,both,WP_187541652.1,WP_187542361.1,1
thermomonas carbonis,1463158,Thermomonas carbonis,1,0,nirK_only,WP_187552607.1,NA,1
thermomonas brevis,215691,Thermomonas brevis,1,0,nirK_only,WP_187571018.1,NA,1
billgrantia pellis,2606936,Billgrantia pellis,1,1,both,WP_187774738.1,WP_149327631.1,1
aestuariibaculum suncheonense,1028745,Aestuariibaculum suncheonense,1,0,nirK_only,WP_188216097.1,NA,1
aestuariibaculum marinum,2683592,Aestuariibaculum marinum,1,0,nirK_only,WP_188222163.1,NA,1
aestuariibaculum sediminum,2770637,Aestuariibaculum sediminum,1,0,nirK_only,WP_188229993.1,NA,1
pseudaminobacter soli,1295366;2831468,Pseudaminobacter soli (ex Li et al. 2025),1,1,both,WP_188257885.1,WP_106724305.1,1
chryseobacterium manosquense,2754694,Chryseobacterium manosquense,1,0,nirK_only,WP_188321197.1,NA,1
galliscardovia ingluviei,1769422,Galliscardovia ingluviei,1,0,nirK_only,WP_188354906.1,NA,1
bizionia arctica,1495645,Bizionia arctica,1,0,nirK_only,WP_188466522.1,NA,1
cellulomonas carbonis,1386092,Cellulomonas carbonis,1,0,nirK_only,WP_188484516.1,NA,1
egicoccus halophilus,1670830,Egicoccus halophilus,1,0,nirK_only,WP_188584348.1,NA,1
polaribacter pacificus,1775173,Polaribacter pacificus,1,0,nirK_only,WP_188598864.1,NA,1
oceanisphaera marina,2017550,Oceanisphaera marina,1,1,both,WP_188628114.1,WP_188629660.1,1
halopseudomonas pertucinogena,86175,Halopseudomonas pertucinogena,1,0,nirK_only,WP_188634647.1,NA,1
arenimonas soli,2269504,Arenimonas soli,1,0,nirK_only,WP_188660473.1,NA,1
luteimonas terricola,645597,Luteimonas terricola,1,0,nirK_only,WP_188726146.1,NA,1
flexivirga endophytica,1849103,Flexivirga endophytica,1,0,nirK_only,WP_188838839.1,NA,1
glutamicibacter protophormiae,37930,Glutamicibacter protophormiae,1,0,nirK_only,WP_188946638.1,NA,1
saccharopolyspora thermophila,89367,Saccharopolyspora thermophila,1,0,nirK_only,WP_188986743.1,NA,1
nonomuraea cavernae,2045107,Nonomuraea cavernae,1,0,nirK_only,WP_189127574.1,NA,1
planomonospora antibiotica,97193,Planomonospora antibiotica,1,0,nirK_only,WP_189239545.1,NA,1
streptomyces brasiliensis,1954,Streptomyces brasiliensis,1,0,nirK_only,WP_189308918.1,NA,1
cognatundibacterium squillarum,1131567,Cognatundibacterium squillarum,1,1,both,WP_189356247.1,WP_189355860.1,1
advenella faeciporci,797535,Advenella faeciporci,1,1,both,WP_189385904.1,WP_189384087.1,1
pseudovibrio japonicus,366534,Pseudovibrio japonicus,1,1,both,WP_189437750.1,WP_209008791.1,1
luteimonas padinae,1714359,Luteimonas padinae,1,0,nirK_only,WP_189494088.1,NA,1
paludibacterium paludis,1225769,Paludibacterium paludis,1,1,both,WP_189534676.1,WP_189531862.1,1
salinimicrobium marinum,680283,Salinimicrobium marinum,1,0,nirK_only,WP_189602718.1,NA,1
nonomuraea spiralis,46182,Nonomuraea spiralis,1,0,nirK_only,WP_397264216.1,NA,1
sinomonas cellulolyticus,2801916,Sinomonas cellulolyticus,1,0,nirK_only,WP_189694621.1,NA,1
streptomyces anandii,1306180;285454;285454,Streptomyces anandii,1,0,nirK_only,WP_229859653.1,NA,1
sulfuriferula multivorans,1559896,Sulfuriferula multivorans,1,0,nirK_only,WP_189836452.1,NA,1
streptomyces poonensis,68255,Streptomyces poonensis,1,0,nirK_only,WP_189858370.1,NA,1
streptomyces aurantiogriseus,66870,Streptomyces aurantiogriseus,1,0,nirK_only,WP_189942998.1,NA,1
streptomyces galilaeus,1883;33899;67280,Streptomyces;Streptomyces galilaeus;Streptomyces bobili,1,0,nirK_only,WP_190046630.1,NA,1
glutamicibacter nicotianae,37929,Glutamicibacter nicotianae,1,0,nirK_only,WP_190263766.1,NA,1
chryseobacterium muglaense,2893752,Chryseobacterium muglaense,1,0,nirK_only,WP_191180735.1,NA,1
algoriphagus aquimarinus,237018,Algoriphagus aquimarinus,1,0,nirK_only,WP_191322052.1,NA,1
marinihelvus fidelis,2613842,Marinihelvus fidelis,1,1,both,WP_191621246.1,WP_150863737.1,1
microbacterium commune,2762219,Microbacterium commune,1,0,nirK_only,WP_191712103.1,NA,1
comamonas avium,2762231,Comamonas avium,1,0,nirK_only,WP_191722024.1,NA,1
luteimonas colneyensis,2762230,Luteimonas colneyensis,1,0,nirK_only,WP_191729890.1,NA,1
devosia oryzisoli,2774138,Devosia oryzisoli,1,1,both,WP_191778102.1,WP_191775746.1,1
planomonospora parontospora,161355;58119;58119;97194,Planomonospora parontospora;Planomonospora parontospora subsp. parontospora,1,1,both,WP_191896111.1,WP_068899431.1,1
marinobacter denitrificans,2597703;2742;2803860,Marinobacter;Marinobacter denitrificans;Marinobacter sp. JB05H06,1,1,both,WP_191966797.1,WP_150993847.1,1
flavimobilis rhizosphaerae,2775421,Flavimobilis rhizosphaerae,1,0,nirK_only,WP_192277355.1,NA,1
unclassified comamonas,1660096;2638500;34028;2201272;2638500;34028;2638500;2769307;34028,Comamonas sp.;Comamonas sp. SCN 67-35;unclassified Comamonas,1,1,both,WP_192407474.1,WP_120965977.1,1
arenibacter catalasegens,178469;2056779;2183744,Arenibacter;Arenibacter catalasegens;Arenibacter sp. TNZ,1,0,nirK_only,WP_192878002.1,NA,1
mycobacterium novum,2492438,Mycobacterium novum,1,0,nirK_only,WP_193465690.1,NA,1
devosia faecipullorum,2755039,Devosia faecipullorum,1,1,both,WP_193730929.1,WP_193729898.1,1
ramlibacter aquaticus,174951;1917967;2780094,Ramlibacter;Ramlibacter sp.;Ramlibacter aquaticus,1,1,both,WP_193780849.1,WP_193779295.1,1
novilysobacter ciconiae,2781022,Novilysobacter ciconiae,1,1,both,WP_193984542.1,WP_193983822.1,1
novilysobacter avium,2781023;2781023;2781024;32033,Lysobacteraceae;Novilysobacter avium;Lysobacter sp. H23M47,1,1,both,WP_194034277.1,WP_194033904.1,1
flavobacterium proteolyticum,2911683,Flavobacterium proteolyticum,1,0,nirK_only,WP_194097432.1,NA,1
planobacterium oryzisoli,2771435,Planobacterium oryzisoli,1,0,nirK_only,WP_194738957.1,NA,1
rodentibacter haemolyticus,2778911,Rodentibacter haemolyticus,1,0,nirK_only,WP_194812389.1,NA,1
lysobacter niastensis,380629,Lysobacter niastensis,1,0,nirK_only,WP_194930456.1,NA,1
phototrophicus methaneseepsis,2710758,Phototrophicus methaneseepsis,1,1,both,WP_195171772.1,WP_195171773.1,1
winogradskyella marina,2785530,Winogradskyella marina,1,0,nirK_only,WP_195871130.1,NA,1
kaistella gelatinilytica,2787636,Kaistella gelatinilytica,1,0,nirK_only,WP_196080642.1,NA,1
pontibacter rufus,2791028,Pontibacter rufus,1,0,nirK_only,WP_196268075.1,NA,1
microbacterium paulum,2707006,Microbacterium paulum,1,0,nirK_only,WP_196382894.1,NA,1
unclassified herbaspirillum,2572917;2572918;2624150;2723070;2624150;2754073;2790969,unclassified Herbaspirillum;Herbaspirillum sp. AP21;Herbaspirillum sp. AP02,1,1,both,WP_196872155.1,WP_141913748.1,1
unclassified rhodococcus,1298611;1298612;192944;192944;2789880;3156791;192944;3155872;3157000;192944;3345394;3345395,unclassified Rhodococcus (in: high G+C Gram-positive bacteria);Rhodococcus sp. NPDC003348;Rhodococcus sp. NPDC004095,1,1,both,WP_197251257.1,WP_378424649.1,1
unclassified halomonas,1670448;2609666;2883106;1670449;2056666;2609666;1805819;2609666;2819146;2819148;1949203;1962264;2609666;2599306;2609666;2992143;2609666;261936;3457659;3457665;3457666;3457667;3457668;3457671;3457673;3457676;3457686;3457694;2609666;2731555;2854257;2609666;2917737;2917741;2917742;2917743;2609666;2994064;2994065,Halomonas sp. H2;unclassified Halomonas;Halomonas sp. AOP43-D1-39;Halomonas sp. AOP42-E1-30;Halomonas sp. AOP42-D2-25;Halomonas sp. AOP42-D1-22;Halomonas sp. AOP42-C2-25;Halomonas sp. AOP42-C1-46;Halomonas sp. AOP42-B2-16;Halomonas sp. AOP42-A1-14;Halomonas sp. AOP35-4E-18;Halomonas sp. AOP31-B1-25,1,1,both,WP_197449349.1,WP_078089385.1,1
devriesea agamarum,472569,Devriesea agamarum,1,0,nirK_only,WP_197671769.1,NA,1
halopseudomonas litoralis,797277,Halopseudomonas litoralis,1,0,nirK_only,WP_197674239.1,NA,1
massilia rhizosphaerae,2784389,Massilia rhizosphaerae,1,1,both,WP_198120823.1,WP_198119186.1,1
bifidobacterium choladohabitans,1678;2750947;2751000;2751002;2751004;1678;2750947;2751001;2750947,Bifidobacterium choladohabitans,1,0,nirK_only,WP_198177437.1,NA,1
arenibacter algicola,178469;2926407;616991;616991,Arenibacter algicola,1,0,nirK_only,WP_198319226.1,NA,1
uncultured capnocytophaga,159273;159273;44737,uncultured Capnocytophaga sp.,1,0,nirK_only,WP_198472758.1,NA,1
aquamicrobium zhengzhouense,2781738,Aquamicrobium zhengzhouense,1,0,nirK_only,WP_198478129.1,NA,1
streptomyces fradiae,1038928;1883;1906,Streptomyces;Streptomyces fradiae;Streptomyces xinghaiensis,1,0,nirK_only,WP_198534853.1,NA,1
streptomyces triticisoli,2182797,Streptomyces triticisoli,1,0,nirK_only,WP_198668301.1,NA,1
sanguibacter suaedae,2795737,Sanguibacter suaedae,1,0,nirK_only,WP_198733272.1,NA,1
pontibacter populi,2795728;323449;890055;890055,Pontibacter populi,1,0,nirK_only,WP_199109600.1,NA,1
snuella sedimenti,2798802,Snuella sedimenti,1,0,nirK_only,WP_199112998.1,NA,1
pollutimonas subterranea,2045210,Pollutimonas subterranea,1,0,nirK_only,WP_199173371.1,NA,1
chromobacterium alticapitis,2073169,Chromobacterium alticapitis,1,1,both,WP_199181327.1,WP_103901589.1,1
pollutimonas thiosulfatoxidans,2028345,Pollutimonas thiosulfatoxidans,1,0,nirK_only,WP_199287569.1,NA,1
unclassified luteimonas,2629088;2799325;2799787;2629088;2799326;2819513;2629088;3470291;3470292;2629088;3477382;3477383,unclassified Luteimonas;Luteimonas sp. A537;Luteimonas sp. A501,1,0,nirK_only,WP_199372639.1,NA,1
chitinophaga silvisoli,2291814,Chitinophaga silvisoli,1,0,nirK_only,WP_199415134.1,NA,1
actinotalea solisilvae,2072922,Actinotalea solisilvae,1,0,nirK_only,WP_199424141.1,NA,1
rugamonas violacea,2770916,Rugamonas violacea,1,1,both,WP_199761907.1,WP_199761547.1,1
tomitella cavernea,1387982,Tomitella cavernea,1,0,nirK_only,WP_200170834.1,NA,1
azospirillum endophyticum,2800326,Azospirillum endophyticum,1,1,both,WP_200191820.1,WP_200191255.1,1
lysobacter arenosi,2795387,Lysobacter arenosi,1,0,nirK_only,WP_200609129.1,NA,1
agrilutibacter solisilvae,2763317,Agrilutibacter solisilvae,1,1,both,WP_200612909.1,WP_200612015.1,1
ramlibacter algicola,2795217,Ramlibacter algicola,1,0,nirK_only,WP_200787508.1,NA,1
thermoflexus hugenholtzii,1495649;1495650;1969742;1495650;1495650;877466,Thermoflexus hugenholtzii,1,0,nirK_only,WP_200808034.1,NA,1
streptomyces toyocaensis,55952,Streptomyces toyocaensis,1,0,nirK_only,WP_200881257.1,NA,1
ramlibacter ginsenosidimutans,502333,Ramlibacter ginsenosidimutans,1,1,both,WP_201168336.1,WP_201173869.1,1
alcanivorax xiamenensis,1177156,Alcanivorax xiamenensis,1,0,nirK_only,WP_201303859.1,NA,1
marivirga aurantiaca,2802615,Marivirga aurantiaca,1,0,nirK_only,WP_201429668.1,NA,1
psychrobacter luti,198481,Psychrobacter luti,1,0,nirK_only,WP_201599003.1,NA,1
ramlibacter monticola,1926872,Ramlibacter monticola,1,1,both,WP_201675529.1,WP_201675234.1,1
ramlibacter alkalitolerans,2039631,Ramlibacter alkalitolerans,1,1,both,WP_201690673.1,WP_201687028.1,1
microvirga soli,1854496,Microvirga soli,1,1,both,WP_201862963.1,WP_201862171.1,1
zobellella iuensis,2803811,Zobellella iuensis,1,0,nirK_only,WP_202087246.1,NA,1
mycobacterium paraintracellulare,1138383,Mycobacterium paraintracellulare,1,0,nirK_only,WP_202284759.1,NA,1
aequorivita iocasae,153265;2803865;2879117,Aequorivita;Aequorivita iocasae;Aequorivita sp. F7,1,0,nirK_only,WP_202335649.1,NA,1
pseudoduganella guangdongensis,2692179,Pseudoduganella guangdongensis,1,1,both,WP_202419672.1,WP_161025096.1,1
streptomyces xinghaiensis,1038928;1038928;1038929,Streptomyces xinghaiensis,1,0,nirK_only,WP_327191425.1,NA,1
cognatilysobacter segetis,2492394,Cognatilysobacter segetis,1,0,nirK_only,WP_202908921.1,NA,1
aestuariimicrobium ganziense,2773677,Aestuariimicrobium ganziense,1,0,nirK_only,WP_203567427.1,NA,1
deefgea chitinilytica,2675457;400947;570276,Deefgea;Deefgea chitinilytica;Deefgea sp. CFH1-16,1,1,both,WP_203571584.1,WP_203570615.1,1
cellulomonas chitinilytica,1305865;398759,Cellulomonas chitinilytica;Cellulomonas chitinilytica JCM 16927,1,0,nirK_only,WP_203754324.1,NA,1
paraplanobispora takensis,1367882,Paraplanobispora takensis,1,0,nirK_only,WP_203879921.1,NA,1
sphaerimonospora thailandensis,795644,Sphaerimonospora thailandensis,1,0,nirK_only,WP_204015460.1,NA,1
paraplanobispora siamensis,936338,Paraplanobispora siamensis,1,0,nirK_only,WP_204068316.1,NA,1
corynebacterium pseudokroppenstedtii,2804917,Corynebacterium pseudokroppenstedtii,1,0,nirK_only,WP_204087825.1,NA,1
janibacter endophyticus,2806261,Janibacter endophyticus,1,0,nirK_only,WP_204143322.1,NA,1
microvirga arvi,2778731,Microvirga arvi,1,1,both,WP_204238782.1,WP_204241349.1,1
manganibacter manganicus,1873176,Manganibacter manganicus,1,1,both,WP_204842169.1,WP_080918859.1,1
leptospira chreensis,2810035,Leptospira chreensis,1,0,nirK_only,WP_205269020.1,NA,1
nonomuraea montanisoli,2741721,Nonomuraea montanisoli,1,0,nirK_only,WP_205303935.1,NA,1
noviherbaspirillum galbum,2709383,Noviherbaspirillum galbum,1,0,nirK_only,WP_205609797.1,NA,1
streptomyces ossamyceticus,249581,Streptomyces ossamyceticus,1,0,nirK_only,WP_205632064.1,NA,1
nitrosococcus wardiae,1814290,Nitrosococcus wardiae,1,0,nirK_only,WP_206054902.1,NA,1
streptomyces hirsutus,35620,Streptomyces hirsutus,1,0,nirK_only,WP_206188772.1,NA,1
ralstonia flatus,3058601,Ralstonia flatus,1,1,both,WP_206273125.1,WP_410482427.1,1
streptomyces barkulensis,1257026,Streptomyces barkulensis,1,0,nirK_only,WP_464069116.1,NA,1
streptomyces populi,2058924,Streptomyces populi,1,0,nirK_only,WP_206301073.1,NA,1
dietzia maris,1871616;3061631;322509;37914;37915;2729732;2926011;37914;37915;37915,Dietzia maris,1,0,nirK_only,WP_206474457.1,NA,1
silicimonas algicola,1826607,Silicimonas algicola,1,1,both,WP_206508355.1,WP_109759083.1,1
lysobacter changpingensis,2792784;3705781;3711417;68,Lysobacter;Lysobacter changpingensis;Lysobacter sp. KACC 24198;Lysobacter sp. SCRH-1R,1,0,nirK_only,WP_206858269.1,NA,1
trinickia acidisoli,2767482,Trinickia acidisoli,1,0,nirK_only,WP_206950816.1,NA,1
flavobacterium endoglycinae,2816357,Flavobacterium endoglycinae,1,0,nirK_only,WP_207297021.1,NA,1
marinobacter salicampi,435907,Marinobacter salicampi,1,1,both,WP_207308965.1,WP_166258425.1,1
streptomyces nodosus,40318,Streptomyces nodosus,1,0,nirK_only,WP_207312858.1,NA,1
pelagivirga sediminicola,2170575,Pelagivirga sediminicola,1,1,both,WP_207768748.1,WP_108691251.1,1
luteimonas arsenica,1586242,Luteimonas arsenica,1,0,nirK_only,WP_207914913.1,NA,1
oceanisphaera pacifica,2818389,Oceanisphaera pacifica,1,1,both,WP_208005934.1,WP_208005976.1,1
capnocytophaga bilenii,2819369,Capnocytophaga bilenii,1,0,nirK_only,WP_208058779.1,NA,1
polaribacter cellanae,2818493,Polaribacter cellanae,1,0,nirK_only,WP_208079199.1,NA,1
gelidibacter pelagius,2819985,Gelidibacter pelagius,1,0,nirK_only,WP_208233933.1,NA,1
candidatus methylacidiphilum,1156937;591154,Candidatus Methylacidiphilum fumarolicum;Methylacidiphilum fumariolicum SolV,1,0,nirK_only,WP_208526833.1,NA,1
leptospira montravelensis,2484961,Leptospira montravelensis,1,0,nirK_only,WP_208652720.1,NA,1
actinobacillus vicugnae,2573093,Actinobacillus vicugnae,1,0,nirK_only,WP_208790047.1,NA,1
streptomyces marokkonensis,324855,Streptomyces marokkonensis,1,0,nirK_only,WP_208818332.1,NA,1
polaribacter sejongensis,985043,Polaribacter sejongensis,1,0,nirK_only,WP_208889275.1,NA,1
pollutimonas harenae,657015,Pollutimonas harenae,1,0,nirK_only,WP_209019824.1,NA,1
jannaschia formosa,2259592,Jannaschia formosa,1,1,both,WP_209313600.1,WP_115382569.1,1
brevibacterium renqingii,2776916,Brevibacterium renqingii,1,0,nirK_only,WP_209323461.1,NA,1
tianweitania sediminis,1502156,Tianweitania sediminis,1,1,both,WP_209333704.1,WP_245248061.1,1
symbiobacterium terraclitae,557451,Symbiobacterium terraclitae,1,0,nirK_only,WP_209468297.1,NA,1
billgrantia sulfidoxydans,2731555;2733484;28256;2854257;2733484,Halomonadaceae;Halomonas sp. MCCC 1A17488;Billgrantia sulfidoxydans;Halomonas sp. SS10-MC5,1,1,both,WP_209538325.1,WP_197448112.1,1
frateuria flava,2821489,Frateuria flava,1,0,nirK_only,WP_209623312.1,NA,1
mariniflexile gromovii,362523,Mariniflexile gromovii,1,0,nirK_only,WP_209655573.1,NA,1
azospirillum rugosum,416170,Azospirillum rugosum,1,1,both,WP_209769458.1,WP_209767487.1,1
azospirillum soli,1304799,Azospirillum soli,1,0,nirK_only,WP_209879083.1,NA,1
azospirillum picis,488438,Azospirillum picis,1,1,both,WP_209984421.1,WP_209980557.1,1
aquamicrobium lusatiense,89772,Aquamicrobium lusatiense,1,1,both,WP_210307382.1,WP_183831939.1,1
shinella fusca,544480,Shinella fusca,1,1,both,WP_210308662.1,WP_184147222.1,1
tianweitania populi,1607949,Tianweitania populi,1,1,both,WP_210312970.1,WP_189504022.1,1
rhodothermus bifroesti,2823335,Rhodothermus bifroesti,1,0,nirK_only,WP_210375607.1,NA,1
luteimonas granuli,1176533,Luteimonas granuli,1,1,both,WP_210412698.1,WP_144890121.1,1
pseudoxanthomonas helianthi,1453541,Pseudoxanthomonas helianthi,1,1,both,WP_210535319.1,WP_210536806.1,1
flavobacterium flabelliforme,2816119,Flavobacterium flabelliforme,1,0,nirK_only,WP_210645691.1,NA,1
modicisalibacter radicis,2759926,Modicisalibacter radicis,1,0,nirK_only,WP_210725866.1,NA,1
streptomyces tagetis,2820809,Streptomyces tagetis,1,0,nirK_only,WP_210871097.1,NA,1
granulicoccus phenolivorans,1121933;266854,Granulicoccus phenolivorans;Granulicoccus phenolivorans DSM 17626 = NBRC 107789 = JCM 15570,1,0,nirK_only,WP_211221743.1,NA,1
deefgea rivuli,1121375;400948,Deefgea rivuli;Deefgea rivuli DSM 18356,1,1,both,WP_211251239.1,WP_035852047.1,1
thermoflavifilum aggregans,454188,Thermoflavifilum aggregans,1,0,nirK_only,WP_211277223.1,NA,1
amycolatopsis lexingtonensis,218822,Amycolatopsis lexingtonensis,1,0,nirK_only,WP_211299655.1,NA,1
streptomyces sparsogenes,1331668;67365;67365,Streptomyces sparsogenes,1,0,nirK_only,WP_218029739.1,NA,1
arenibacter echinorum,440515,Arenibacter echinorum,1,0,nirK_only,WP_211322969.1,NA,1
georgenia muralis,154117,Georgenia muralis,1,0,nirK_only,WP_211338690.1,NA,1
actinocrinis puniceicyclus,977794,Actinocrinis puniceicyclus,1,0,nirK_only,WP_211471153.1,NA,1
georgenia thermotolerans,527326,Georgenia thermotolerans,1,0,nirK_only,WP_211489718.1,NA,1
massilia eburnea,1776165,Massilia eburnea,1,0,nirK_only,WP_211841930.1,NA,1
ralstonia syzygii,1310168;28097;28097;28097;907261,Ralstonia syzygii;Ralstonia syzygii R24,1,1,both,WP_211905101.1,WP_197329333.1,1
ralstonia nicotianae,3037696,Ralstonia nicotianae,1,0,nirK_only,WP_211906839.1,NA,1
arachnia rubra,1547448,Arachnia rubra,1,0,nirK_only,WP_212321903.1,NA,1
bradyrhizobium manausense,3395916;374;989370;989370,Bradyrhizobium manausense,1,1,both,WP_212327281.1,WP_212456660.1,1
cognatundibacterium luofuense,2828733,Cognatundibacterium luofuense,1,1,both,WP_212687005.1,WP_212688888.1,1
lysobacter helvus,2675059;2675101;32033,Lysobacteraceae;Lysobacter helvus;Noviluteimonas caseinilytica,1,0,nirK_only,WP_213435783.1,NA,1
mycolicibacter acidiphilus,2835306,Mycolicibacter acidiphilus,1,0,nirK_only,WP_214092332.1,NA,1
litoribacter ruber,702568,Litoribacter ruber,1,0,nirK_only,WP_214161544.1,NA,1
cellulomonas fulva,2835530,Cellulomonas fulva,1,0,nirK_only,WP_214352672.1,NA,1
lysobacter zhanggongensis,1774951;1774951;2822368;32033,Lysobacter zhanggongensis,1,0,nirK_only,WP_412700161.1,NA,1
novilysobacter luteus,2822368,Novilysobacter luteus,1,0,nirK_only,WP_215219469.1,NA,1
winogradskyella damuponensis,1344585;1883156;286104;943939,Winogradskyella;Winogradskyella damuponensis;Winogradskyella psychrotolerans;Winogradskyella sp.,1,0,nirK_only,WP_215925377.1,NA,1
unclassified psychrosphaera,2641570;2841558;2841569;3062643,unclassified Psychrosphaera;Psychrosphaera sp. I2R16;Psychrosphaera sp. B3R10;Psychrosphaera sp. 1_MG-2023,1,1,both,WP_215961854.1,WP_215963218.1,1
ramlibacter montanisoli,2732512,Ramlibacter montanisoli,1,0,nirK_only,WP_216369765.1,NA,1
streptomyces mayonensis,2750816,Streptomyces mayonensis,1,0,nirK_only,WP_216721849.1,NA,1
euzebya pacifica,1608957,Euzebya pacifica,1,0,nirK_only,WP_216826219.1,NA,1
nonomuraea antri,2730852,Nonomuraea antri,1,0,nirK_only,WP_217370364.1,NA,1
marinobacterium ramblicola,2849041,Marinobacterium ramblicola,1,1,both,WP_217411285.1,WP_217414805.1,1
raineyella antarctica,1577474,Raineyella antarctica,1,0,nirK_only,WP_217634114.1,NA,1
advenella alkanexedens,1224;1481665;2722705;472;1481665,Acinetobacter sp.;Pseudomonadota;Advenella alkanexedens;Advenella sp. EE-W14,1,1,both,WP_217734401.1,WP_169295109.1,1
duganella violaceipulchra,2849652,Duganella violaceipulchra,1,1,both,WP_217944006.1,WP_217944055.1,1
marinospirillum perlucidum,1982602,Marinospirillum perlucidum,1,1,both,WP_218563971.1,WP_114416490.1,1
chitinibacter bivalviorum,2739434,Chitinibacter bivalviorum,1,1,both,WP_218871320.1,WP_179356635.1,1
tessaracoccus palaemonis,2829499,Tessaracoccus palaemonis,1,0,nirK_only,WP_219083271.1,NA,1
comamonas jiangduensis,1194168,Comamonas jiangduensis,1,0,nirK_only,WP_219163425.1,NA,1
unclassified moraxella,2685852;2953832;479,Moraxella sp.;unclassified Moraxella;Moraxella sp. CTOTU47616,1,0,nirK_only,WP_219334265.1,NA,1
nonomuraea ceibae,1935170,Nonomuraea ceibae,1,0,nirK_only,WP_219510744.1,NA,1
streptomyces bambusae,1550616,Streptomyces bambusae,1,0,nirK_only,WP_219664183.1,NA,1
microbacterium maritypicum,2861281;33882;33918,Microbacterium;Microbacterium maritypicum;Microbacterium sp. PAMC22086,1,0,nirK_only,WP_219869552.1,NA,1
flagellimonas abyssi,2864871,Flagellimonas abyssi,1,0,nirK_only,WP_220115186.1,NA,1
horticoccus luteus,2862869,Horticoccus luteus,1,0,nirK_only,WP_220161882.1,NA,1
cryobacterium inferilacus,2866629,Cryobacterium inferilacus,1,0,nirK_only,WP_220606945.1,NA,1
streptomyces shenzhenensis,943815,Streptomyces shenzhenensis,1,0,nirK_only,WP_220795367.1,NA,1
noviherbaspirillum aridicola,2849687,Noviherbaspirillum aridicola,1,0,nirK_only,WP_220806573.1,NA,1
deefgea tanakiae,2865840,Deefgea tanakiae,1,1,both,WP_221007195.1,WP_221007048.1,1
actomonas aquatica,2866162,Actomonas aquatica,1,0,nirK_only,WP_221033223.1,NA,1
flavobacterium okayamense,2830782,Flavobacterium okayamense,1,0,nirK_only,WP_221259921.1,NA,1
amaricoccus macauensis,57001,Amaricoccus macauensis,1,1,both,WP_221288941.1,WP_184149958.1,1
saccharothrix violaceirubra,413306,Saccharothrix violaceirubra,1,0,nirK_only,WP_221447315.1,NA,1
qipengyuania pacifica,2860199,Qipengyuania pacifica,1,0,nirK_only,WP_221598859.1,NA,1
corynebacterium parakroppenstedtii,2828363,Corynebacterium parakroppenstedtii,1,0,nirK_only,WP_221914869.1,NA,1
modestobacter lapidis,1608613,Modestobacter lapidis,1,0,nirK_only,WP_222046442.1,NA,1
marinobacterium arenosum,2862496,Marinobacterium arenosum,1,1,both,WP_222219442.1,WP_222223457.1,1
novilysobacter antarcticus,2862543,Novilysobacter antarcticus,1,0,nirK_only,WP_222565249.1,NA,1
membranihabitans marinus,1227546,Membranihabitans marinus,1,0,nirK_only,WP_236971704.1,NA,1
cognatundibacterium griseum,2762295,Cognatundibacterium griseum,1,0,nirK_only,WP_222610613.1,NA,1
persicimonas caeni,2292766,Persicimonas caeni,1,0,nirK_only,WP_222615383.1,NA,1
occultella gossypii,2800820,Occultella gossypii,1,0,nirK_only,WP_223409019.1,NA,1
thermomonas beijingensis,141948;1971895;2872701,Thermomonas;Thermomonas sp.;Thermomonas beijingensis,1,0,nirK_only,WP_223627583.1,NA,1
kangiella shandongensis,2763258,Kangiella shandongensis,1,0,nirK_only,WP_223668552.1,NA,1
novilysobacter selenitireducens,2872639,Novilysobacter selenitireducens,1,0,nirK_only,WP_223676420.1,NA,1
flavobacterium potami,2872310,Flavobacterium potami,1,0,nirK_only,WP_223705310.1,NA,1
halopseudomonas salina,1323744,Halopseudomonas salina,1,0,nirK_only,WP_223825377.1,NA,1
cognatundibacterium aquatile,1537398;2762293;2762296;75682,Oxalobacteraceae;Cognatundibacterium aquatile;Undibacterium sp. CY21W;Undibacterium sp. FT79W,1,0,nirK_only,WP_223827070.1,NA,1
cognatundibacterium oligocarboniphilum,666702,Cognatundibacterium oligocarboniphilum,1,1,both,WP_223827152.1,WP_223827127.1,1
[mycobacterium] zoologicum,2872311,[Mycobacterium] zoologicum,1,0,nirK_only,WP_224865123.1,NA,1
[mycobacterium] nativiensis,2855503,[Mycobacterium] nativiensis,1,0,nirK_only,WP_224976002.1,NA,1
psychrobacter communis,1947357;2762238;497,Psychrobacter;Psychrobacter sp. UBA6291;Psychrobacter communis,1,0,nirK_only,WP_225211684.1,NA,1
streptomyces luteolifulvus,2615112,Streptomyces luteolifulvus,1,0,nirK_only,WP_225320847.1,NA,1
[mycobacterium] vasticus,2875777,[Mycobacterium] vasticus,1,0,nirK_only,WP_225399204.1,NA,1
[mycobacterium] crassicus,2872309,[Mycobacterium] crassicus,1,0,nirK_only,WP_225406897.1,NA,1
isoptericola luteus,2879484,Isoptericola luteus,1,0,nirK_only,WP_225566003.1,NA,1
unclassified psychrobacter,1947351;196806;56811;1947361;196806;56811;196806;2487707;3457714;3457715;3457718;3457719,Psychrobacter sp.;unclassified Psychrobacter;Psychrobacter sp. UBA6766,1,0,nirK_only,WP_225736955.1,NA,1
unclassified xenophilus,1873499;2625564;2866600,Xenophilus sp.;unclassified Xenophilus;Xenophilus sp. Marseille-Q4582,1,0,nirK_only,WP_225782328.1,NA,1
streptomyces triticiradicis,2651189,Streptomyces triticiradicis,1,0,nirK_only,WP_225860705.1,NA,1
agrilutibacter terrestris,2865112,Agrilutibacter terrestris,1,0,nirK_only,WP_225876209.1,NA,1
rhodococcus yananensis,1827;1831;2879464;2879464,Rhodococcus;Rhodococcus sp. (in: high G+C Gram-positive bacteria);Rhodococcus yananensis,1,1,both,WP_226437618.1,WP_226434881.1,1
rodentibacter abscessus,1960084;2874504;3381777,Rodentibacter;Rodentibacter sp. JRC1;Rodentibacter abscessus,1,0,nirK_only,WP_226692782.1,NA,1
nonomuraea phyllanthi,2219224,Nonomuraea phyllanthi,1,0,nirK_only,WP_226900351.1,NA,1
georgenia subflava,1622177,Georgenia subflava,1,0,nirK_only,WP_226921514.1,NA,1
microvirga rosea,2715425,Microvirga rosea,1,1,both,WP_227384632.1,WP_406600746.1,1
kangiella profundi,1561924,Kangiella profundi,1,0,nirK_only,WP_227523909.1,NA,1
cellulomonas xiejunii,2968083,Cellulomonas xiejunii,1,0,nirK_only,WP_227578641.1,NA,1
psychrobacter maritimus,256325,Psychrobacter maritimus,1,0,nirK_only,WP_227670896.1,NA,1
psychrobacter pulmonis,228654,Psychrobacter pulmonis,1,0,nirK_only,WP_227671187.1,NA,1
psychrobacter jeotgali,179010,Psychrobacter jeotgali,1,0,nirK_only,WP_227674584.1,NA,1
rothia terrae,396015,Rothia terrae,1,0,nirK_only,WP_228008096.1,NA,1
streptomyces ferrugineus,1413221,Streptomyces ferrugineus,1,0,nirK_only,WP_228044203.1,NA,1
stutzerimonas chloritidismutans,1196835;1211807;203192;578833;1211807;1263865;203192;578833;1211807;203192;578833;135621;203192;2937879;203192,Pseudomonadaceae;Stutzerimonas chloritidismutans;Pseudomonas sp. SA195,1,1,both,WP_228207011.1,WP_342406419.1,1
cumulibacter manganitolerans,1884992,Cumulibacter manganitolerans,1,0,nirK_only,WP_228389405.1,NA,1
salinimicrobium sediminilitoris,2876715,Salinimicrobium sediminilitoris,1,0,nirK_only,WP_228916140.1,NA,1
bifidobacterium mizhiense,2879940,Bifidobacterium mizhiense,1,0,nirK_only,WP_229131752.1,NA,1
sinomonas cyclohexanicum,322009,Sinomonas cyclohexanicum,1,0,nirK_only,WP_229232440.1,NA,1
massilia eurypsychrophila,1485217,Massilia eurypsychrophila,1,1,both,WP_229413982.1,WP_099790085.1,1
pseudoduganella armeniaca,2072590,Pseudoduganella armeniaca,1,1,both,WP_229415682.1,WP_107141563.1,1
massilia agrisoli,2892444,Massilia agrisoli,1,1,both,WP_229431279.1,WP_229433853.1,1
kocuria rhizophila,72000,Kocuria rhizophila,1,1,both,WP_229568002.1,WP_059280783.1,1
alloalcanivorax dieselolei,285091;930169,Alloalcanivorax dieselolei;Alloalcanivorax dieselolei B5,1,0,nirK_only,WP_229682990.1,NA,1
knoellia flava,1385518;913969,Knoellia flava;Knoellia flava TL1,1,0,nirK_only,WP_229708843.1,NA,1
rothia aerolata,1812262,Rothia aerolata,1,0,nirK_only,WP_229723087.1,NA,1
flavobacterium palustre,1476463,Flavobacterium palustre,1,0,nirK_only,WP_229732666.1,NA,1
pontibacter amylolyticus,1424080,Pontibacter amylolyticus,1,0,nirK_only,WP_229734038.1,NA,1
cognatilysobacter xinjiangensis,546892,Cognatilysobacter xinjiangensis,1,0,nirK_only,WP_229790654.1,NA,1
vulcaniibacterium thermophilum,1169913,Vulcaniibacterium thermophilum,1,0,nirK_only,WP_229814907.1,NA,1
streptomyces lucensis,1306176;67319;67319,Streptomyces lucensis,1,0,nirK_only,WP_229816019.1,NA,1
streptomyces naganishii,1306179;285447,Streptomyces naganishii;Streptomyces naganishii JCM 4654,1,0,nirK_only,WP_229865365.1,NA,1
myroides oncorhynchi,2893756,Myroides oncorhynchi,1,0,nirK_only,WP_229944520.1,NA,1
flavobacterium pisciphilum,2893755,Flavobacterium pisciphilum,1,0,nirK_only,WP_229991355.1,NA,1
flavobacterium acetivorans,2893883,Flavobacterium acetivorans,1,0,nirK_only,WP_230061783.1,NA,1
arthrobacter cryoconiti,748907,Arthrobacter cryoconiti,1,0,nirK_only,WP_230066477.1,NA,1
stutzerimonas kunmingensis,1211807,Stutzerimonas kunmingensis,1,1,both,WP_230357247.1,WP_312723717.1,1
unclassified pontibacter,1144253;2648980;2789860,Pontibacter sp. BAB1700;unclassified Pontibacter;Pontibacter sp. FD36,1,0,nirK_only,WP_230391978.1,NA,1
[actinomadura] parvosata,1909395;1955412;1955412,[Actinomadura] parvosata,1,1,both,WP_230466231.1,WP_446795555.1,1
noviluteimonas lactosilytica,2888523,Noviluteimonas lactosilytica,1,1,both,WP_230526277.1,WP_230527274.1,1
ollibium composti,2675109,Ollibium composti,1,1,both,WP_230978869.1,WP_136359982.1,1
bathymodiolus japonicus,113269,Bathymodiolus japonicus methanotrophic gill symbiont,1,0,nirK_only,WP_230987873.1,NA,1
chromobacterium vaccinii,1108595;1108595;1388764;1499392;3110228;1108595;2059672;535,Chromobacterium vaccinii,1,1,both,WP_231153702.1,WP_021479180.1,1
chromobacterium piscinae,1108595;535;686831;686831,Chromobacterium piscinae,1,1,both,WP_231177916.1,WP_046155195.1,1
frateuria edaphi,2898793,Frateuria edaphi,1,1,both,WP_231325686.1,WP_231321199.1,1
frateuria soli,1542730,Frateuria soli,1,1,both,WP_231351636.1,WP_231349475.1,1
cellulosimicrobium funkei,264251,Cellulosimicrobium funkei,1,0,nirK_only,WP_231581854.1,NA,1
arthrobacter alpinus,656366,Arthrobacter alpinus,1,0,nirK_only,WP_231687138.1,NA,1
massilia endophytica,2899220,Massilia endophytica,1,0,nirK_only,WP_231767303.1,NA,1
flavobacterium channae,2897181,Flavobacterium channae,1,0,nirK_only,WP_231834516.1,NA,1
flavobacterium cyclinae,2895947,Flavobacterium cyclinae,1,0,nirK_only,WP_231843190.1,NA,1
kocuria varians,1272,Kocuria varians,1,0,nirK_only,WP_231860583.1,NA,1
oerskovia enterophila,43678,Oerskovia enterophila,1,0,nirK_only,WP_231907640.1,NA,1
ralstonia wenshanensis,2842456;2842456;3423950;3453870;3453878;3465995;48736;54061;2842456;3453870;3465995;48736;54061,Ralstonia wenshanensis,1,1,both,WP_232039972.1,WP_373407672.1,1
alterluteimonas muca,2878684,Alterluteimonas muca,1,0,nirK_only,WP_232141725.1,NA,1
kocuria salsicia,1946674;57493;664639;664639,Kocuria salsicia,1,0,nirK_only,WP_232300271.1,NA,1
leptospira abararensis,2810036,Leptospira abararensis,1,0,nirK_only,WP_232369360.1,NA,1
amycolatopsis aidingensis,2842453,Amycolatopsis aidingensis,1,0,nirK_only,WP_232376608.1,NA,1
propioniciclava soli,2775081,Propioniciclava soli,1,0,nirK_only,WP_232548316.1,NA,1
rhabdothermincola salaria,2903142,Rhabdothermincola salaria,1,0,nirK_only,WP_232672415.1,NA,1
flavobacterium soyae,2903098,Flavobacterium soyae,1,0,nirK_only,WP_232681451.1,NA,1
ornithinimicrobium sediminis,2904603,Ornithinimicrobium sediminis,1,0,nirK_only,WP_232747031.1,NA,1
occultella kanbiaonis,2675754,Occultella kanbiaonis,1,0,nirK_only,WP_232847822.1,NA,1
sinomicrobium kalidii,2900738,Sinomicrobium kalidii,1,0,nirK_only,WP_233027981.1,NA,1
trinickia dabaoshanensis,564714,Trinickia dabaoshanensis,1,0,nirK_only,WP_233217533.1,NA,1
pelomonas cellulosilytica,2906762,Pelomonas cellulosilytica,1,1,both,WP_233370235.1,WP_233375608.1,1
pelomonas caseinilytica,2906763,Pelomonas caseinilytica,1,1,both,WP_233390633.1,WP_233391867.1,1
cognatiluteimonas weifangensis,2303539,Cognatiluteimonas weifangensis,1,0,nirK_only,WP_233511664.1,NA,1
tessaracoccus antarcticus,2479848,Tessaracoccus antarcticus,1,0,nirK_only,WP_233557821.1,NA,1
arthrobacter polaris,2813727,Arthrobacter polaris,1,0,nirK_only,WP_233912649.1,NA,1
advenella mandrilli,2800330,Advenella mandrilli,1,1,both,WP_234041167.1,WP_200232904.1,1
mycolicibacterium duvalii,39688,Mycolicibacterium duvalii,1,0,nirK_only,WP_234815392.1,NA,1
pontibacter lucknowensis,1077936,Pontibacter lucknowensis,1,0,nirK_only,WP_234986336.1,NA,1
kytococcus aerolatus,592308,Kytococcus aerolatus,1,0,nirK_only,WP_234994215.1,NA,1
pseudogulbenkiania ferrooxidans,1388764;549169;279714;549169,Pseudogulbenkiania ferrooxidans 2002;Pseudogulbenkiania ferrooxidans,1,1,both,WP_235047865.1,WP_008954680.1,1
catenovulum agarivorans,1172192;1328313,Catenovulum agarivorans;Catenovulum agarivorans DS-2,1,0,nirK_only,WP_235188641.1,NA,1
nostocoides australiense,1193182;99480;99480,Nostocoides australiense,1,0,nirK_only,WP_235435312.1,NA,1
streptomyces olivochromogenes,1963,Streptomyces olivochromogenes,1,0,nirK_only,WP_235455297.1,NA,1
sinomonas notoginsengisoli,1457311,Sinomonas notoginsengisoli,1,0,nirK_only,WP_235780375.1,NA,1
cognatilysobacter lacus,1643323,Cognatilysobacter lacus,1,0,nirK_only,WP_235893571.1,NA,1
rugamonas rivuli,1198452;2743358;75682;2743358,Oxalobacteraceae;Janthinobacterium sp. HH01;Rugamonas rivuli,1,1,both,WP_235914227.1,WP_008447807.1,1
pseudoxanthomonas beigongshangi,2587011;2782537;2854775;3453945;83618;2769297;2782537;3453945;83618;2782537,Pseudoxanthomonas beigongshangi,1,1,both,WP_235997000.1,WP_192197553.1,1
cellulomonas palmilytica,2608402,Cellulomonas palmilytica,1,0,nirK_only,WP_236120197.1,NA,1
sandaracinus amylolyticus,927083,Sandaracinus amylolyticus,1,0,nirK_only,WP_236516705.1,NA,1
thalassomonas viridans,137584,Thalassomonas viridans,1,1,both,WP_236701225.1,WP_044839208.1,1
lentzea aerocolonigenes,68170,Lentzea aerocolonigenes,1,0,nirK_only,WP_236703467.1,NA,1
brevibacterium daeguense,909936,Brevibacterium daeguense,1,0,nirK_only,WP_236864073.1,NA,1
dietzia massiliensis,2697499,Dietzia massiliensis,1,0,nirK_only,WP_236885031.1,NA,1
joostella atrarenae,679257,Joostella atrarenae,1,0,nirK_only,WP_236958796.1,NA,1
marilutibacter chinensis,2912247,Marilutibacter chinensis,1,0,nirK_only,WP_237053484.1,NA,1
neisseria lisongii,2912188,Neisseria lisongii,1,1,both,WP_237091169.1,WP_237091154.1,1
rothia nasimurium,85336,Rothia nasimurium,1,0,nirK_only,WP_237186288.1,NA,1
rothia endophytica,1324766,Rothia endophytica,1,0,nirK_only,WP_237203206.1,NA,1
rothia nasisuis,2109647,Rothia nasisuis,1,0,nirK_only,WP_237224182.1,NA,1
wenyingzhuangia fucanilytica,1790137,Wenyingzhuangia fucanilytica,1,0,nirK_only,WP_237340606.1,NA,1
aequorivita vitellina,2874475,Aequorivita vitellina,1,0,nirK_only,WP_237602959.1,NA,1
aequorivita xiaoshiensis,2874476,Aequorivita xiaoshiensis,1,0,nirK_only,WP_237608629.1,NA,1
solitalea lacus,2911172,Solitalea lacus,1,0,nirK_only,WP_237849172.1,NA,1
segeticoccus rhizosphaerae,1104777,Segeticoccus rhizosphaerae,1,0,nirK_only,WP_238384486.1,NA,1
rothia amarae,169480,Rothia amarae,1,0,nirK_only,WP_238397976.1,NA,1
salsipaludibacter albus,2849650,Salsipaludibacter albus,1,0,nirK_only,WP_238445689.1,NA,1
kocuria carniphila,262208,Kocuria carniphila,1,0,nirK_only,WP_238663027.1,NA,1
unclassified kocuria,2419512;2419513;2649579,Kocuria sp. HSID17582;Kocuria sp. HSID17590;unclassified Kocuria,1,0,nirK_only,WP_238693988.1,NA,1
kingella pumchi,2779506,Kingella pumchi,1,1,both,WP_238745498.1,WP_238745383.1,1
pseudomonas songnenensis,1176259,Pseudomonas songnenensis,1,0,nirK_only,WP_239060843.1,NA,1
catellatospora bangladeshensis,310355,Catellatospora bangladeshensis,1,0,nirK_only,WP_239125981.1,NA,1
planobispora longispora,28887,Planobispora longispora,1,0,nirK_only,WP_239317869.1,NA,1
pseudomonas saudimassiliensis,1461581,Pseudomonas saudimassiliensis,1,0,nirK_only,WP_239419765.1,NA,1
nocardioides solisilvae,1542435,Nocardioides solisilvae,1,0,nirK_only,WP_239456544.1,NA,1
thermomonas alba,2888525,Thermomonas alba,1,0,nirK_only,WP_240126327.1,NA,1
mycolicibacillus parakoreensis,1069221,Mycolicibacillus parakoreensis,1,0,nirK_only,WP_240170861.1,NA,1
mycolicibacterium crocinum,388459,Mycolicibacterium crocinum,1,0,nirK_only,WP_240179748.1,NA,1
aestuariibaculum lutulentum,2920935,Aestuariibaculum lutulentum,1,0,nirK_only,WP_240575440.1,NA,1
flavobacterium crocinum,2183896,Flavobacterium crocinum,1,0,nirK_only,WP_240622701.1,NA,1
oerskovia turbata,1713,Oerskovia turbata,1,0,nirK_only,WP_240666179.1,NA,1
dyella soli,522319,Dyella soli,1,0,nirK_only,WP_240733998.1,NA,1
nonomuraea basaltis,2495887,Nonomuraea basaltis,1,0,nirK_only,WP_240777799.1,NA,1
sinomonas terrae,2908838,Sinomonas terrae,1,0,nirK_only,WP_241056687.1,NA,1
arsenicicoccus piscis,673954,Arsenicicoccus piscis,1,0,nirK_only,WP_241443312.1,NA,1
arsenicicoccus dermatophilus,1076331,Arsenicicoccus dermatophilus,1,0,nirK_only,WP_241452219.1,NA,1
dietzia aerolata,595984,Dietzia aerolata,1,1,both,WP_241729723.1,WP_182630810.1,1
cryobacterium breve,1259258;1259258;1259266;69578,Cryobacterium breve,1,0,nirK_only,WP_281534869.1,NA,1
polaribacter marinus,2916838,Polaribacter marinus,1,0,nirK_only,WP_242177222.1,NA,1
aestuariivivens insulae,1621988,Aestuariivivens insulae,1,0,nirK_only,WP_242202937.1,NA,1
brumimicrobium glaciale,200475,Brumimicrobium glaciale,1,0,nirK_only,WP_242494521.1,NA,1
pengzhenrongella frigida,1259133,Pengzhenrongella frigida,1,0,nirK_only,WP_242511123.1,NA,1
thermaerobacter marianensis,644966;73919,Thermaerobacter marianensis;Thermaerobacter marianensis DSM 12885,1,0,nirK_only,WP_242822365.1,NA,1
pontibacter liquoris,2905677,Pontibacter liquoris,1,0,nirK_only,WP_242920161.1,NA,1
pontibacter vulgaris,2905679,Pontibacter vulgaris,1,0,nirK_only,WP_242928920.1,NA,1
leptospira kobayashii,1917830,Leptospira kobayashii,1,0,nirK_only,WP_242935170.1,NA,1
zhouia spongiae,2202721,Zhouia spongiae,1,0,nirK_only,WP_242937209.1,NA,1
cryobacterium zhongshanensis,2928153,Cryobacterium zhongshanensis,1,0,nirK_only,WP_243013474.1,NA,1
dyella sedimenti,2919947,Dyella sedimenti,1,0,nirK_only,WP_243039047.1,NA,1
cognatiluteimonas sedimenti,2927791,Cognatiluteimonas sedimenti,1,0,nirK_only,WP_243318640.1,NA,1
leptospira harrisiae,2023189,Leptospira harrisiae,1,0,nirK_only,WP_243401243.1,NA,1
pontibacter virosus,1765052,Pontibacter virosus,1,0,nirK_only,WP_243409668.1,NA,1
bdellovibrio reynosensis,2835041,Bdellovibrio reynosensis,1,0,nirK_only,WP_243537973.1,NA,1
tahibacter aquaticus,520092,Tahibacter aquaticus,1,1,both,WP_243746173.1,WP_133819009.1,1
dietzia kunjamensis,322509;322509;498198,Dietzia kunjamensis,1,0,nirK_only,WP_244200807.1,NA,1
leptospira kemamanensis,2484942,Leptospira kemamanensis,1,0,nirK_only,WP_244245599.1,NA,1
methylocella silvestris,199596;395965,Methylocella silvestris;Methylocella silvestris BL2,1,0,nirK_only,WP_244406236.1,NA,1
afipia felis,1035;1035;883080,Afipia felis,1,1,both,WP_454001995.1,WP_002715732.1,1
microvirga massiliensis,1033741,Microvirga massiliensis,1,1,both,WP_244470746.1,WP_052763820.1,1
microvirga guangxiensis,549386,Microvirga guangxiensis,1,1,both,WP_244510768.1,WP_342025891.1,1
aeriscardovia aeriphila,218139,Aeriscardovia aeriphila,1,0,nirK_only,WP_244569576.1,NA,1
rhodoblastus acidophilus,1074,Rhodoblastus acidophilus,1,1,both,WP_264597861.1,WP_088519323.1,1
aureimonas glaciei,1776957,Aureimonas glaciei,1,0,nirK_only,WP_244640444.1,NA,1
camelimonas fluminis,1576911,Camelimonas fluminis,1,0,nirK_only,WP_244643157.1,NA,1
uruburuella testudinis,1282863,Uruburuella testudinis,1,1,both,WP_244784375.1,WP_244784021.1,1
flavobacterium psychroterrae,2133767,Flavobacterium psychroterrae,1,0,nirK_only,WP_379784503.1,NA,1
janibacter anophelis,1216968;319054,Janibacter anophelis;Janibacter anophelis NBRC 107843,1,0,nirK_only,WP_244884693.1,NA,1
acidipropionibacterium timonense,2161818,Acidipropionibacterium timonense,1,0,nirK_only,WP_245306687.1,NA,1
arthrobacter stackebrandtii,272161,Arthrobacter stackebrandtii,1,0,nirK_only,WP_245346464.1,NA,1
paeniglutamicibacter psychrophenolicus,257454,Paeniglutamicibacter psychrophenolicus,1,0,nirK_only,WP_245348031.1,NA,1
borborobacter arsenicus,1851146,Borborobacter arsenicus,1,1,both,WP_245451068.1,WP_165899743.1,1
flavobacterium antarcticum,1111730;271155,Flavobacterium antarcticum;Flavobacterium antarcticum DSM 19726,1,0,nirK_only,WP_245557715.1,NA,1
acidipropionibacterium thoenii,1122998;1751,Acidipropionibacterium thoenii;Acidipropionibacterium thoenii DSM 20276,1,0,nirK_only,WP_245569907.1,NA,1
flavobacterium tegetincola,1121901;150172,Flavobacterium tegetincola;Flavobacterium tegetincola DSM 22377,1,0,nirK_only,WP_245574909.1,NA,1
kaistia adipata,1122131;166954,Kaistia adipata;Kaistia adipata DSM 17808,1,1,both,WP_245576836.1,WP_035831388.1,1
nevskia soli,1122604;418856,Nevskia soli;Nevskia soli DSM 19509,1,0,nirK_only,WP_245611710.1,NA,1
flavobacterium glycines,551990,Flavobacterium glycines,1,0,nirK_only,WP_245683126.1,NA,1
sanguibacter gelidistatuariae,1814289,Sanguibacter gelidistatuariae,1,0,nirK_only,WP_245701121.1,NA,1
hymenobacter actinosclerus,82805,Hymenobacter actinosclerus,1,0,nirK_only,WP_245744994.1,NA,1
tessaracoccus bendigoensis,1123357;72764,Tessaracoccus bendigoensis;Tessaracoccus bendigoensis DSM 12906,1,0,nirK_only,WP_245787862.1,NA,1
pollutimonas bauzanensis,658167,Pollutimonas bauzanensis,1,1,both,WP_245801136.1,WP_245801352.1,1
georgenia soli,638953,Georgenia soli,1,0,nirK_only,WP_245862172.1,NA,1
pontibacter ramchanderi,1179743,Pontibacter ramchanderi,1,0,nirK_only,WP_245868620.1,NA,1
cecembia rubra,1485585,Cecembia rubra,1,0,nirK_only,WP_245889472.1,NA,1
devosia submarina,1173082,Devosia submarina,1,1,both,WP_245895396.1,WP_108396055.1,1
ottowia oryzae,2109914,Ottowia oryzae,1,0,nirK_only,WP_245896335.1,NA,1
arthrobacter psychrochitiniphilus,291045,Arthrobacter psychrochitiniphilus,1,0,nirK_only,WP_245932126.1,NA,1
arthrobacter livingstonensis,670078,Arthrobacter livingstonensis,1,0,nirK_only,WP_245933634.1,NA,1
avibacterium avium,292486;380674;751;762;292486;751;762;751,Avibacterium avium,1,0,nirK_only,WP_245934867.1,NA,1
nonomuraea fuscirosea,1291556,Nonomuraea fuscirosea,1,1,both,WP_245956206.1,WP_181308762.1,1
pelagibacterium sediminicola,2248761,Pelagibacterium sediminicola,1,1,both,WP_245958482.1,WP_116654334.1,1
salana multivorans,120377,Salana multivorans,1,0,nirK_only,WP_245967930.1,NA,1
maritalea myrionectae,454601,Maritalea myrionectae,1,0,nirK_only,WP_245985861.1,NA,1
rarobacter faecitabidus,13243,Rarobacter faecitabidus,1,0,nirK_only,WP_246046187.1,NA,1
glutamicibacter creatinolyticus,162496,Glutamicibacter creatinolyticus,1,0,nirK_only,WP_246049513.1,NA,1
yimella lutea,587872,Yimella lutea,1,0,nirK_only,WP_246092500.1,NA,1
microvirga thermotolerans,2651334,Microvirga thermotolerans,1,1,both,WP_246179813.1,WP_194164598.1,1
methylacidimicrobium cyclopophantes,1041766,Methylacidimicrobium cyclopophantes,1,0,nirK_only,WP_246189616.1,NA,1
microvirga arsenatis,2692265,Microvirga arsenatis,1,1,both,WP_246205381.1,WP_161721880.1,1
microbacterium pseudoresistens,640634,Microbacterium pseudoresistens,1,0,nirK_only,WP_246285960.1,NA,1
nonomuraea rhodomycinica,1712872,Nonomuraea rhodomycinica,1,1,both,WP_246363540.1,WP_312888572.1,1
marilutibacter spongiae,2025720,Marilutibacter spongiae,1,1,both,WP_246373058.1,WP_182685740.1,1
muricoccus pecuniae,693023,Muricoccus pecuniae,1,0,nirK_only,WP_246417728.1,NA,1
silvimonas terrae,300266,Silvimonas terrae,1,1,both,WP_246428769.1,WP_184098613.1,1
leucobacter denitrificans,683042,Leucobacter denitrificans,1,0,nirK_only,WP_246454519.1,NA,1
aminobacter carboxidus,376165,Aminobacter carboxidus,1,1,both,WP_246485532.1,WP_184768259.1,1
nonomuraea muscovyensis,1124761,Nonomuraea muscovyensis,1,1,both,WP_246502491.1,WP_185084011.1,1
arthrospiribacter ruber,2487934,Arthrospiribacter ruber,1,0,nirK_only,WP_246611658.1,NA,1
microvirga terricola,2719797,Microvirga terricola,1,1,both,WP_246728357.1,WP_167671380.1,1
microvirga splendida,2795727,Microvirga splendida,1,1,both,WP_246742431.1,WP_199050198.1,1
humibacter ginsenosidimutans,2599293,Humibacter ginsenosidimutans,1,0,nirK_only,WP_246846587.1,NA,1
flavobacterium sediminilitoris,2024526;237;2986836,Flavobacterium;Flavobacterium sediminilitoris;Flavobacterium sp. N501239,1,0,nirK_only,WP_246916110.1,NA,1
methylophaga pinxianii,2881052,Methylophaga pinxianii,1,0,nirK_only,WP_247363672.1,NA,1
ensifer sesbaniae,1214071,Ensifer sesbaniae,1,1,both,WP_247960543.1,WP_173516570.1,1
flavobacterium pygoscelis,2893176,Flavobacterium pygoscelis,1,0,nirK_only,WP_248427816.1,NA,1
flavobacterium humidisoli,2937442,Flavobacterium humidisoli,1,0,nirK_only,WP_248726130.1,NA,1
halalkalibaculum roseum,2709311,Halalkalibaculum roseum,1,0,nirK_only,WP_249066542.1,NA,1
bradyrhizobium jicamae,280332,Bradyrhizobium jicamae,1,1,both,WP_249164604.1,WP_212364667.1,1
actinotalea alkalitolerans,2939438,Actinotalea alkalitolerans,1,0,nirK_only,WP_249382991.1,NA,1
wielerella bovis,2917790,Wielerella bovis,1,1,both,WP_249442398.1,WP_249443658.1,1
rhizomonospora bruguierae,1581705,Rhizomonospora bruguierae,1,0,nirK_only,WP_249714619.1,NA,1
sphingomonas caseinilytica,2908205,Sphingomonas caseinilytica,1,1,both,WP_249903798.1,WP_249903503.1,1
unclassified avibacterium,2685287;2911523;2911526;2685287;2911525;2911527,unclassified Avibacterium;Avibacterium sp. 20-129;Avibacterium sp. 21-595,1,0,nirK_only,WP_250351681.1,NA,1
pontibacter ruber,1343895,Pontibacter ruber,1,0,nirK_only,WP_250429883.1,NA,1
bowdeniella massiliensis,2932264,Bowdeniella massiliensis,1,0,nirK_only,WP_250506334.1,NA,1
flavobacterium tyrosinilyticum,1658740,Flavobacterium tyrosinilyticum,1,0,nirK_only,WP_250835409.1,NA,1
georgenia satyanarayanai,860221,Georgenia satyanarayanai,1,0,nirK_only,WP_258369427.1,NA,1
janthinobacterium kumbetense,2950280,Janthinobacterium kumbetense,1,0,nirK_only,WP_251350258.1,NA,1
arenibacter antarcticus,178469;2040469;2183743,Arenibacter;Arenibacter antarcticus;Arenibacter sp. H213,1,0,nirK_only,WP_251807181.1,NA,1
oceanitalea stevensii,2763072,Oceanitalea stevensii,1,0,nirK_only,WP_251840172.1,NA,1
microbulbifer okhotskensis,2926617,Microbulbifer okhotskensis,1,0,nirK_only,WP_252468799.1,NA,1
streptomyces phaeoluteigriseus,114686,Streptomyces phaeoluteigriseus,1,0,nirK_only,WP_252551275.1,NA,1
ornithinimicrobium faecis,2934158,Ornithinimicrobium faecis,1,0,nirK_only,WP_252595638.1,NA,1
ornithinimicrobium cryptoxanthini,2934161,Ornithinimicrobium cryptoxanthini,1,0,nirK_only,WP_252623786.1,NA,1
ralstonia mojiangensis,2953895;2953895;3243004;48736;2953895;48736;54061,Ralstonia mojiangensis,1,1,both,WP_252694503.1,WP_092974493.1,1
dyella lutea,2950441,Dyella lutea,1,0,nirK_only,WP_253564296.1,NA,1
cellulosimicrobium protaetiae,2587808,Cellulosimicrobium protaetiae,1,0,nirK_only,WP_253691207.1,NA,1
uncultured neisseria,237778,uncultured Neisseria sp.,1,1,both,WP_297955373.1,WP_296115852.1,1
unclassified sphingobacterium,2609468;2961940;2961941;2961942;2962916;2609468;3345577;3345588;341027,Sphingobacterium sp.;unclassified Sphingobacterium;Sphingobacterium sp. NPDC055346;Sphingobacterium sp. NPDC055431,1,0,nirK_only,WP_254529488.1,NA,1
marinobacterium sedimentorum,2927804,Marinobacterium sedimentorum,1,1,both,WP_254582081.1,WP_254582105.1,1
shinella daejeonensis,659017,Shinella daejeonensis,1,1,both,WP_254689870.1,WP_254692543.1,1
alsobacter ponti,2962936,Alsobacter ponti,1,1,both,WP_254737331.1,WP_254744336.1,1
rothia gullae,2962204,Rothia gullae,1,0,nirK_only,WP_254757564.1,NA,1
ramlibacter cellulosilyticus,2764187,Ramlibacter cellulosilyticus,1,1,both,WP_255428145.1,WP_187075617.1,1
lysobacter soyae,2764185,Lysobacter soyae,1,0,nirK_only,WP_255555933.1,NA,1
marinobacterium rhizophilum,1122202;420402;420402,Marinobacterium rhizophilum,1,1,both,WP_255855196.1,WP_020683451.1,1
tahibacter harae,2963937,Tahibacter harae,1,0,nirK_only,WP_255915806.1,NA,1
kaistella montana,1849733,Kaistella montana,1,0,nirK_only,WP_255926327.1,NA,1
desertivirga xinjiangensis,539206,Desertivirga xinjiangensis,1,0,nirK_only,WP_256013534.1,NA,1
thermomonas paludicola,2884874,Thermomonas paludicola,1,1,both,WP_256646752.1,WP_256645573.1,1
microbacterium esteraromaticum,57043,Microbacterium esteraromaticum,1,0,nirK_only,WP_315900771.1,NA,1
shinella pollutisoli,2250594,Shinella pollutisoli,1,0,nirK_only,WP_257316150.1,NA,1
tahibacter caeni,1453545,Tahibacter caeni,1,0,nirK_only,WP_257385745.1,NA,1
massilia terrae,1811224,Massilia terrae,1,1,both,WP_258814001.1,WP_258813370.1,1
massilia pinisoli,1772194,Massilia pinisoli,1,1,both,WP_258820013.1,WP_258819214.1,1
massilia agilis,1811226,Massilia agilis,1,0,nirK_only,WP_258824528.1,NA,1
massilia solisilvae,1811225,Massilia solisilvae,1,0,nirK_only,WP_258857988.1,NA,1
stutzerimonas xanthomarina,271420;271420;2901164;3450129,Stutzerimonas xanthomarina,1,1,both,WP_260465885.1,WP_200637180.1,1
tenacibaculum haliotis,1888914,Tenacibaculum haliotis,1,0,nirK_only,WP_260585841.1,NA,1
dactylosporangium roseum,47989,Dactylosporangium roseum,1,0,nirK_only,WP_260725930.1,NA,1
kocuria palustris,71999,Kocuria palustris,1,0,nirK_only,WP_260853465.1,NA,1
chelativorans petroleitrophicus,2975484,Chelativorans petroleitrophicus,1,1,both,WP_261515404.1,WP_261515037.1,1
tahibacter amnicola,1453544;2976241;3466942,Tahibacter;Tahibacter amnicola;Tahibacter sp. KJ10-20,1,1,both,WP_261693563.1,WP_261694171.1,1
microvirga yunnanensis,2953740,Microvirga yunnanensis,1,1,both,WP_262265968.1,WP_262271444.1,1
flavobacterium odoriferum,237;239;2946604,Flavobacterium;Flavobacterium sp.;Flavobacterium odoriferum,1,0,nirK_only,WP_262318204.1,NA,1
alloalcanivorax balearicus,1177182;413232,Alloalcanivorax balearicus;Alloalcanivorax balearicus MACL04,1,0,nirK_only,WP_262460452.1,NA,1
gaetbulibacter jejuensis,2038084;2982307;3422594;49546;584607,Flavobacteriaceae;Gaetbulibacter jejuensis;Corallibacter sp.;Gaetbulibacter sp. NE;Gaetbulibacter sp. PBL-D1,1,0,nirK_only,WP_262733358.1,NA,1
pseudoalteromonas haloplanktis,228;3035202;43659;53246,Pseudoalteromonas haloplanktis;Pseudoalteromonas tetraodonis;Pseudoalteromonas;Pseudoalteromonas sp. APC 3694,1,0,nirK_only,WP_262976322.1,NA,1
brachybacterium atlanticum,2911888,Brachybacterium atlanticum,1,1,both,WP_263311624.1,WP_263310686.1,1
brachybacterium huguangmaarense,1652028,Brachybacterium huguangmaarense,1,0,nirK_only,WP_263594278.1,NA,1
mycolicibacterium pyrenivorans,187102,Mycolicibacterium pyrenivorans,1,0,nirK_only,WP_264022672.1,NA,1
flavobacterium shii,2987687,Flavobacterium shii,1,0,nirK_only,WP_264205204.1,NA,1
pelagibacterium flavum,2984530,Pelagibacterium flavum,1,0,nirK_only,WP_264224815.1,NA,1
flavobacterium frigoritolerans,2987686,Flavobacterium frigoritolerans,1,0,nirK_only,WP_264285511.1,NA,1
flavobacterium lacisediminis,2989705,Flavobacterium lacisediminis,1,0,nirK_only,WP_264369732.1,NA,1
azospirillum canadense,403962,Azospirillum canadense,1,1,both,WP_264660143.1,WP_264655925.1,1
micropruina sonneratiae,2986940,Micropruina sonneratiae,1,0,nirK_only,WP_264702717.1,NA,1
caldinitratiruptor microaerophilus,671077,Caldinitratiruptor microaerophilus,1,0,nirK_only,WP_264844136.1,NA,1
psychrobacter immobilis,2;3687083;498;498,Psychrobacter immobilis,1,0,nirK_only,WP_265088389.1,NA,1
salinimicrobium tongyeongense,2809707,Salinimicrobium tongyeongense,1,0,nirK_only,WP_265162429.1,NA,1
leptospira soteropolitanensis,2950025,Leptospira soteropolitanensis,1,0,nirK_only,WP_265352680.1,NA,1
leptospira paudalimensis,171;178;2950024,Leptospira;Leptospira sp.;Leptospira paudalimensis,1,0,nirK_only,WP_265358436.1,NA,1
leptospira limi,2950023,Leptospira limi,1,0,nirK_only,WP_265374993.1,NA,1
brevibacterium spongiae,2909672,Brevibacterium spongiae,1,0,nirK_only,WP_265417758.1,NA,1
polaribacter ponticola,2978475,Polaribacter ponticola,1,0,nirK_only,WP_265724535.1,NA,1
fodinibius salsisoli,2820877,Fodinibius salsisoli,1,1,both,WP_265766068.1,WP_265765847.1,1
fodinibius salicampi,1920655,Fodinibius salicampi,1,0,nirK_only,WP_265788599.1,NA,1
salinimicrobium profundisediminis,2994553;3425123;561367,Salinimicrobium;Salinimicrobium profundisediminis;Salinimicrobium sp. WS361,1,0,nirK_only,WP_266067949.1,NA,1
dyella halodurans,1920171,Dyella halodurans,1,0,nirK_only,WP_266150853.1,NA,1
pontibacter kalidii,2592049,Pontibacter kalidii,1,0,nirK_only,WP_266205609.1,NA,1
kaistia terrae,537017,Kaistia terrae,1,1,both,WP_266345790.1,WP_266346451.1,1
frateuria hangzhouensis,2995589,Frateuria hangzhouensis,1,0,nirK_only,WP_267172638.1,NA,1
dyella silvae,2994424,Dyella silvae,1,0,nirK_only,WP_267225524.1,NA,1
hoeflea algicola,1940281;274591;2983763;2983763,Hoeflea;Hoeflea sp.;Hoeflea algicola,1,1,both,WP_267655987.1,WP_267656400.1,1
myroides injenensis,1183151,Myroides injenensis,1,0,nirK_only,WP_267740352.1,NA,1
pelomonas aquatica,431058,Pelomonas aquatica,1,0,nirK_only,WP_268150031.1,NA,1
nonomuraea glycinis,2047744,Nonomuraea glycinis,1,0,nirK_only,WP_268241357.1,NA,1
amycolatopsis cynarae,2995223,Amycolatopsis cynarae,1,0,nirK_only,WP_268441469.1,NA,1
flavobacterium aestivum,3003257,Flavobacterium aestivum,1,0,nirK_only,WP_268849052.1,NA,1
flavobacterium praedii,237;3002900;3003623,Flavobacterium;Flavobacterium praedii;Flavobacterium sp. IMCC34518,1,0,nirK_only,WP_269221953.1,NA,1
castellaniella denitrificans,56119,Castellaniella denitrificans,1,0,nirK_only,WP_269358390.1,NA,1
streptomyces cinnabarinus,67287,Streptomyces cinnabarinus,1,0,nirK_only,WP_269663888.1,NA,1
flavobacterium lacustre,3016339,Flavobacterium lacustre,1,0,nirK_only,WP_269685567.1,NA,1
maricaulis virginensis,144022,Maricaulis virginensis,1,0,nirK_only,WP_271186824.1,NA,1
nonomuraea ferruginea,46174,Nonomuraea ferruginea,1,0,nirK_only,WP_271279405.1,NA,1
flavobacterium azizsancarii,2961580,Flavobacterium azizsancarii,1,0,nirK_only,WP_271336440.1,NA,1
pseudomonas aestuarii,3018340,Pseudomonas aestuarii,1,0,nirK_only,WP_271346991.1,NA,1
streptomyces lienomycini,1883;284035;3157092;284035,Streptomyces;Streptomyces lienomycini;Streptomyces sp. NPDC044948,1,0,nirK_only,WP_271413550.1,NA,1
cutibacterium equinum,3016342,Cutibacterium equinum,1,0,nirK_only,WP_271418230.1,NA,1
aequorivita todarodis,2036821,Aequorivita todarodis,1,0,nirK_only,WP_272856260.1,NA,1
paracoccus stylophorae,659350,Paracoccus stylophorae,1,1,both,WP_272857903.1,WP_272857900.1,1
janthinobacterium fluminis,2987524,Janthinobacterium fluminis,1,1,both,WP_273669709.1,WP_273673733.1,1
flavobacterium oryzicola,3025668,Flavobacterium oryzicola,1,0,nirK_only,WP_274256011.1,NA,1
neisseria leonii,2995413,Neisseria leonii,1,1,both,WP_274571386.1,WP_274570607.1,1
tenacibaculum larymnensis,104267;2878201;3110763,Tenacibaculum;Tenacibaculum larymnensis;Tenacibaculum sp. DPLXC6,1,0,nirK_only,WP_274639799.1,NA,1
microbacterium horticulturae,3028316,Microbacterium horticulturae,1,0,nirK_only,WP_275277199.1,NA,1
tenacibaculum retecalamus,3018315,Tenacibaculum retecalamus,1,0,nirK_only,WP_275689023.1,NA,1
tessaracoccus caeni,3031239,Tessaracoccus caeni,1,0,nirK_only,WP_275703515.1,NA,1
unclassified knoellia,2618719;3032285;3273395;2618719;3032286;3273396,unclassified Knoellia;Knoellia sp. 3-2P3;Knoellia sp. GCM10027112,1,0,nirK_only,WP_275803698.1,NA,1
aquibaculum arenosum,3032591,Aquibaculum arenosum,1,0,nirK_only,WP_275821488.1,NA,1
pontibacter litorisediminis,1846260,Pontibacter litorisediminis,1,0,nirK_only,WP_276495948.1,NA,1
janibacter cremeus,1285192,Janibacter cremeus,1,0,nirK_only,WP_343062832.1,NA,1
arthrobacter vasquezii,2977629,Arthrobacter vasquezii,1,0,nirK_only,WP_277357338.1,NA,1
bdellovibrio svalbardensis,2972972,Bdellovibrio svalbardensis,1,0,nirK_only,WP_277578384.1,NA,1
speluncibacter jeojiensis,2710754,Speluncibacter jeojiensis,1,0,nirK_only,WP_277835593.1,NA,1
flavobacterium ginsengisoli,871694,Flavobacterium ginsengisoli,1,0,nirK_only,WP_488753999.1,NA,1
streptomyces cathayae,1883;3031124;3406419,Streptomyces;Streptomyces cathayae;Streptomyces sp. GDS52,1,0,nirK_only,WP_279334059.1,NA,1
actinobacillus arthritidis,157339,Actinobacillus arthritidis,1,0,nirK_only,WP_279445225.1,NA,1
aequorivita marisscotiae,153265;3040348;3114371,Aequorivita;Aequorivita marisscotiae;Aequorivita flava,1,0,nirK_only,WP_279447625.1,NA,1
actinobacillus genomosp.,230709;254839,Actinobacillus genomosp. 1,1,0,nirK_only,WP_279457574.1,NA,1
rothia similimucilaginosa,3030211,Rothia similimucilaginosa,1,0,nirK_only,WP_279741545.1,NA,1
streptomyces fenghuangensis,713595,Streptomyces fenghuangensis,1,0,nirK_only,WP_490882140.1,NA,1
unclassified empedobacter,1927715;2643773;2975390;2975392,Empedobacter sp.;unclassified Empedobacter;Empedobacter sp. GD03861;Empedobacter sp. GD03865,1,0,nirK_only,WP_280049702.1,NA,1
luteimonas endophytica,3042023,Luteimonas endophytica,1,1,both,WP_280573112.1,WP_280572330.1,1
tessaracoccus lacteus,3041766,Tessaracoccus lacteus,1,0,nirK_only,WP_281144517.1,NA,1
flavobacterium aquiphilum,3003261,Flavobacterium aquiphilum,1,0,nirK_only,WP_281226558.1,NA,1
flavobacterium gelatinilyticum,3003260,Flavobacterium gelatinilyticum,1,0,nirK_only,WP_281234524.1,NA,1
flavobacterium flavigenum,3003258,Flavobacterium flavigenum,1,0,nirK_only,WP_281309741.1,NA,1
ruicaihuangia caeni,3042517,Ruicaihuangia caeni,1,1,both,WP_281488621.1,WP_281488016.1,1
flavobacterium luteolum,3003259,Flavobacterium luteolum,1,0,nirK_only,WP_281631942.1,NA,1
flavobacterium marginilacus,3003256,Flavobacterium marginilacus,1,0,nirK_only,WP_281636089.1,NA,1
lysobacter auxotrophicus,2992573,Lysobacter auxotrophicus,1,0,nirK_only,WP_281781933.1,NA,1
methylocystis iwaonis,2885079,Methylocystis iwaonis,1,1,both,WP_281927880.1,WP_281931663.1,1
nitrospina watsonii,1323948,Nitrospina watsonii,1,0,nirK_only,WP_282010219.1,NA,1
flavobacterium yafengii,3041253,Flavobacterium yafengii,1,0,nirK_only,WP_282716382.1,NA,1
cellulomonas endometrii,3036301,Cellulomonas endometrii,1,0,nirK_only,WP_282944880.1,NA,1
lysobacter stagni,3045172,Lysobacter stagni,1,0,nirK_only,WP_283213683.1,NA,1
arthrobacter antibioticus,3046203,Arthrobacter antibioticus,1,0,nirK_only,WP_283529182.1,NA,1
pseudoalteromonas prydzensis,182141,Pseudoalteromonas prydzensis,1,0,nirK_only,WP_283710725.1,NA,1
faucicola osloensis,34062,Faucicola osloensis,1,0,nirK_only,WP_284034975.1,NA,1
thermalbibacter longus,2951981,Thermalbibacter longus,1,0,nirK_only,WP_284056068.1,NA,1
parachitinimonas caeni,3031301,Parachitinimonas caeni,1,1,both,WP_284100499.1,WP_284099622.1,1
homoserinibacter gongjuensis,1162968,Homoserinibacter gongjuensis,1,0,nirK_only,WP_284301406.1,NA,1
mobilicoccus caccae,1859295,Mobilicoccus caccae,1,0,nirK_only,WP_284304827.1,NA,1
comamonas halotolerans,3041496,Comamonas halotolerans,1,0,nirK_only,WP_284336165.1,NA,1
devosia rhizosphaerae,3049774,Devosia rhizosphaerae,1,1,both,WP_284581058.1,WP_284578276.1,1
flavobacterium tructae,1114873,Flavobacterium tructae,1,0,nirK_only,WP_285225381.1,NA,1
halopseudomonas bauzanensis,653930,Halopseudomonas bauzanensis,1,0,nirK_only,WP_285261212.1,NA,1
streptomyces fuscus,3048495,Streptomyces fuscus,1,0,nirK_only,WP_285431246.1,NA,1
amycolatopsis mongoliensis,715475,Amycolatopsis mongoliensis,1,0,nirK_only,WP_285994532.1,NA,1
methylomarinovum tepidoasis,2840183,Methylomarinovum tepidoasis,1,0,nirK_only,WP_286292803.1,NA,1
unclassified myroides,2642485;2746726;3400533;2642485;2746734;2746737;2746738,unclassified Myroides;Myroides sp. DF42-4-2;Myroides sp. C8-3,1,0,nirK_only,WP_286442680.1,NA,1
uncultured devosia,1895751;211434;211434,uncultured Devosia sp.,1,1,both,WP_286721186.1,WP_297105898.1,1
uncultured chryseobacterium,259322,uncultured Chryseobacterium sp.,1,0,nirK_only,WP_288244268.1,NA,1
uncultured psychrobacter,259303,uncultured Psychrobacter sp.,1,0,nirK_only,WP_288776557.1,NA,1
uncultured cutibacterium,1912223,uncultured Cutibacterium sp.,1,0,nirK_only,WP_288782827.1,NA,1
uncultured microbacterium,1660113;1895785;191216;2609290;51671;191216;191216;1946945;2782167;3056562;3056563;33882,uncultured Microbacterium sp.,1,1,both,WP_288783164.1,WP_194384045.1,1
uncultured elizabethkingia,432638,uncultured Elizabethkingia sp.,1,0,nirK_only,WP_288790794.1,NA,1
uncultured bifidobacterium,165187,uncultured Bifidobacterium sp.,1,0,nirK_only,WP_288804975.1,NA,1
uncultured kingella,159270,uncultured Kingella sp.,1,0,nirK_only,WP_289004053.1,NA,1
uncultured ornithinimicrobium,259307,uncultured Ornithinimicrobium sp.,1,0,nirK_only,WP_289020240.1,NA,1
rhodococcus indonesiensis,1827;3055869;3059079;3055869,Rhodococcus indonesiensis,1,0,nirK_only,WP_289380716.1,NA,1
unclassified nostoc,2593658;3056647;3075406;3075408,unclassified Nostoc;Nostoc sp. GT001;Nostoc sp. EfeVER01;Nostoc sp. EspVER01,1,0,nirK_only,WP_289798541.1,NA,1
aquisalimonas lutea,1327750,Aquisalimonas lutea,1,0,nirK_only,WP_290204695.1,NA,1
winogradskyella bathintestinalis,3035208,Winogradskyella bathintestinalis,1,0,nirK_only,WP_290205973.1,NA,1
kaistella yonginensis,658267,Kaistella yonginensis,1,0,nirK_only,WP_290215802.1,NA,1
aequorivita aurantiaca,3053356,Aequorivita aurantiaca,1,0,nirK_only,WP_290254258.1,NA,1
algibacter miyuki,1306933,Algibacter miyuki,1,0,nirK_only,WP_290268300.1,NA,1
gordonia defluvii,1946575;2053;283718,Gordonia;Gordonia defluvii;Gordonia sp. UBA5067,1,0,nirK_only,WP_290703510.1,NA,1
unclassified devosia,1871048;1895754;196773;211434;196773;2725264;2759954,unclassified Devosia;uncultured Devosia sp.;Devosia sp.;Devosia sp. 67-54,1,1,both,WP_291303828.1,WP_291306781.1,1
uncultured comamonas,114710;1660095;114710;225992,uncultured Comamonas sp.;Comamonas kerstersii,1,1,both,WP_291556374.1,WP_054065721.1,1
uncultured methylophaga,1946866;1946867;1946871;1946872;1946874;1946896;1946899;2024840;2629249;285271;1946868;1946875;1946877;1946881;1946886;1946887;1946892;1946893;1946897;2024840;2629249;285271;285271,uncultured Methylophaga sp.,1,0,nirK_only,WP_292356761.1,NA,1
unclassified methylophaga,1946882;1946900;2024840;2629249;1946885;1946888;2024840;2629249,Methylophaga sp. UBA3192;Methylophaga sp. UBA5113;Methylophaga sp.;unclassified Methylophaga,1,0,nirK_only,WP_292398918.1,NA,1
uncultured mesorhizobium,1871066;1895781;233795;325217;1871066;233795,uncultured Mesorhizobium sp.;unclassified Mesorhizobium;Mesorhizobium sp.;Mesorhizobium sp. 65-26,1,1,both,WP_292890705.1,WP_292585068.1,1
uncultured paracoccus,189685;189685;1947054;1947056;267;2688777;3472677;3472693;3472703;3472708;189685;2594268;189685;2756130,uncultured Paracoccus sp.,1,1,both,WP_292952776.1,WP_294926224.1,1
unclassified phenylobacterium,1768774;1768784;2640670;1801944;1871053;2640670,Phenylobacterium sp. CCH9-H3;Phenylobacterium sp. CCH12-B4;unclassified Phenylobacterium,1,1,both,WP_293387060.1,WP_068877281.1,1
unclassified polaromonas,1869339;1970412;1970413;1970415;1970418;1970420;2638319;2638319;2760709;2787731;2787732;2638319;2804622;2804662;2638319;3232407;3232431;3232439;2638319;3232408;3232523;2638319;3232414;3232422;3232525;3232534;3232662;3232669;2638319;3232421;3232424;2638319;3232435;3232445;2638319;3232596;3232612,unclassified Polaromonas;Polaromonas sp. P4_F4;Polaromonas sp. P4_H1,1,1,both,WP_426144509.1,WP_477718727.1,1
uncultured actinobacillus,417616,uncultured Actinobacillus sp.,1,0,nirK_only,WP_293730033.1,NA,1
uncultured rhodoblastus,543037,uncultured Rhodoblastus sp.,1,0,nirK_only,WP_294532235.1,NA,1
uncultured kocuria,259305,uncultured Kocuria sp.,1,0,nirK_only,WP_298583205.1,NA,1
uncultured ralstonia,114715;54061,Ralstonia sp.;uncultured Ralstonia sp.,1,1,both,WP_295490046.1,WP_295499827.1,1
uncultured tessaracoccus,905023,uncultured Tessaracoccus sp.,1,0,nirK_only,WP_297741119.1,NA,1
uncultured amaricoccus,1872485;339341;339341,uncultured Amaricoccus sp.;Amaricoccus sp.,1,1,both,WP_297973563.1,WP_297972437.1,1
uncultured castellaniella,647907,uncultured Castellaniella sp.,1,0,nirK_only,WP_298015559.1,NA,1
uncultured cellulomonas,189682,uncultured Cellulomonas sp.,1,0,nirK_only,WP_298458206.1,NA,1
uncultured oceanisphaera,353858,uncultured Oceanisphaera sp.,1,1,both,WP_298718321.1,WP_298719865.1,1
uncultured ferrovibrio,1576913,uncultured Ferrovibrio sp.,1,0,nirK_only,WP_298726564.1,NA,1
uncultured serinicoccus,735514,uncultured Serinicoccus sp.,1,0,nirK_only,WP_298752909.1,NA,1
uncultured caulobacter,158749,uncultured Caulobacter sp.,1,0,nirK_only,WP_299004471.1,NA,1
uncultured paraglaciecola,1765024;1765024;1920173;1765024;2500157,uncultured Paraglaciecola sp.;Paraglaciecola sp.,1,1,both,WP_339724418.1,WP_133469755.1,1
uncultured tenacibaculum,174713,uncultured Tenacibaculum sp.,1,0,nirK_only,WP_299158183.1,NA,1
uncultured lacinutrix,574032,uncultured Lacinutrix sp.,1,0,nirK_only,WP_299247248.1,NA,1
uncultured cytophaga,160238,uncultured Cytophaga sp.,1,0,nirK_only,WP_299251471.1,NA,1
uncultured georgenia,378209,uncultured Georgenia sp.,1,0,nirK_only,WP_299279838.1,NA,1
uncultured brachybacterium,189680,uncultured Brachybacterium sp.,1,0,nirK_only,WP_299298361.1,NA,1
uncultured pseudoxanthomonas,2480810;281701;281701,uncultured Pseudoxanthomonas sp.;Pseudoxanthomonas winnipegensis,1,1,both,WP_299347332.1,WP_130533550.1,1
uncultured gelidibacter,259318,uncultured Gelidibacter sp.,1,0,nirK_only,WP_299390304.1,NA,1
uncultured pontibacter,453356,uncultured Pontibacter sp.,1,0,nirK_only,WP_299699680.1,NA,1
uncultured formosa,255435,uncultured Formosa sp.,1,0,nirK_only,WP_299781864.1,NA,1
uncultured microbulbifer,348147,uncultured Microbulbifer sp.,1,1,both,WP_299941322.1,WP_299597074.1,1
demequina muriae,3051664,Demequina muriae,1,0,nirK_only,WP_301143202.1,NA,1
microbulbifer spongiae,2944933,Microbulbifer spongiae,1,0,nirK_only,WP_301415057.1,NA,1
neisseria basseii,2830650,Neisseria basseii,1,0,nirK_only,WP_301668033.1,NA,1
neisseria benedictiae,2830649,Neisseria benedictiae,1,0,nirK_only,WP_301669377.1,NA,1
neisseria blantyrii,2830647,Neisseria blantyrii,1,0,nirK_only,WP_301673193.1,NA,1
neisseria maigaei,2830651,Neisseria maigaei,1,0,nirK_only,WP_301817571.1,NA,1
neisseria uirgultaei,2830646,Neisseria uirgultaei,1,0,nirK_only,WP_301884986.1,NA,1
peiella sedimenti,3061083,Peiella sedimenti,1,0,nirK_only,WP_302109962.1,NA,1
uncultured marivirga,1123707;2010992,uncultured Marivirga sp.;Marivirga harenae,1,0,nirK_only,WP_303270949.1,NA,1
flavivirga spongiicola,421621,Flavivirga spongiicola,1,0,nirK_only,WP_303306588.1,NA,1
pontibacter coccineus,3063328,Pontibacter coccineus,1,0,nirK_only,WP_303413233.1,NA,1
corynebacterium variabile,1727,Corynebacterium variabile,1,0,nirK_only,WP_303948332.1,NA,1
limnochorda pilosa,1555112;1555112;1676651;1940279,Limnochorda pilosa,1,1,both,WP_304171205.1,WP_068137156.1,1
nonomuraea turcica,3067274,Nonomuraea turcica,1,1,both,WP_305923668.1,WP_305919087.1,1
oceanimonas aquatica,3068186,Oceanimonas aquatica,1,1,both,WP_306078486.1,WP_306080471.1,1
massilia scottii,3057166,Massilia scottii,1,1,both,WP_306619980.1,WP_306623089.1,1
massilia pseudoviolaceinigra,3057165,Massilia pseudoviolaceinigra,1,1,both,WP_306650771.1,WP_306648022.1,1
azospirillum isscasi,3053926,Azospirillum isscasi,1,0,nirK_only,WP_306711931.1,NA,1
oceanimonas pelagia,3028314,Oceanimonas pelagia,1,1,both,WP_306762782.1,WP_306762153.1,1
streptosporangium brasiliense,2000;3366195;47480,Streptosporangium;Streptosporangium brasiliense;Streptosporangium sp. NPDC052375,1,0,nirK_only,WP_306870821.1,NA,1
arthrobacter silviterrae,2026658,Arthrobacter silviterrae,1,0,nirK_only,WP_306987219.1,NA,1
streptomyces achromogenes,67255,Streptomyces achromogenes,1,0,nirK_only,WP_307058448.1,NA,1
deinococcus enclensis,1049582,Deinococcus enclensis,1,0,nirK_only,WP_307469351.1,NA,1
cellulomonas humilata,144055,Cellulomonas humilata,1,0,nirK_only,WP_307491673.1,NA,1
phycicoccus sonneratiae,2807628,Phycicoccus sonneratiae,1,0,nirK_only,WP_307835984.1,NA,1
neisseria oralis,1107316;1107316;192066;482;1107316;192066;482;641149,Neisseria oralis,1,1,both,WP_308024420.1,WP_009173706.1,1
gordonia alkaliphila,1053547,Gordonia alkaliphila,1,0,nirK_only,WP_308221332.1,NA,1
nonomuraea harbinensis,1286938,Nonomuraea harbinensis,1,0,nirK_only,WP_308248994.1,NA,1
phycicoccus mangrovi,2840470,Phycicoccus mangrovi,1,0,nirK_only,WP_308279843.1,NA,1
marivirga salinarum,3059078,Marivirga salinarum,1,0,nirK_only,WP_308350637.1,NA,1
rathayibacter soli,3144168,Rathayibacter soli,1,0,nirK_only,WP_308467164.1,NA,1
[mycobacterium] kokjensenii,3064287,[Mycobacterium] kokjensenii,1,0,nirK_only,WP_308476264.1,NA,1
[mycobacterium] holstebronense,3064288,[Mycobacterium] holstebronense,1,0,nirK_only,WP_308486202.1,NA,1
microbacterium terrisoli,3242192,Microbacterium terrisoli,1,0,nirK_only,WP_308493307.1,NA,1
ornithinimicrobium tianjinense,1195761,Ornithinimicrobium tianjinense,1,0,nirK_only,WP_308642589.1,NA,1
mesonia profundi,3070998,Mesonia profundi,1,0,nirK_only,WP_308863120.1,NA,1
mariniflexile litorale,3045158,Mariniflexile litorale,1,0,nirK_only,WP_308993158.1,NA,1
lysobacter arvi,3038776,Lysobacter arvi,1,0,nirK_only,WP_309262556.1,NA,1
agrilutibacter niabensis,380628,Agrilutibacter niabensis,1,1,both,WP_310053183.1,WP_310053380.1,1
rhizobium rosettiformans,1368430;1368430;3132822;379;1368430;538378,Rhizobium rosettiformans,1,1,both,WP_310244183.1,WP_136540535.1,1
nocardioides terrisoli,3388267,Nocardioides terrisoli,1,0,nirK_only,WP_310961025.1,NA,1
aequorivita marina,3073654,Aequorivita marina,1,0,nirK_only,WP_310994021.1,NA,1
mesonia ostreae,861110,Mesonia ostreae,1,0,nirK_only,WP_311402552.1,NA,1
streptomyces edwardsiae,3075527,Streptomyces edwardsiae,1,0,nirK_only,WP_311641516.1,NA,1
autumnicola patrickiae,3075591,Autumnicola patrickiae,1,0,nirK_only,WP_311681859.1,NA,1
hwangdonia seohaensis,1240727,Hwangdonia seohaensis,1,0,nirK_only,WP_311937048.1,NA,1
cellulosimicrobium composti,2672572,Cellulosimicrobium composti,1,0,nirK_only,WP_312028561.1,NA,1
aequorivita sediminis,3073653,Aequorivita sediminis,1,0,nirK_only,WP_313115196.1,NA,1
shinella zoogloeoides,1410620;1870904;1967501;2527671;323620;352475;1870904;2862958;3113208;3118468;323620;352475;879274;352475,Shinella zoogloeoides,1,1,both,WP_313192124.1,WP_160785539.1,1
affinirhizobium rhizoryzae,1736473;451876;82115;451876,Rhizobiaceae;Affinirhizobium rhizoryzae;Rhizobium sp. Root149,1,1,both,WP_313292843.1,WP_062555928.1,1
candidatus nitronereus,3020898,Candidatus Nitronereus thalassa,1,0,nirK_only,WP_313832138.1,NA,1
pricia mediterranea,3076079,Pricia mediterranea,1,0,nirK_only,WP_314012390.1,NA,1
thermanaerothrix solaris,1077886;2972675;3058434,Thermanaerothrix;Thermanaerothrix sp.;Thermanaerothrix solaris,1,0,nirK_only,WP_315625084.1,NA,1
unclassified bradyrhizobium,1176418;2631580;3101749;1304878;1304879;1736363;2631580;2876564;376;1325112;2631580;3058853;3273383;1390143;1390147;2171498;2171500;2631580;1571193;1571195;2631580;1571199;2631580;3141247;3684033;3684034;1571199;2631580;3141247;3684034;1736363;1768753;2631580;2876564;1855322;2631580;2663836;1855322;2631580;2663836;2663840;244562;2631580;3344828;2578113;2578114;2631580;2631580;2663838;2663841;2631580;2699172;3691818;2631580;2782609;2782620;2782625;2782626;2782629;2782642;2782644;2782646;2782661;2782683;2782689;2631580;2782611;2782671;2631580;2782612;2782673;2782678;2782680;2631580;2782614;2782628;2782637;2782650;2782651;2782685;2631580;2782621;2782649;2631580;2782623;2782634;2782648;2631580;2782657;2782667;2631580;2782677;2782681;2782682;2631580;2793805;2793806;2631580;2793811;2793812;2631580;2793814;2793816;2631580;2807651;2807664;2807665;2807667;2631580;2807652;2807654;2807655;2807658;2631580;2807653;2807656;2807657;2807659;2807660;2631580;2807661;2807669;2807670;2631580;2817701;2817702;2817703;3469642;3469643;3469667;3469670;3469677;3469684;3470534;2631580;2866191;2866192;2866193;2866197;2631580;2866195;2866196;2866198;2631580;2866199;2866200;2631580;2926010;3697514;2631580;2940622;376;2631580;2949628;2949631;2631580;2996007;2996008;2631580;3056950;3697510;2631580;3057270;3057273;3057276;3057278;3057282;3057284;3057287;3057289;3057290;3057291;3057319;3057320;3057336;3057340;3057341;3057342;3057345;3057348;3057349;3057358;3057360;3057369;3057371;3057459;3420752;3420753;2631580;3057271;3057304;2631580;3057272;3057274;3057296;3057298;3057305;3057323;3057375;3057380;3057388;3057390;3057394;3057396;3057397;3057398;3057402;3057407;3057408;3057409;3057411;3057413;3057415;3057418;3057422;3057423;3057424;3057426;3057427;3057433;3057435;3057438;3057441;3057442;3057445;3057451;3057453;3057455;3057461;3057468;3057470;3057471;3057475;3057477;2631580;3057272;3057302;3057311;3057312;3057313;3057314;3057339;3057343;3057344;3057347;3057352;3057359;3057366;3057367;3057372;3057373;3057374;3057377;3057378;3057379;3057383;3057385;3057394;3057402;3057417;3057418;3057463;3057464;3057475;3057476;2631580;3057274;3057283;3057296;3057298;3057303;3057305;3057309;3057315;3057316;3057323;3057331;3057332;3057353;3057361;3057362;3057363;3057365;3057375;3057380;3057388;3057389;3057390;3057391;3057392;3057393;3057396;3057397;3057398;3057399;3057400;3057401;3057403;3057404;3057405;3057406;3057407;3057408;3057409;3057410;3057411;3057412;3057413;3057414;3057415;3057416;3057419;3057420;3057421;3057422;3057423;3057424;3057425;3057426;3057427;3057428;3057429;3057430;3057431;3057432;3057433;3057434;3057435;3057436;3057437;3057438;3057439;3057440;3057441;3057442;3057443;3057444;3057445;3057446;3057447;3057448;3057449;3057450;3057451;3057452;3057453;3057454;3057455;3057456;3057457;3057458;3057460;3057461;3057462;3057465;3057466;3057467;3057468;3057469;3057470;3057471;3057472;3057473;3057474;3057477;2631580;3057275;3057301;3057333;3057335;3057350;3057384;3057395;2631580;3057275;3057303;3057333;3057335;3057343;3057350;3057361;3057363;3057365;3057377;3057384;3057386;3057395;3057419;3057462;3057469;2631580;3057277;3057310;2631580;3057281;3057286;3057288;3057292;3057318;3057322;3057330;3057354;3057355;3057356;3057368;3057382;2631580;3057283;3057353;3057389;3057391;3057392;3057393;3057399;3057400;3057401;3057403;3057404;3057405;3057406;3057410;3057412;3057414;3057416;3057417;3057420;3057421;3057425;3057428;3057429;3057430;3057431;3057432;3057434;3057436;3057439;3057440;3057443;3057444;3057446;3057447;3057448;3057449;3057450;3057452;3057454;3057456;3057457;3057458;3057460;3057463;3057464;3057465;3057466;3057467;3057472;3057473;3057474;3057476;2631580;3057299;3057300;2631580;3057301;3057311;3057313;3057314;3057315;3057316;3057331;3057332;3057339;3057344;3057347;3057352;3057359;3057362;3057366;3057367;3057372;3057373;3057374;3057378;3057379;3057383;3057385;2631580;3057306;3057307;3057308;3057317;2631580;3057309;3057381;2631580;3057328;3057329;3057351;3057364;3057370;2631580;3057334;3057376;2631580;3057381;3057386;2631580;3058854;3273384;2631580;3117015;3117016;3117019;3117024;3117027;2631580;3117015;3117019;3117024;2631580;3117017;3117018;2631580;3117023;3117025;2631580;3156334;3156350;3156351;3156352;3156353;3156354;3156355;3156357;3156380;3156381;3691834;2631580;3156359;3156360;3156361;3156364;2631580;3156366;3156367;3156368;3156371;3156372;3156373;3156374;2631580;3395913;3395914;2631580;3420739;3420740;3420741;2631580;3420761;3420762;3420763;2631580;3420762;3420763;2631580;3420764;3420765;2631580;3469639;3469685;3470492;3470493;3470536;2631580;3469662;3469664;2631580;3469680;3470537;2631580;3470472;3470476;3470532;2631580;3470485;3470520;3470529;2631580;3470961;3470962;2631580;3694269;3694918;858422,unclassified Bradyrhizobium;Bradyrhizobium sp. USDA 4461;Bradyrhizobium sp. USDA 4473,1,1,both,WP_315702996.1,WP_092254800.1,1
ralstonia condita,3058600,Ralstonia condita,1,1,both,WP_316657479.1,WP_316657954.1,1
ralstonia psammae,3058598,Ralstonia psammae,1,1,both,WP_316665253.1,WP_428984157.1,1
uncultured propionibacterium,218066,uncultured Propionibacterium sp.,1,0,nirK_only,WP_316670026.1,NA,1
streptomyces herbicida,3065675,Streptomyces herbicida,1,0,nirK_only,WP_316761947.1,NA,1
ralstonia edaphi,2997421;3058599;48736;3058599,Ralstonia edaphi,1,1,both,WP_316877141.1,WP_316889239.1,1
chryseobacterium oryzae,2929799,Chryseobacterium oryzae,1,0,nirK_only,WP_317233000.1,NA,1
exercitatus varius,67857,Exercitatus varius,1,0,nirK_only,WP_317476118.1,NA,1
cerina litoralis,2874477,Cerina litoralis,1,0,nirK_only,WP_317901837.1,NA,1
oerskovia rustica,2762237,Oerskovia rustica,1,0,nirK_only,WP_318244054.1,NA,1
oerskovia merdavium,2762227,Oerskovia merdavium,1,0,nirK_only,WP_318244511.1,NA,1
flagellimonas baculiformis,3067310,Flagellimonas baculiformis,1,0,nirK_only,WP_318345972.1,NA,1
formosa sejongensis,3081755,Formosa sejongensis,1,0,nirK_only,WP_318501704.1,NA,1
marixanthotalea marina,2844359,Marixanthotalea marina,1,0,nirK_only,WP_318544243.1,NA,1
flavobacterium ardleyense,2038737,Flavobacterium ardleyense,1,0,nirK_only,WP_318643228.1,NA,1
gulosibacter chungangensis,979746,Gulosibacter chungangensis,1,0,nirK_only,WP_318655804.1,NA,1
thermaerobacter composti,554949,Thermaerobacter composti,1,0,nirK_only,WP_318750123.1,NA,1
brachybacterium tyrofermentans,3457736;43668;47848;47848,Brachybacterium tyrofermentans,1,1,both,WP_443358523.1,WP_441448439.1,1
streptomyces europaeiscabiei,146819,Streptomyces europaeiscabiei,1,0,nirK_only,WP_319122612.1,NA,1
nocardioides malaquae,2773426,Nocardioides malaquae,1,0,nirK_only,WP_319804607.1,NA,1
lentzea kristufekii,3095430,Lentzea kristufekii,1,0,nirK_only,WP_319983951.1,NA,1
halopseudomonas formosensis,1002526,Halopseudomonas formosensis,1,0,nirK_only,WP_320331633.1,NA,1
oerskovia douganii,2762210,Oerskovia douganii,1,0,nirK_only,WP_321575346.1,NA,1
unclassified undibacterium,2630295;3048579;3048590;3048637;3048638;2630295;3048591;3048602;3048604;3048609;2630295;3048591;3048609;2630295;3048602;3048604;3048609;2630295;3143933;3143934,unclassified Undibacterium;Undibacterium sp. GrIS 1.2;Undibacterium sp. GrIS 1.8,1,1,both,WP_416200180.1,WP_322117974.1,1
flavobacterium psychraquaticum,3103958,Flavobacterium psychraquaticum,1,0,nirK_only,WP_322550055.1,NA,1
sphingosinicella wutangchuni,3095343,Sphingosinicella wutangchuni,1,0,nirK_only,WP_322832332.1,NA,1
mycobacterium europaeum,761804,Mycobacterium europaeum,1,0,nirK_only,WP_322858953.1,NA,1
chryseobacterium lineare,1859201;1859201;3109433;3138177;59732,Chryseobacterium lineare,1,0,nirK_only,WP_322924679.1,NA,1
aurantibrevibacter litoralis,3106030,Aurantibrevibacter litoralis,1,0,nirK_only,WP_322929176.1,NA,1
algoriphagus persicinus,3108754,Algoriphagus persicinus,1,0,nirK_only,WP_323824733.1,NA,1
phycicoccus elongatus,101689,Phycicoccus elongatus,1,0,nirK_only,WP_324452280.1,NA,1
geochorda subterranea,3109564,Geochorda subterranea,1,0,nirK_only,WP_324670115.1,NA,1
salinimicrobium aquimaris,3077781,Salinimicrobium aquimaris,1,0,nirK_only,WP_324720781.1,NA,1
pseudomonas paeninsulae,3110772,Pseudomonas paeninsulae,1,1,both,WP_324733761.1,WP_324731941.1,1
azospirillum largimobile,191;34012;52761;52761,Azospirillum largimobile,1,1,both,WP_324870368.1,WP_452007563.1,1
castellaniella daejeonensis,1955812;359336;659013,Castellaniella;Castellaniella daejeonensis;Castellaniella sp.,1,0,nirK_only,WP_325126854.1,NA,1
alterotamlana spongicola,3112582,Alterotamlana spongicola,1,0,nirK_only,WP_326281159.1,NA,1
brachybacterium nesterenkovii,47847,Brachybacterium nesterenkovii,1,0,nirK_only,WP_327230625.1,NA,1
uliginosibacterium silvisoli,3114758,Uliginosibacterium silvisoli,1,1,both,WP_327600238.1,WP_327599819.1,1
dyella aluminiiresistens,3069105,Dyella aluminiiresistens,1,0,nirK_only,WP_329743427.1,NA,1
aquipseudomonas alcaligenes,1215092;43263;43263,Aquipseudomonas alcaligenes,1,1,both,WP_330100599.1,WP_187803857.1,1
rhodococcus chondri,3065941,Rhodococcus chondri,1,0,nirK_only,WP_408015941.1,NA,1
novilysobacter viscosus,3098602,Novilysobacter viscosus,1,1,both,WP_330968594.1,WP_330968699.1,1
novilysobacter longmucuonensis,3098603,Novilysobacter longmucuonensis,1,0,nirK_only,WP_332708058.1,NA,1
aurantimonas endophytica,1522175,Aurantimonas endophytica,1,1,both,WP_335630647.1,WP_183210463.1,1
arthrobacter dokdonensis,2211210,Arthrobacter dokdonensis,1,0,nirK_only,WP_335645025.1,NA,1
epilithonimonas pallida,1945581;2782232;2894511;373671,Epilithonimonas pallida;Chryseobacterium mucoviscidosis;Chryseobacterium group;Epilithonimonas sp.,1,0,nirK_only,WP_336717002.1,NA,1
fulvimonas yonginensis,1495200,Fulvimonas yonginensis,1,0,nirK_only,WP_336808553.1,NA,1
microbacterium bandirmense,3122050,Microbacterium bandirmense,1,0,nirK_only,WP_337331875.1,NA,1
streptomyces althioticus,3075534;83380;83380,Streptomyces althioticus,1,0,nirK_only,WP_337674694.1,NA,1
brachybacterium alimentarium,2024478;43668;47845;47845,Brachybacterium alimentarium,1,1,both,WP_338022860.1,WP_096164738.1,1
thiemannella venezuelensis,1999,Thiemannella venezuelensis,1,0,nirK_only,WP_338048065.1,NA,1
chryseobacterium arthrosphaerae,651561,Chryseobacterium arthrosphaerae,1,0,nirK_only,WP_338129738.1,NA,1
keguizhuia sedimenti,3064264,Keguizhuia sedimenti,1,1,both,WP_338437139.1,WP_338434861.1,1
janthinobacterium aestuarii,2985511,Janthinobacterium aestuarii,1,0,nirK_only,WP_338679761.1,NA,1
janibacter alittae,3115209,Janibacter alittae,1,0,nirK_only,WP_338748971.1,NA,1
bradyrhizobium symbiodeficiens,1404367,Bradyrhizobium symbiodeficiens,1,1,both,WP_339029101.1,WP_094977687.1,1
bifidobacterium apis,3081440,Bifidobacterium apis,1,0,nirK_only,WP_339346106.1,NA,1
bifidobacterium indicum,1691,Bifidobacterium indicum,1,0,nirK_only,WP_339349991.1,NA,1
uncultured roseivirga,543088,uncultured Roseivirga sp.,1,0,nirK_only,WP_339698997.1,NA,1
uncultured winogradskyella,395353,uncultured Winogradskyella sp.,1,0,nirK_only,WP_339755767.1,NA,1
uncultured arenimonas,546226,uncultured Arenimonas sp.,1,0,nirK_only,WP_339827279.1,NA,1
uncultured maribacter,431308,uncultured Maribacter sp.,1,0,nirK_only,WP_339840945.1,NA,1
uncultured algibacter,298659,uncultured Algibacter sp.,1,0,nirK_only,WP_339895902.1,NA,1
uncultured cyclobacterium,453820,uncultured Cyclobacterium sp.,1,0,nirK_only,WP_339926029.1,NA,1
amycolatopsis coloradensis,76021,Amycolatopsis coloradensis,1,0,nirK_only,WP_340681434.1,NA,1
unclassified methylocystis,2625913;3136560;3136563;3136722,unclassified Methylocystis;Methylocystis sp. IM4;Methylocystis sp. IM2;Methylocystis sp. IM3,1,0,nirK_only,WP_341106081.1,NA,1
uncultured wocania,2834404,uncultured Wocania sp.,1,0,nirK_only,WP_341215404.1,NA,1
uncultured dietzia,395519,uncultured Dietzia sp.,1,1,both,WP_341255120.1,WP_295652548.1,1
uncultured pseudoalteromonas,114053;114053;1190813;1710353;1716175;1723759;2743618;3138933;53246;53249;114053;1703256;114053;1841508;2752475;2759705;53246;570156;114053;2518973;2760933;2760950;2760979;53246;114053;2563601;2755065;2908883;2908892;3139396;3447014;3475976;53246;53249;570156;579556;114053;2783613;2967126;53246;579508;579509;579526,Pseudoalteromonas;uncultured Pseudoalteromonas sp.;Pseudoalteromonas rhizosphaerae;Pseudoalteromonas sp. SR44-8;Pseudoalteromonas sp. SR41-4;Pseudoalteromonas sp. SG41-1,1,1,both,WP_341255699.1,WP_182732596.1,1
aegicerorhabdus qinzhovensis,3131927,Aegicerorhabdus qinzhovensis,1,1,both,WP_341503558.1,WP_341502039.1,1
flavobacterium helocola,3139139,Flavobacterium helocola,1,0,nirK_only,WP_341683231.1,NA,1
flavobacterium flavipallidum,3139140,Flavobacterium flavipallidum,1,0,nirK_only,WP_341699120.1,NA,1
chitinophaga pollutisoli,3133966,Chitinophaga pollutisoli,1,0,nirK_only,WP_341836186.1,NA,1
unclassified luteococcus,2639923;3139401;3139404;2639923;3139402;3139403,unclassified Luteococcus;Luteococcus sp. H101;Luteococcus sp. H154,1,0,nirK_only,WP_342091371.1,NA,1
uncultured nitrospira,157176,uncultured Nitrospira sp.,1,0,nirK_only,WP_342350099.1,NA,1
pseudoalteromonas qingdaonensis,3131913,Pseudoalteromonas qingdaonensis,1,0,nirK_only,WP_342676933.1,NA,1
flavobacterium polysaccharolyticum,3133148,Flavobacterium polysaccharolyticum,1,0,nirK_only,WP_342692033.1,NA,1
brachybacterium timonense,2050896,Brachybacterium timonense,1,0,nirK_only,WP_342751934.1,NA,1
arthrobacter wenxiniae,2713570,Arthrobacter wenxiniae,1,0,nirK_only,WP_343038143.1,NA,1
nocardiopsis mwathae,1472723,Nocardiopsis mwathae,1,0,nirK_only,WP_343070673.1,NA,1
hyphobacterium vulgare,1736751,Hyphobacterium vulgare,1,1,both,WP_343165614.1,WP_343164824.1,1
haloferula rosea,490093,Haloferula rosea,1,0,nirK_only,WP_343217946.1,NA,1
pelagicoccus enzymogenes,2773457,Pelagicoccus enzymogenes,1,0,nirK_only,WP_343222481.1,NA,1
luteimonas changyuni,3129234;3129234;3129236;83614,Luteimonas changyuni,1,0,nirK_only,WP_343253630.1,NA,1
luteimonas yanweni,3129237,Luteimonas yanweni,1,0,nirK_only,WP_343274880.1,NA,1
polaribacter staleyi,2022337,Polaribacter staleyi,1,0,nirK_only,WP_343329868.1,NA,1
candidatus flexifilum,3140694,Candidatus Flexifilum breve,1,1,both,WP_343421182.1,WP_343423019.1,1
flavobacterium mesophilum,3143495,Flavobacterium mesophilum,1,0,nirK_only,WP_343533784.1,NA,1
flavobacterium movens,214860,Flavobacterium movens,1,0,nirK_only,WP_343542102.1,NA,1
carbonatibacter coralli,3141326,Carbonatibacter coralli,1,1,both,WP_343565409.1,WP_343560018.1,1
castellaniella ginsengisoli,1955812;359336;546114;546114,Castellaniella ginsengisoli,1,0,nirK_only,WP_368640540.1,NA,1
rhodanobacter soli,590609,Rhodanobacter soli,1,0,nirK_only,WP_447736766.1,NA,1
algoriphagus jejuensis,419934,Algoriphagus jejuensis,1,0,nirK_only,WP_343852711.1,NA,1
luteococcus peritonei,88874,Luteococcus peritonei,1,0,nirK_only,WP_343875911.1,NA,1
rhodanobacter caeni,657654,Rhodanobacter caeni,1,1,both,WP_343883043.1,WP_343883202.1,1
luteococcus sanguinis,174038,Luteococcus sanguinis,1,0,nirK_only,WP_343885517.1,NA,1
rhodoglobus aureus,191497,Rhodoglobus aureus,1,0,nirK_only,WP_343925724.1,NA,1
saccharothrix mutabilis,33921;66855,Saccharothrix mutabilis;Saccharothrix mutabilis subsp. mutabilis,1,0,nirK_only,WP_343937173.1,NA,1
streptomyces thermoalcalitolerans,65605,Streptomyces thermoalcalitolerans,1,0,nirK_only,WP_344051155.1,NA,1
nostocoides veronense,330836,Nostocoides veronense,1,0,nirK_only,WP_344085408.1,NA,1
nonomuraea bangladeshensis,3242897;404385;83681;404385,Nonomuraea bangladeshensis,1,1,both,WP_344209836.1,WP_344205558.1,1
kocuria atrinae,592377,Kocuria atrinae,1,0,nirK_only,WP_344223649.1,NA,1
actinocorallia libanotica,46162,Actinocorallia libanotica,1,0,nirK_only,WP_344236209.1,NA,1
sinomonas flava,496857,Sinomonas flava,1,0,nirK_only,WP_344299763.1,NA,1
streptomyces thermolineatus,44033,Streptomyces thermolineatus,1,0,nirK_only,WP_344384049.1,NA,1
streptomyces vastus,285451,Streptomyces vastus,1,0,nirK_only,WP_344393788.1,NA,1
streptomyces atrovirens,285556,Streptomyces atrovirens,1,0,nirK_only,WP_344560247.1,NA,1
dactylosporangium salmoneum,53361,Dactylosporangium salmoneum,1,0,nirK_only,WP_344615155.1,NA,1
sphingobacterium kyonggiense,714075,Sphingobacterium kyonggiense,1,0,nirK_only,WP_344673199.1,NA,1
tessaracoccus defluvii,1285901,Tessaracoccus defluvii,1,0,nirK_only,WP_344676429.1,NA,1
blastococcus jejuensis,351224,Blastococcus jejuensis,1,0,nirK_only,WP_344689235.1,NA,1
sphingomonas limnosediminicola,940133,Sphingomonas limnosediminicola,1,0,nirK_only,WP_344700385.1,NA,1
leifsonella bigeumensis,433643,Leifsonella bigeumensis,1,0,nirK_only,WP_344754544.1,NA,1
luteimonas lutimaris,698645,Luteimonas lutimaris,1,0,nirK_only,WP_344760613.1,NA,1
gordonia caeni,1007097,Gordonia caeni,1,0,nirK_only,WP_344780053.1,NA,1
microbacterium kribbense,433645,Microbacterium kribbense,1,0,nirK_only,WP_344783244.1,NA,1
allohahella marinimesophila,1054972,Allohahella marinimesophila,1,1,both,WP_344805012.1,WP_344809716.1,1
microbacterium soli,446075,Microbacterium soli,1,0,nirK_only,WP_344818136.1,NA,1
oceanisphaera sediminis,981381,Oceanisphaera sediminis,1,1,both,WP_344963483.1,WP_344964349.1,1
streptosporangium fragile,46186,Streptosporangium fragile,1,0,nirK_only,WP_344972620.1,NA,1
snuella lapsa,870481,Snuella lapsa,1,0,nirK_only,WP_345006655.1,NA,1
actinomadura keratinilytica,547461,Actinomadura keratinilytica,1,0,nirK_only,WP_345022176.1,NA,1
flavobacterium ginsengiterrae,871695,Flavobacterium ginsengiterrae,1,0,nirK_only,WP_345144955.1,NA,1
pontibacter saemangeumensis,1084525,Pontibacter saemangeumensis,1,0,nirK_only,WP_345163598.1,NA,1
nocardioides caricicola,634770,Nocardioides caricicola,1,0,nirK_only,WP_345173191.1,NA,1
microbacterium panaciterrae,985759,Microbacterium panaciterrae,1,0,nirK_only,WP_345184408.1,NA,1
fodinibacter luteus,552064,Fodinibacter luteus,1,0,nirK_only,WP_345204551.1,NA,1
candidatus villigracilis,3140679;3140682;3140683;3140684;3380675,Candidatus Villigracilis proximus,1,1,both,WP_345307291.1,WP_345103695.1,1
demequina sediminis,1930058,Demequina sediminis,1,0,nirK_only,WP_345377991.1,NA,1
haloechinothrix salitolerans,926830,Haloechinothrix salitolerans,1,0,nirK_only,WP_345396053.1,NA,1
paeniglutamicibacter antarcticus,494023,Paeniglutamicibacter antarcticus,1,0,nirK_only,WP_345466888.1,NA,1
glutamicibacter ectropisis,3046593,Glutamicibacter ectropisis,1,0,nirK_only,WP_345469780.1,NA,1
tessaracoccus lubricantis,545543,Tessaracoccus lubricantis,1,0,nirK_only,WP_345577748.1,NA,1
streptosporangium nondiastaticum,35764,Streptosporangium nondiastaticum,1,0,nirK_only,WP_346021501.1,NA,1
arthrobacter parietis,271434,Arthrobacter parietis,1,0,nirK_only,WP_346027871.1,NA,1
streptomyces thermogriseus,75292,Streptomyces thermogriseus,1,0,nirK_only,WP_346074273.1,NA,1
streptomyces osmaniensis,593134,Streptomyces osmaniensis,1,0,nirK_only,WP_346181979.1,NA,1
microbispora maris,3144104,Microbispora maris,1,1,both,WP_346223959.1,WP_346229311.1,1
parafrigoribacterium mesophilum,433646,Parafrigoribacterium mesophilum,1,0,nirK_only,WP_346232459.1,NA,1
oceanimonas smirnovii,1279015;264574;129577;264574;2977120;264574;264574;2977120,Oceanimonas smirnovii,1,1,both,WP_346351851.1,WP_019935111.1,1
splendidivirga corallicola,3051826,Splendidivirga corallicola,1,0,nirK_only,WP_346749775.1,NA,1
chromobacterium indicum,3110228,Chromobacterium indicum,1,0,nirK_only,WP_346787322.1,NA,1
halomonas kashgarensis,3084920,Halomonas kashgarensis,1,1,both,WP_346796918.1,WP_346796887.1,1
pontibacter chitinilyticus,2674989,Pontibacter chitinilyticus,1,0,nirK_only,WP_347160016.1,NA,1
polaribacter uvawellassae,3133495,Polaribacter uvawellassae,1,0,nirK_only,WP_347175007.1,NA,1
brachybacterium equifaecis,2910770,Brachybacterium equifaecis,1,0,nirK_only,WP_347271974.1,NA,1
yanghanlia caeni,3064283;3064283;3114286;506,Yanghanlia caeni,1,1,both,WP_347286809.1,WP_347286794.1,1
pontimicrobium maritimum,3153519,Pontimicrobium maritimum,1,0,nirK_only,WP_347921832.1,NA,1
devosia alba,3152360,Devosia alba,1,1,both,WP_347944973.1,WP_347946391.1,1
gordonia aichiensis,36820,Gordonia aichiensis,1,0,nirK_only,WP_347955808.1,NA,1
candidatus methylocalor,3108543,Candidatus Methylocalor cossyra,1,0,nirK_only,WP_348758597.1,NA,1
uncultured salinisphaera,359372,uncultured Salinisphaera sp.,1,0,nirK_only,WP_348767270.1,NA,1
flavobacterium adhaerens,3149043,Flavobacterium adhaerens,1,0,nirK_only,WP_348798460.1,NA,1
flavobacterium aestuarii,3149227,Flavobacterium aestuarii,1,0,nirK_only,WP_348823410.1,NA,1
mesorhizobium hunchu,3157708,Mesorhizobium hunchu,1,1,both,WP_349001970.1,WP_348998387.1,1
polaromonas hydrogenivorans,335476,Polaromonas hydrogenivorans,1,1,both,WP_349277360.1,WP_349276980.1,1
brachybacterium sillae,2810536,Brachybacterium sillae,1,0,nirK_only,WP_349773588.1,NA,1
parafrigoribacterium soli,3144663,Parafrigoribacterium soli,1,0,nirK_only,WP_349899609.1,NA,1
parafrigoribacterium humi,3144664,Parafrigoribacterium humi,1,0,nirK_only,WP_349903379.1,NA,1
brevibacterium koreense,3140787,Brevibacterium koreense,1,0,nirK_only,WP_350269317.1,NA,1
unclassified castellaniella,1955812;2617606;3140376;3140377;3140378;3140379;2617606;3459589;3459592,unclassified Castellaniella;Castellaniella sp. UC4442_H9;Castellaniella sp. UC4447_H14,1,0,nirK_only,WP_350380472.1,NA,1
amycolatopsis japonica,208439,Amycolatopsis japonica,1,0,nirK_only,WP_350585007.1,NA,1
flavobacterium covae,2906076,Flavobacterium covae,1,0,nirK_only,WP_354017736.1,NA,1
aquamicrobium ahrensii,469551,Aquamicrobium ahrensii,1,1,both,WP_354152820.1,WP_378226890.1,1
aquamicrobium terrae,1324945;1324945;3454629;69277,Aquamicrobium terrae,1,1,both,WP_354194968.1,WP_442842816.1,1
chitinophaga defluvii,3163343,Chitinophaga defluvii,1,0,nirK_only,WP_354660199.1,NA,1
streptosporangium sandarakinum,1260955,Streptosporangium sandarakinum,1,0,nirK_only,WP_355640639.1,NA,1
streptomyces bobili,67280,Streptomyces bobili,1,0,nirK_only,WP_355975264.1,NA,1
micromonospora chersina,47854,Micromonospora chersina,1,0,nirK_only,WP_357822616.1,NA,1
unclassified nonomuraea,1848319;1848324;2593643;2593643;3153559;3153575;2593643;3154509;3154633;2593643;3157049;3157055;2593643;3346705;3346706;2593643;3364351;3364354;2593643;3364367;3364368,unclassified Nonomuraea;Nonomuraea sp. NPDC050540;Nonomuraea sp. NPDC050547,1,1,both,WP_358009013.1,WP_138208568.1,1
microtetraspora glauca,1996,Microtetraspora glauca,1,0,nirK_only,WP_358133005.1,NA,1
unclassified nocardiopsis,2649073;3157188;3345651,unclassified Nocardiopsis;Nocardiopsis sp. NPDC006832;Nocardiopsis sp. NPDC055879,1,0,nirK_only,WP_358514061.1,NA,1
streptomyces collinus,42684,Streptomyces collinus,1,0,nirK_only,WP_358951561.1,NA,1
streptomyces chartreusis,1969,Streptomyces chartreusis,1,0,nirK_only,WP_359054197.1,NA,1
unclassified agromyces,2639701;3154362;3155172,unclassified Agromyces;Agromyces sp. NPDC049794;Agromyces sp. NPDC052230,1,1,both,WP_360512141.1,WP_360511005.1,1
amycolatopsis keratiniphila,129921,Amycolatopsis keratiniphila,1,0,nirK_only,WP_360959518.1,NA,1
streptomyces thermolilacinus,285540,Streptomyces thermolilacinus,1,0,nirK_only,WP_361974657.1,NA,1
flavobacterium ovatum,1928857,Flavobacterium ovatum,1,0,nirK_only,WP_366182660.1,NA,1
aquibaculum sediminis,3231907,Aquibaculum sediminis,1,0,nirK_only,WP_366556461.1,NA,1
streptomyces secundicynarae,3231715,Streptomyces secundicynarae,1,0,nirK_only,WP_367319975.1,NA,1
rhodanobacter geophilus,3162488,Rhodanobacter geophilus,1,0,nirK_only,WP_367845663.1,NA,1
rhodanobacter lycopersici,3162487,Rhodanobacter lycopersici,1,0,nirK_only,WP_367852439.1,NA,1
aquibium pacificum,3153579,Aquibium pacificum,1,1,both,WP_367954610.1,WP_367956645.1,1
kocuria oxytropis,3058913,Kocuria oxytropis,1,0,nirK_only,WP_368800440.1,NA,1
kocuria cellulosilytica,3071451,Kocuria cellulosilytica,1,0,nirK_only,WP_368825872.1,NA,1
sinomonas puerhi,3238584,Sinomonas puerhi,1,0,nirK_only,WP_369047032.1,NA,1
pararhodobacter marinus,2184063,Pararhodobacter marinus,1,1,both,WP_370209047.1,WP_109532709.1,1
flavobacterium oncorhynchi,237;394559;728056;728056,Flavobacterium oncorhynchi,1,0,nirK_only,WP_370432028.1,NA,1
confluentibacter sediminis,2219045;239;49546,Flavobacterium sp.;Flavobacteriaceae;Confluentibacter sediminis,1,0,nirK_only,WP_370445581.1,NA,1
haemophilus parahaemolyticus,1095744;735;735,Haemophilus parahaemolyticus,1,0,nirK_only,WP_448906316.1,NA,1
unclassified mycolicibacterium,2636767;2973093;2973594;2636767;3113308;3113309;3113310;2636767;3113311;3113312,unclassified Mycolicibacterium;Mycolicibacterium sp. XJ647;Mycolicibacterium sp. XJ652;Mycolicibacterium sp. XJ662,1,0,nirK_only,WP_370499654.1,NA,1
unclassified kaistella,2762626;2983602;2986943;2986944,unclassified Kaistella;Kaistella sp. SH11-4b;Kaistella sp. SH40-3;Kaistella sp. SH19-2b,1,0,nirK_only,WP_370692042.1,NA,1
microbulbifer epialgicus,393907,Microbulbifer epialgicus,1,1,both,WP_371841507.1,WP_371838495.1,1
unclassified bizionia,1954480;2626393;2675331,Bizionia sp.;unclassified Bizionia;Bizionia sp. M204,1,0,nirK_only,WP_371922434.1,NA,1
actinomadura chokoriensis,454156,Actinomadura chokoriensis,1,0,nirK_only,WP_371942305.1,NA,1
actinomadura monticuli,3097367,Actinomadura monticuli,1,0,nirK_only,WP_371947625.1,NA,1
pseudoxanthomonas fibrivorans,3242729,Pseudoxanthomonas fibrivorans,1,0,nirK_only,WP_372018071.1,NA,1
unclassified soonwooa,1938592;2620494;3710693,Soonwooa sp.;unclassified Soonwooa;Soonwooa sp. T0.1_25,1,0,nirK_only,WP_374329821.1,NA,1
kaistella polysaccharea,2878534,Kaistella polysaccharea,1,0,nirK_only,WP_375373388.1,NA,1
moraxella marmotae,3344520,Moraxella marmotae,1,0,nirK_only,WP_375715589.1,NA,1
unclassified cellulosimicrobium,2624466;3345670;3684286;3684287,unclassified Cellulosimicrobium;Cellulosimicrobium sp. NPDC055967;Cellulosimicrobium sp. NPDC025679;Cellulosimicrobium sp. NPDC030954,1,0,nirK_only,WP_375822930.1,NA,1
kaistella carnis,1241979,Kaistella carnis,1,0,nirK_only,WP_376751226.1,NA,1
castellaniella hirudinis,1144617;1144617;1955812;359336,Castellaniella hirudinis,1,0,nirK_only,WP_376813725.1,NA,1
bizionia hallyeonensis,1123757,Bizionia hallyeonensis,1,0,nirK_only,WP_376860793.1,NA,1
bizionia sediminis,1737064,Bizionia sediminis,1,0,nirK_only,WP_376891266.1,NA,1
brachybacterium hainanense,1541174,Brachybacterium hainanense,1,0,nirK_only,WP_376982889.1,NA,1
cryobacterium melibiosiphilum,995039,Cryobacterium melibiosiphilum,1,0,nirK_only,WP_377009944.1,NA,1
microvirga arabica,1128671,Microvirga arabica,1,1,both,WP_377031719.1,WP_203270477.1,1
negadavirga shengliensis,1389218,Negadavirga shengliensis,1,0,nirK_only,WP_377062945.1,NA,1
planomonospora corallina,1806052,Planomonospora corallina,1,0,nirK_only,WP_377293930.1,NA,1
rhodanobacter umsongensis,633153,Rhodanobacter umsongensis,1,0,nirK_only,WP_377305119.1,NA,1
rhodanobacter ginsengisoli,418646,Rhodanobacter ginsengisoli,1,0,nirK_only,WP_377321088.1,NA,1
rhodanobacter terrae,418647,Rhodanobacter terrae,1,1,both,WP_377327296.1,WP_377323522.1,1
populibacterium corticicola,1812826,Populibacterium corticicola,1,0,nirK_only,WP_377467675.1,NA,1
ottowia pentelensis,511108,Ottowia pentelensis,1,1,both,WP_377482101.1,WP_377481861.1,1
paraburkholderia denitrificans,694025,Paraburkholderia denitrificans,1,0,nirK_only,WP_377708762.1,NA,1
alloscardovia venturai,1769421,Alloscardovia venturai,1,0,nirK_only,WP_377938847.1,NA,1
christiangramia antarctica,2058158,Christiangramia antarctica,1,0,nirK_only,WP_378213144.1,NA,1
aquamicrobium soli,1811518,Aquamicrobium soli,1,1,both,WP_378220544.1,WP_378219551.1,1
microbacterium suwonense,683047,Microbacterium suwonense,1,0,nirK_only,WP_378761606.1,NA,1
oceanisphaera ostreae,914151,Oceanisphaera ostreae,1,1,both,WP_379556947.1,WP_379558620.1,1
nonomuraea mangrovi,2316207;3413781;83681,Nonomuraea;Nonomuraea mangrovi;Nonomuraea sp. bgisy094,1,0,nirK_only,WP_379577118.1,NA,1
pseudonocardia hispaniensis,904933,Pseudonocardia hispaniensis,1,0,nirK_only,WP_379587219.1,NA,1
flavobacterium procerum,1455569,Flavobacterium procerum,1,0,nirK_only,WP_379689271.1,NA,1
flavobacterium branchiarum,1114870,Flavobacterium branchiarum,1,0,nirK_only,WP_379690355.1,NA,1
haloferula chungangensis,1048331,Haloferula chungangensis,1,0,nirK_only,WP_379714621.1,NA,1
flavobacterium branchiicola,1114875,Flavobacterium branchiicola,1,0,nirK_only,WP_379731522.1,NA,1
massilia aerilata,453817,Massilia aerilata,1,1,both,WP_379770834.1,WP_379772980.1,1
flavobacterium chungangensis,2708132,Flavobacterium chungangensis,1,0,nirK_only,WP_379797909.1,NA,1
flavobacterium zhoui,3230414,Flavobacterium zhoui,1,0,nirK_only,WP_379849727.1,NA,1
flavobacterium fructosi,3230416,Flavobacterium fructosi,1,0,nirK_only,WP_379857728.1,NA,1
mariniflexile ostreae,1520892,Mariniflexile ostreae,1,0,nirK_only,WP_379861343.1,NA,1
lacinutrix gracilariae,1747198,Lacinutrix gracilariae,1,0,nirK_only,WP_379902029.1,NA,1
dokdonella ginsengisoli,363846,Dokdonella ginsengisoli,1,0,nirK_only,WP_380021703.1,NA,1
deinococcus navajonensis,309884,Deinococcus navajonensis,1,0,nirK_only,WP_380039497.1,NA,1
devosia honganensis,1610527,Devosia honganensis,1,1,both,WP_380097118.1,WP_380097019.1,1
iodobacter arcticus,590593,Iodobacter arcticus,1,1,both,WP_380188372.1,WP_380188351.1,1
steroidobacter flavus,1842136,Steroidobacter flavus,1,1,both,WP_380596465.1,WP_380597830.1,1
salinimicrobium gaetbulicola,999702,Salinimicrobium gaetbulicola,1,0,nirK_only,WP_380738282.1,NA,1
salinimicrobium flavum,1737065,Salinimicrobium flavum,1,0,nirK_only,WP_380749858.1,NA,1
streptomyces flavalbus,2665155,Streptomyces flavalbus,1,0,nirK_only,WP_381604716.1,NA,1
streptomyces mirabilis,68239,Streptomyces mirabilis,1,0,nirK_only,WP_382188167.1,NA,1
gordonia phosphorivorans,1056982,Gordonia phosphorivorans,1,0,nirK_only,WP_382364526.1,NA,1
lentzea rhizosphaerae,2041025,Lentzea rhizosphaerae,1,0,nirK_only,WP_382368162.1,NA,1
formosa undariae,1325436,Formosa undariae,1,0,nirK_only,WP_382382233.1,NA,1
fontibacter flavus,654838,Fontibacter flavus,1,0,nirK_only,WP_382387644.1,NA,1
flexivirga alba,702742,Flexivirga alba,1,0,nirK_only,WP_382400846.1,NA,1
fodinicurvata halophila,1419723,Fodinicurvata halophila,1,0,nirK_only,WP_382423411.1,NA,1
winogradskyella pulchriflava,1110688,Winogradskyella pulchriflava,1,0,nirK_only,WP_386063812.1,NA,1
streptosporangium jomthongense,1193683,Streptosporangium jomthongense,1,0,nirK_only,WP_386187803.1,NA,1
streptomyces xiangluensis,2665720,Streptomyces xiangluensis,1,0,nirK_only,WP_386337754.1,NA,1
streptomyces yangpuensis,1463904;1648182;1883;1648182;1648182;1873416;1883,Streptomyces yangpuensis,1,1,both,WP_386454735.1,WP_030956899.1,1
luteimonas notoginsengisoli,1578200,Luteimonas notoginsengisoli,1,0,nirK_only,WP_386705810.1,NA,1
luteimonas soli,1648966,Luteimonas soli,1,0,nirK_only,WP_386744702.1,NA,1
lysobacter yangpyeongensis,346182,Lysobacter yangpyeongensis,1,1,both,WP_386752252.1,WP_386752052.1,1
lysobacter koreensis,266122,Lysobacter koreensis,1,0,nirK_only,WP_386810818.1,NA,1
devosia albogilva,429726,Devosia albogilva,1,0,nirK_only,WP_386832688.1,NA,1
oerskovia jenensis,162169,Oerskovia jenensis,1,0,nirK_only,WP_387485256.1,NA,1
kocuria nitroreducens,3058914,Kocuria nitroreducens,1,0,nirK_only,WP_387741781.1,NA,1
streptomyces prasinus,67345,Streptomyces prasinus,1,0,nirK_only,WP_388093883.1,NA,1
streptomyces phaeofaciens,68254,Streptomyces phaeofaciens,1,0,nirK_only,WP_388403069.1,NA,1
bifidobacterium apicola,3230739,Bifidobacterium apicola,1,0,nirK_only,WP_390134996.1,NA,1
streptomyces fungicidicus,68203,Streptomyces fungicidicus,1,0,nirK_only,WP_390366498.1,NA,1
streptomyces canus,58343,Streptomyces canus,1,0,nirK_only,WP_391184911.1,NA,1
streptomyces longwoodensis,68231,Streptomyces longwoodensis,1,0,nirK_only,WP_391878785.1,NA,1
streptomyces pilosus,28893,Streptomyces pilosus,1,0,nirK_only,WP_392031949.1,NA,1
arsenicicoccus cauae,2663847,Arsenicicoccus cauae,1,0,nirK_only,WP_392466746.1,NA,1
unclassified spirillospora,2642701;3364525;3364529,unclassified Spirillospora;Spirillospora sp. NPDC048823;Spirillospora sp. NPDC077959,1,0,nirK_only,WP_392906478.1,NA,1
streptomyces tendae,1932,Streptomyces tendae,1,0,nirK_only,WP_393219828.1,NA,1
sphaerimonospora cavernae,1740611,Sphaerimonospora cavernae,1,0,nirK_only,WP_394303434.1,NA,1
salinimicrobium xinjiangense,1123235;438596,Salinimicrobium xinjiangense;Salinimicrobium xinjiangense DSM 19287,1,0,nirK_only,WP_394330241.1,NA,1
flavobacterium daejeonense,1121887;350893,Flavobacterium daejeonense;Flavobacterium daejeonense DSM 17708,1,0,nirK_only,WP_394330975.1,NA,1
bizionia paragorgiae,283786,Bizionia paragorgiae,1,0,nirK_only,WP_394332352.1,NA,1
arenibacter palladensis,237373,Arenibacter palladensis,1,0,nirK_only,WP_394333314.1,NA,1
maribacter hydrothermalis,1836467,Maribacter hydrothermalis,1,0,nirK_only,WP_394333951.1,NA,1
arenibacter hampyeongensis,1028743;178469;2183746,Arenibacter;Arenibacter hampyeongensis;Arenibacter sp. N53,1,0,nirK_only,WP_394335738.1,NA,1
flavobacterium laiguense,2169409,Flavobacterium laiguense,1,0,nirK_only,WP_394335997.1,NA,1
flavobacterium fluviale,2249356,Flavobacterium fluviale,1,0,nirK_only,WP_394336095.1,NA,1
flavobacterium cutihirudinis,1265740,Flavobacterium cutihirudinis,1,0,nirK_only,WP_394336441.1,NA,1
flavobacterium ustbae,2488790,Flavobacterium ustbae,1,0,nirK_only,WP_394343506.1,NA,1
subsaximicrobium wynnwilliamsii,291179,Subsaximicrobium wynnwilliamsii,1,0,nirK_only,WP_394343955.1,NA,1
flavobacterium weaverense,271156,Flavobacterium weaverense,1,0,nirK_only,WP_394345433.1,NA,1
haloflavibacter putidus,2576776,Haloflavibacter putidus,1,0,nirK_only,WP_394348485.1,NA,1
leptobacterium flavescens,472055,Leptobacterium flavescens,1,0,nirK_only,WP_394352006.1,NA,1
flavobacterium pokkalii,1940408,Flavobacterium pokkalii,1,0,nirK_only,WP_394354336.1,NA,1
flavobacterium plurextorum,1114867;237;2986832,Flavobacterium;Flavobacterium plurextorum;Flavobacterium sp. N2469,1,0,nirK_only,WP_394364136.1,NA,1
flavobacterium chungbukense,877464,Flavobacterium chungbukense,1,0,nirK_only,WP_394799456.1,NA,1
uncultured croceitalea,1798908,uncultured Croceitalea sp.,1,0,nirK_only,WP_394974968.1,NA,1
caldimonas aquatica,376175,Caldimonas aquatica,1,1,both,WP_395139840.1,WP_264894193.1,1
flavobacterium collinsii,1114861,Flavobacterium collinsii,1,0,nirK_only,WP_395340610.1,NA,1
flavobacterium bizetiae,2704140,Flavobacterium bizetiae,1,0,nirK_only,WP_395363431.1,NA,1
actinomadura luteofluorescens,46163,Actinomadura luteofluorescens,1,0,nirK_only,WP_396079576.1,NA,1
microbacterium alkaliflavum,3248839,Microbacterium alkaliflavum,1,0,nirK_only,WP_396639114.1,NA,1
massilia orientalis,3050128,Massilia orientalis,1,0,nirK_only,WP_400189756.1,NA,1
oerskovia paurometabola,162170,Oerskovia paurometabola,1,1,both,WP_400273264.1,WP_204810094.1,1
janibacter terrae,103817,Janibacter terrae,1,0,nirK_only,WP_400293472.1,NA,1
micrococcus endophyticus,455343,Micrococcus endophyticus,1,0,nirK_only,WP_400343188.1,NA,1
isoptericola rhizosphaerae,254250;3377837;3695022,Isoptericola;Isoptericola rhizosphaerae;Isoptericola sp. GX10416,1,0,nirK_only,WP_402371931.1,NA,1
alicycliphilus denitrificans,179636;179636;596153;179636;596154,Alicycliphilus denitrificans,1,1,both,WP_404303341.1,WP_013518099.1,1
knoellia locipacati,882824,Knoellia locipacati,1,0,nirK_only,WP_404383477.1,NA,1
humibacillus xanthopallidus,412689,Humibacillus xanthopallidus,1,0,nirK_only,WP_404389803.1,NA,1
lotipaludicoccus stagni,3034021,Lotipaludicoccus stagni,1,0,nirK_only,WP_404425923.1,NA,1
ornithinimicrobium jinqii,3378801,Ornithinimicrobium jinqii,1,0,nirK_only,WP_405031980.1,NA,1
chryseobacterium oryctis,2952618,Chryseobacterium oryctis,1,0,nirK_only,WP_406567623.1,NA,1
streptomyces okerensis,3344655,Streptomyces okerensis,1,0,nirK_only,WP_407110201.1,NA,1
pengzhenrongella phosphoraccumulans,3114394,Pengzhenrongella phosphoraccumulans,1,1,both,WP_407343968.1,WP_407345454.1,1
kangiella aquimarina,1122134;261965,Kangiella aquimarina;Kangiella aquimarina DSM 16071,1,0,nirK_only,WP_407635760.1,NA,1
tenacibaculum litoreum,321269,Tenacibaculum litoreum,1,0,nirK_only,WP_408027252.1,NA,1
tenacibaculum crassostreae,502683,Tenacibaculum crassostreae,1,0,nirK_only,WP_408046910.1,NA,1
cognatundibacterium rivi,2828729,Cognatundibacterium rivi,1,0,nirK_only,WP_408058748.1,NA,1
leptospira wolbachii,1218599;29511,Leptospira wolbachii;Leptospira wolbachii serovar Codice str. CDC,1,0,nirK_only,WP_408605938.1,NA,1
flavobacterium piscis,1114874,Flavobacterium piscis,1,0,nirK_only,WP_409025191.1,NA,1
leptospira kanakyensis,2484968,Leptospira kanakyensis,1,0,nirK_only,WP_409035595.1,NA,1
polaribacter gochangensis,3252903,Polaribacter gochangensis,1,0,nirK_only,WP_409232783.1,NA,1
gillisia xinjiangensis,3384765,Gillisia xinjiangensis,1,0,nirK_only,WP_409539355.1,NA,1
aequorivita nionensis,1287690,Aequorivita nionensis,1,0,nirK_only,WP_410004959.1,NA,1
faucicola mancuniensis,1309795,Faucicola mancuniensis,1,0,nirK_only,WP_410471642.1,NA,1
capnocytophaga genosp.,327574,Capnocytophaga genosp. AHN8471,1,0,nirK_only,WP_410494254.1,NA,1
oryzobacter faecalis,3388656,Oryzobacter faecalis,1,0,nirK_only,WP_411940144.1,NA,1
rubrivirga aquatilis,3391575,Rubrivirga aquatilis,1,0,nirK_only,WP_412069934.1,NA,1
cellulomonas jepli,3142378,Cellulomonas jepli,1,0,nirK_only,WP_412868934.1,NA,1
noviherbaspirillum phoenicis,3132292,Noviherbaspirillum phoenicis,1,1,both,WP_413018284.1,WP_413014145.1,1
microbulbifer jejuensis,3233340,Microbulbifer jejuensis,1,0,nirK_only,WP_413392644.1,NA,1
georgenia phoenicis,554103,Georgenia phoenicis,1,0,nirK_only,WP_413450994.1,NA,1
flavobacterium oryzagri,3092665,Flavobacterium oryzagri,1,0,nirK_only,WP_413927831.1,NA,1
formosa bonchosmolovskayae,3382189,Formosa bonchosmolovskayae,1,0,nirK_only,WP_414037347.1,NA,1
streptoverticillium reticulum,1433415,Streptoverticillium reticulum,1,0,nirK_only,WP_414166581.1,NA,1
terrisphaera buseokensis,3391832,Terrisphaera buseokensis,1,0,nirK_only,WP_414663272.1,NA,1
tenacibaculum ascidiaceicola,1699411,Tenacibaculum ascidiaceicola,1,0,nirK_only,WP_425658491.1,NA,1
sphingomonas mangrovi,3242977,Sphingomonas mangrovi,1,0,nirK_only,WP_416460006.1,NA,1
ciceribacter azotifigens,2069303,Ciceribacter azotifigens,1,1,both,WP_416797379.1,WP_416798696.1,1
flavobacterium melibiosi,3398734,Flavobacterium melibiosi,1,0,nirK_only,WP_416854959.1,NA,1
flavobacterium kochi,3401729,Flavobacterium kochi,1,0,nirK_only,WP_417957450.1,NA,1
flavobacterium cryophilum,3401732,Flavobacterium cryophilum,1,0,nirK_only,WP_417972511.1,NA,1
flavobacterium glycogeni,3401728,Flavobacterium glycogeni,1,0,nirK_only,WP_417978360.1,NA,1
flavobacterium rhamnosi,3401725,Flavobacterium rhamnosi,1,0,nirK_only,WP_417988657.1,NA,1
capnocytophaga endodontalis,2708117,Capnocytophaga endodontalis,1,0,nirK_only,WP_418219537.1,NA,1
salinimicrobium soli,1254399,Salinimicrobium soli,1,0,nirK_only,WP_418334298.1,NA,1
tenacibaculum insulae,2029677,Tenacibaculum insulae,1,0,nirK_only,WP_418645236.1,NA,1
tenacibaculum aestuariivivum,2006131,Tenacibaculum aestuariivivum,1,0,nirK_only,WP_418650127.1,NA,1
tenacibaculum soleae,447689,Tenacibaculum soleae,1,0,nirK_only,WP_418652949.1,NA,1
pollutimonas rozaliensis,3148824,Pollutimonas rozaliensis,1,0,nirK_only,WP_420375967.1,NA,1
ornithinimicrobium pulveris,3405419,Ornithinimicrobium pulveris,1,0,nirK_only,WP_420748659.1,NA,1
flavobacterium nitratireducens,992289,Flavobacterium nitratireducens,1,0,nirK_only,WP_422851741.1,NA,1
rubrilithobacter danxiaensis,3390805,Rubrilithobacter danxiaensis,1,0,nirK_only,WP_423146016.1,NA,1
flavobacterium calami,3139144,Flavobacterium calami,1,0,nirK_only,WP_423972141.1,NA,1
cricetibacter osteomyelitidis,1521931,Cricetibacter osteomyelitidis,1,0,nirK_only,WP_424276105.1,NA,1
unclassified gordonia,2657482;3698342;84139,Gordonia sp. (in: high G+C Gram-positive bacteria);unclassified Gordonia (in: high G+C Gram-positive bacteria);Gordonia sp. 34D,1,0,nirK_only,WP_424322099.1,NA,1
methylocystis parvus,134,Methylocystis parvus,1,0,nirK_only,WP_424362659.1,NA,1
cauispirillum nitrogeniifigens,3398612,Cauispirillum nitrogeniifigens,1,0,nirK_only,WP_425008099.1,NA,1
ammonicoccus fulvus,3138240,Ammonicoccus fulvus,1,0,nirK_only,WP_425309872.1,NA,1
flavobacterium denitrificans,1121888;281361,Flavobacterium denitrificans;Flavobacterium denitrificans DSM 15936,1,0,nirK_only,WP_425337362.1,NA,1
kocuria gwangalliensis,501592,Kocuria gwangalliensis,1,0,nirK_only,WP_425559516.1,NA,1
prosthecobacter algae,1144682,Prosthecobacter algae,1,0,nirK_only,WP_425572120.1,NA,1
ornithinimicrobium carbonis,3416666,Ornithinimicrobium carbonis,1,0,nirK_only,WP_425942445.1,NA,1
janthinobacterium algoris,1259339;2804596;29580,Janthinobacterium;Janthinobacterium algoris;Janthinobacterium sp. DSP2-3-3,1,0,nirK_only,WP_426072016.1,NA,1
dyella kyungheensis,1242174,Dyella kyungheensis,1,0,nirK_only,WP_426270853.1,NA,1
unclassified pseudoduganella,2637179;3404060;3404061;3404063,unclassified Pseudoduganella;Pseudoduganella sp. R-31;Pseudoduganella sp. R-32;Pseudoduganella sp. R-43,1,0,nirK_only,WP_426323080.1,NA,1
rhodanobacter aciditrophus,1623218,Rhodanobacter aciditrophus,1,0,nirK_only,WP_426663952.1,NA,1
rhodanobacter ginsengiterrae,2008451,Rhodanobacter ginsengiterrae,1,0,nirK_only,WP_426687220.1,NA,1
microbacterium alcoholitolerans,3421635,Microbacterium alcoholitolerans,1,0,nirK_only,WP_428906143.1,NA,1
microbacterium luticellae,3421634,Microbacterium luticellae,1,0,nirK_only,WP_428931334.1,NA,1
flavobacterium galactosidilyticum,2893886,Flavobacterium galactosidilyticum,1,0,nirK_only,WP_428979017.1,NA,1
ramlibacter paludis,2908000,Ramlibacter paludis,1,0,nirK_only,WP_430300415.1,NA,1
flavobacterium olei,1886782,Flavobacterium olei,1,0,nirK_only,WP_430408236.1,NA,1
winogradskyella ouciana,2608631,Winogradskyella ouciana,1,0,nirK_only,WP_430468600.1,NA,1
unclassified testudinibacter,2621886;3417757;3466587;3466588,unclassified Testudinibacter;Testudinibacter sp. TW-1;Testudinibacter sp. P17/SS/0325;Testudinibacter sp. P80/BLE/0925,1,0,nirK_only,WP_431051070.1,NA,1
psychroserpens mesophilus,325473,Psychroserpens mesophilus,1,0,nirK_only,WP_431135167.1,NA,1
dyella thailandensis,3422216,Dyella thailandensis,1,0,nirK_only,WP_431634912.1,NA,1
calidifontibacter indicus,419650,Calidifontibacter indicus,1,0,nirK_only,WP_431842093.1,NA,1
actinomadura formosensis,60706,Actinomadura formosensis,1,0,nirK_only,WP_433227166.1,NA,1
microtetraspora malaysiensis,161358,Microtetraspora malaysiensis,1,0,nirK_only,WP_433351835.1,NA,1
aestuariimicrobium soli,2035834,Aestuariimicrobium soli,1,0,nirK_only,WP_435146318.1,NA,1
cellulophaga fucicola,76595,Cellulophaga fucicola,1,0,nirK_only,WP_435313204.1,NA,1
variovorax frigidus,3443728,Variovorax frigidus,1,0,nirK_only,WP_435509320.1,NA,1
streptomyces coelicoflavus,285562,Streptomyces coelicoflavus,1,0,nirK_only,WP_435615744.1,NA,1
ferrigenium straubiae,2919506,Ferrigenium straubiae,1,0,nirK_only,WP_435628279.1,NA,1
unclassified cutibacterium,2649671;3446480;3446481,unclassified Cutibacterium;Cutibacterium sp. V947;Cutibacterium sp. V970,1,0,nirK_only,WP_435918212.1,NA,1
unclassified pseudorhodoferax,2638544;3240878;3342328,unclassified Pseudorhodoferax;Pseudorhodoferax sp. LjRoot208;Pseudorhodoferax sp. LjRoot39,1,0,nirK_only,WP_436194518.1,NA,1
polaribacter huanghezhanensis,1354726,Polaribacter huanghezhanensis,1,0,nirK_only,WP_436410111.1,NA,1
janthinobacterium leeuwenhoeki,3424196,Janthinobacterium leeuwenhoeki,1,0,nirK_only,WP_436479523.1,NA,1
janthinobacterium violaceum,3424197,Janthinobacterium violaceum,1,0,nirK_only,WP_436479877.1,NA,1
janthinobacterium amylolyticum,3424188,Janthinobacterium amylolyticum,1,0,nirK_only,WP_436485630.1,NA,1
janthinobacterium goodfellowi,3424190,Janthinobacterium goodfellowi,1,0,nirK_only,WP_436501372.1,NA,1
janthinobacterium salmonicoloratum,3424198,Janthinobacterium salmonicoloratum,1,0,nirK_only,WP_436503993.1,NA,1
janthinobacterium kochi,3424191,Janthinobacterium kochi,1,0,nirK_only,WP_436508776.1,NA,1
janthinobacterium lyxosi,3424189,Janthinobacterium lyxosi,1,0,nirK_only,WP_436520999.1,NA,1
janthinobacterium glycogeni,3424192,Janthinobacterium glycogeni,1,0,nirK_only,WP_436541224.1,NA,1
janthinobacterium woesei,1259331,Janthinobacterium woesei,1,0,nirK_only,WP_436566425.1,NA,1
janthinobacterium darwini,1259324,Janthinobacterium darwini,1,0,nirK_only,WP_436573979.1,NA,1
janthinobacterium breve,1259338,Janthinobacterium breve,1,1,both,WP_436574955.1,WP_436577023.1,1
paramicrobacterium salitolerans,3445355,Paramicrobacterium salitolerans,1,0,nirK_only,WP_437584043.1,NA,1
flavobacterium maritimum,3149042,Flavobacterium maritimum,1,0,nirK_only,WP_438861681.1,NA,1
flavobacterium tagetis,2801336,Flavobacterium tagetis,1,0,nirK_only,WP_439649350.1,NA,1
flavobacterium taihuense,2857508,Flavobacterium taihuense,1,0,nirK_only,WP_439649425.1,NA,1
unclassified ralstonia,1566294;209769;54061;209769;3423950;3453878,Ralstonia sp.;unclassified Ralstonia;Ralstonia sp. NFACC01,1,1,both,WP_440077430.1,WP_175537170.1,1
ornithinimicrobium panacihumi,2008449,Ornithinimicrobium panacihumi,1,0,nirK_only,WP_441190881.1,NA,1
unclassified brachybacterium,1891286;2623841;3457664;3457670;1891286;2623841;3457664;3457670;3457672;3457685;3457711;2623841;3457685;3457711;2623841;3457699;3457736,unclassified Brachybacterium;Brachybacterium sp. AOP3-A1-3;Brachybacterium sp. 107,1,1,both,WP_441444761.1,WP_444577132.1,1
unclassified cupriavidus,2640874;3232677;3232685;3232792;3233075,unclassified Cupriavidus;Cupriavidus sp. 01L310;Cupriavidus sp. 01L412;Cupriavidus sp. 05L42;Cupriavidus sp. YAF13,1,0,nirK_only,WP_441639964.1,NA,1
unclassified nitrospina,2024844;2638683;3456075;2024844;2638683;3456076,Nitrospina sp.;unclassified Nitrospina;Nitrospina sp. 32_T5,1,0,nirK_only,WP_442425986.1,NA,1
unclassified nitrospira,2652172;3456077;70125,Nitrospira sp.;unclassified Nitrospira;Nitrospira sp. T9,1,0,nirK_only,WP_442433901.1,NA,1
duganella guangzhouensis,2666084,Duganella guangzhouensis,1,1,both,WP_443093242.1,WP_154372886.1,1
pseudoduganella violacea,1715466,Pseudoduganella violacea,1,1,both,WP_443094315.1,WP_183440427.1,1
mycolicibacterium flavescens,1776,Mycolicibacterium flavescens,1,0,nirK_only,WP_443678412.1,NA,1
unclassified sanguibacter,2645534;3457326;3457327,unclassified Sanguibacter;Sanguibacter sp. A246;Sanguibacter sp. A247,1,0,nirK_only,WP_443727498.1,NA,1
duganella caerulea,2885762,Duganella caerulea,1,1,both,WP_444843943.1,WP_444846664.1,1
terrihabitans aquatilis,3425128,Terrihabitans aquatilis,1,1,both,WP_445040764.1,WP_445041100.1,1
duganella rhizosphaerae,2885763,Duganella rhizosphaerae,1,1,both,WP_445232173.1,WP_445232103.1,1
microvirga medicaginis,3434467,Microvirga medicaginis,1,1,both,WP_445500675.1,WP_445501259.1,1
unclassified gilvimarinus,2642066;3062638;3062666;2642066;3461371;3462302,unclassified Gilvimarinus;Gilvimarinus sp. 1_MG-2023;Gilvimarinus sp. 2_MG-2023,1,1,both,WP_445616410.1,WP_215976059.1,1
chryseobacterium cupriresistens,3366770,Chryseobacterium cupriresistens,1,0,nirK_only,WP_446105541.1,NA,1
lacinutrix undariae,1639656,Lacinutrix undariae,1,0,nirK_only,WP_446845118.1,NA,1
mycolicibacter minnesotensis,1118379,Mycolicibacter minnesotensis,1,0,nirK_only,WP_448417123.1,NA,1
agromyces bauzanensis,1308924,Agromyces bauzanensis,1,0,nirK_only,WP_448809950.1,NA,1
eoetvoesiella caeni,645616,Eoetvoesiella caeni,1,0,nirK_only,WP_449392988.1,NA,1
bradyrhizobium guangdongense,1325090,Bradyrhizobium guangdongense,1,1,both,WP_453991486.1,WP_140982103.1,1
agromyces soli,659012,Agromyces soli,1,0,nirK_only,WP_454478975.1,NA,1
paenirhizobium selenitireducens,1336235;448181;448181,Paenirhizobium selenitireducens,1,1,both,WP_454744468.1,WP_028735077.1,1
petrachloros mirabilis,2918835,Petrachloros mirabilis,1,0,nirK_only,WP_455389408.1,NA,1
leptothrix mechoopdaensis,3466590,Leptothrix mechoopdaensis,1,1,both,WP_456168798.1,WP_456167112.1,1
soonwooa purpurea,1938559,Soonwooa purpurea,1,0,nirK_only,WP_456235594.1,NA,1
unclassified lysobacter,2635362;3470294;3470295,unclassified Lysobacter;Lysobacter sp. A378;Lysobacter sp. A421,1,0,nirK_only,WP_456979210.1,NA,1
vreelandella sulfidaeris,115553;115553;891402,Vreelandella sulfidaeris;Vreelandella sulfidaeris Esulfide1,1,1,both,WP_457508257.1,WP_113270150.1,1
salegentibacter profundi,3477668,Salegentibacter profundi,1,0,nirK_only,WP_457863536.1,NA,1
unclassified tessaracoccus,2635419;3569181;3570049,unclassified Tessaracoccus;Tessaracoccus sp. Z1128;Tessaracoccus sp. Y1544,1,0,nirK_only,WP_459018946.1,NA,1
halomonas shantousis,1341689,Halomonas shantousis,1,0,nirK_only,WP_459867333.1,NA,1
microbacterium xylanilyticum,300018,Microbacterium xylanilyticum,1,0,nirK_only,WP_460005333.1,NA,1
methylothermus subterraneus,697197,Methylothermus subterraneus,1,0,nirK_only,WP_460035735.1,NA,1
thermaerobacter litoralis,317015,Thermaerobacter litoralis,1,0,nirK_only,WP_460039613.1,NA,1
arenimonas aestuarii,1708347,Arenimonas aestuarii,1,0,nirK_only,WP_460453922.1,NA,1
arenimonas alkanexedens,1429246,Arenimonas alkanexedens,1,0,nirK_only,WP_460455839.1,NA,1
flindersiella endophytica,648751,Flindersiella endophytica,1,0,nirK_only,WP_460526949.1,NA,1
intrasporangium mesophilum,889944,Intrasporangium mesophilum,1,0,nirK_only,WP_460627012.1,NA,1
luteococcus sediminum,1343102,Luteococcus sediminum,1,0,nirK_only,WP_460707012.1,NA,1
lysobacter terrae,1390358,Lysobacter terrae,1,1,both,WP_460710757.1,WP_460709302.1,1
lysobacter rhizosphaerae,1537377,Lysobacter rhizosphaerae,1,0,nirK_only,WP_460731077.1,NA,1
mariniluteicoccus flavus,1397367,Mariniluteicoccus flavus,1,0,nirK_only,WP_460768986.1,NA,1
nocardioides pacificus,1343103,Nocardioides pacificus,1,0,nirK_only,WP_460794476.1,NA,1
lysobacter olei,1926870,Lysobacter olei,1,1,both,WP_460822971.1,WP_460822822.1,1
lysobacter humi,1720254,Lysobacter humi (ex Lee et al. 2017),1,0,nirK_only,WP_460834081.1,NA,1
nocardioides pakistanensis,1682732,Nocardioides pakistanensis,1,0,nirK_only,WP_460871714.1,NA,1
rufibacter soli,1806201,Rufibacter soli,1,0,nirK_only,WP_460894511.1,NA,1
phycicoccus ginsengisoli,1462998,Phycicoccus ginsengisoli,1,0,nirK_only,WP_460936971.1,NA,1
sinomonas soli,991009,Sinomonas soli,1,0,nirK_only,WP_460993307.1,NA,1
thalassiella azotivora,1720260,Thalassiella azotivora,1,0,nirK_only,WP_461022518.1,NA,1
tessaracoccus terricola,2069302,Tessaracoccus terricola,1,0,nirK_only,WP_461107740.1,NA,1
unclassified tenacibaculum,2635139;3238748;3479274,unclassified Tenacibaculum;Tenacibaculum sp. Pbs-1;Tenacibaculum sp. IMCC1,1,0,nirK_only,WP_462099327.1,NA,1
lysobacter xanthus,2675060,Lysobacter xanthus,1,0,nirK_only,WP_462115474.1,NA,1
microbacterium radiodurans,661398,Microbacterium radiodurans,1,0,nirK_only,WP_462656045.1,NA,1
rhodococcus ruitaii,3568234,Rhodococcus ruitaii,1,0,nirK_only,WP_463367132.1,NA,1
unclassified georgenia,2626815;3464133;3711196,unclassified Georgenia;Georgenia sp. Z2054;Georgenia sp. X1117,1,0,nirK_only,WP_463662147.1,NA,1
brachybacterium zhongshanense,416230,Brachybacterium zhongshanense,1,0,nirK_only,WP_464133562.1,NA,1
methylosinus sporium,136993;3458767;3458768;425;428;2583817;425;428;2846853;425;428;428,Methylosinus;Methylosinus sporium;Methylosinus sp. KRF6,1,1,both,WP_464476787.1,WP_108916256.1,1
unclassified nitrosospira,2609267;3304996;3304998,unclassified Nitrosospira;Nitrosospira sp. TNL100;Nitrosospira sp. TNL300,1,0,nirK_only,WP_464539681.1,NA,1
methylocystis echinoides,29468,Methylocystis echinoides,1,0,nirK_only,WP_464592622.1,NA,1
streptomyces bungoensis,285568,Streptomyces bungoensis,1,0,nirK_only,WP_464815885.1,NA,1
thermaerobacter nagasakiensis,159723,Thermaerobacter nagasakiensis,1,0,nirK_only,WP_464832246.1,NA,1
symbiobacterium ostreiconchae,471799,Symbiobacterium ostreiconchae,1,0,nirK_only,WP_464848240.1,NA,1
symbiobacterium turbinis,557450,Symbiobacterium turbinis,1,1,both,WP_464854917.1,WP_464853071.1,1
streptomyces cyaneus,1904,Streptomyces cyaneus,1,0,nirK_only,WP_466619118.1,NA,1
streptomyces malachitofuscus,67322,Streptomyces malachitofuscus,1,0,nirK_only,WP_466923301.1,NA,1
streptomyces morookaense,1970,Streptomyces morookaense,1,0,nirK_only,WP_467001649.1,NA,1
bradyrhizobium ingae,1497618,Bradyrhizobium ingae,1,1,both,WP_473117005.1,WP_473120844.1,1
mycobacterium parascrofulaceum,240125,Mycobacterium parascrofulaceum,1,0,nirK_only,WP_473134571.1,NA,1
natronocytophaga cellulosiphila,3069752,Natronocytophaga cellulosiphila,1,0,nirK_only,WP_473236844.1,NA,1
galbibacter orientalis,3472694;379068;453852,Galbibacter;Galbibacter orientalis;Galbibacter sp. L-19,1,0,nirK_only,WP_474507427.1,NA,1
chryseobacterium endophyticum,1854762,Chryseobacterium endophyticum,1,0,nirK_only,WP_476394979.1,NA,1
unclassified cellulomonas,2620175;3232429;3232561,unclassified Cellulomonas;Cellulomonas sp. P1_G12_2;Cellulomonas sp. P4_B5_2,1,0,nirK_only,WP_477062376.1,NA,1
marinobacter goseongensis,453838,Marinobacter goseongensis,1,0,nirK_only,WP_483137763.1,NA,1
candidatus defluviilinea,3140677,Candidatus Defluviilinea gracilis,1,0,nirK_only,WP_484037316.1,NA,1
georgenia daeguensis,908355,Georgenia daeguensis,1,0,nirK_only,WP_486327344.1,NA,1
pseudomonas soli,1306993,Pseudomonas soli,1,1,both,WP_486977389.1,WP_476259933.1,1
undibacterium paludis,2908202,Undibacterium paludis,1,0,nirK_only,WP_489686110.1,NA,1
unclassified aequorivita,2615031;3713080;3713081,unclassified Aequorivita;Aequorivita sp. IT1282;Aequorivita sp. IT1183,1,0,nirK_only,WP_489690999.1,NA,1
vibrio mimicus,1259812;671074;674;675806;671076;674;756012;674;674;675820,Vibrio mimicus,0,1,pcuac_only,NA,WP_000769856.1,1
vibrio metoecus,1481663;1481663;2919577;662,Vibrio metoecus,0,1,pcuac_only,NA,WP_000769875.1,1
vibrio cholerae,1000951;1000952;1000953;1093790;1095638;1095639;1095640;1095641;1095642;1095643;1095644;1095645;1095646;1095647;1095648;1095649;1095650;1095651;1095652;1095653;1095654;1095655;1095656;1095657;1095658;1095660;1095661;1124468;1124469;1124470;1124471;1124472;1124473;1124474;1124475;1124476;1124477;1124478;1124480;1124481;1124483;1124484;1124485;1124486;1124487;1134456;1147127;1224154;1225781;1225782;1225783;1236549;1258564;127906;1343738;1352358;1398492;1399573;1399574;1399575;1408478;1416746;1416747;1416748;1416749;1420885;1433144;185332;243277;345072;345073;345076;404974;412614;412967;417397;417400;45888;579112;593587;593588;593589;650003;661513;662;666;678;686;914149;925768;925769;948564;991923;991924;991925;991926;991927;991928;991929;991930;991931;991932;991933;991935;991936;991938;991940;991942;991944;991945;991950;991951;991952;991953;991954;991955;991956;991957;991958;991959;991960;991961;991962;991963;991965;991966;991968;991974;991976;991980;991981;991982;991983;991984;991985;991987;991988;991989;991990;991992;991993;991994;991995;991996;992000;992001;992003;992006;992007;992008;1051362;1055325;1095662;593586;666;991939;991941;991947;992002;1095659;1315314;2867485;2867486;45888;650003;662;666;1233524;1235442;1235443;1235444;1235454;1235456;1235473;1294275;345075;666;1339249;2682542;662;666;1408477;593585;666;412883;412966;417398;45888;650003;662;666;686;693743;991997;592313;666;593590;666;650003;662;666;666;666;991934;991937;991943;991948;991949;991967;991969;991970;991971;991972;991973;991975;991977;991978;992004;992005;992009;666;991991,Vibrio cholerae,0,1,pcuac_only,NA,WP_000774100.1,1
pseudomonas syringae,103796;103985;1052680;1052681;1052682;1094175;1094176;1094177;1094178;1095103;1104678;1104679;1104680;1104681;1104684;1104685;1108968;1108972;1108973;1189623;1194078;1194395;1194406;1194407;1194409;1194415;1194416;1194417;1194418;1198673;1248724;1250998;317;629266;103796;1104682;1194400;1194401;1194402;1194403;1194404;1194420;1194421;1194422;1208099;129138;1357280;136849;1674924;192088;251701;317;3380385;46257;55398;629259;103796;1189079;1194423;317;103796;1189622;129137;129138;129139;1664860;1884210;235272;251720;251721;251722;251723;251724;2578110;2596897;264450;264451;264452;264455;264457;264730;286;29438;306;3079591;3079593;317;318;319;322;3409811;360920;360921;3709703;3709704;3709705;3709706;3709707;47877;53410;573066;629258;663708;665027;666475;693985;86176;86841;875329;875330;1198303;2609418;286;3040320;3080056;317;321;1198307;317;129140;136849;251704;251706;317;323;33069;546231;673189;673198;673265;1324931;1357287;1365665;286;3080056;317;321;81036;1357278;317;1357286;264458;2823887;286;3080056;317;321;716919;1357288;317;1357289;199198;286;3080056;321;629270;1357291;136849;317;33069;136849;223283;237306;264453;264459;317;323;59511;136849;251706;317;136849;317;33069;158627;2775284;286;306;3097454;317;251701;251703;251701;251707;251707;286;317;33069;3681986;2730420;286;3080056;317;321;3079589;317;317;321,Pseudomonas syringae,0,1,pcuac_only,NA,WP_002555389.1,1
beggiatoa alba,1022;395493,Beggiatoa alba;Beggiatoa alba B18LD,0,1,pcuac_only,NA,WP_002683983.1,1
afipia clevelandensis,1034;883079,Afipia clevelandensis;Afipia clevelandensis ATCC 49720,0,1,pcuac_only,NA,WP_002711693.1,1
cereibacter sphaeroides,1063;1063;1775881;204455;2853442;2922394;3030011;364199;3708654;57002;659350;1063;272943;349101;557760;1063;418630;992186,Cereibacter sphaeroides,0,1,pcuac_only,NA,WP_002719171.1,1
thauera mechernichensis,1905334;2897772;303682;33057;82788;305700;33057;82788,Thauera;Thauera mechernichensis;Thauera sp. 27,0,1,pcuac_only,NA,WP_002932083.1,1
uncultured campylobacter,1073353;194;205;218934;205;218934;218934,Campylobacter sp.;uncultured Campylobacter sp.,0,1,pcuac_only,NA,WP_295142806.1,1
brucella abortus,1004954;1004955;1004956;1004957;1029825;1051055;1051056;1051057;1051058;1051059;1051060;1051061;1051062;1104320;1104321;1112912;1143190;1143191;1148757;1160160;1160161;1160162;1160163;1160164;1160165;1160166;1160167;1160168;1160169;1160170;1160171;1160172;1160173;1160174;1160175;1160176;1160177;1160178;1160179;1160180;1160182;1160183;1160184;1160187;1160188;1160190;1160191;1160192;1160193;1160194;1160196;1160197;1160198;1160199;1160200;1160201;1160202;1160203;1160204;1160205;1160206;1160207;1160208;1160209;1160210;1160211;1160213;1160214;1160215;1160217;1160218;1160220;1160221;1160222;1160223;1160224;1160225;1160226;1160227;1160228;1160229;1160230;1160231;1160232;1160233;1160234;1160235;1169203;1169204;1169205;1169206;1169207;1169208;1169209;1169210;1169211;1169212;1169213;1169215;1169216;1169217;1169218;1169219;1169220;1169221;1169222;1169223;1169224;1169225;1169226;1169227;1169228;1169229;1169233;1169234;1169236;1169237;1169238;1169239;1169240;1169241;1169242;1169243;1169244;1170703;1171378;1198679;1198680;1198681;1198682;1198683;1198684;1198685;1198686;1198687;1198688;1198689;1198690;1198691;1198692;1198693;1198694;1198695;1198696;1198699;1198700;120576;120577;1210444;1210445;1210446;1210447;1210448;1210449;1210450;1210451;1210452;1210453;1210454;1229903;1229904;1229906;1229907;1238668;1244532;1247411;1266367;1286630;1328339;1328340;1328341;1328342;1328343;1328344;1328345;1328346;1328347;1328348;1328349;1328350;1328351;1328352;1328353;1328354;1328355;1328356;1328357;1328358;1328359;1328360;1328361;1341669;1341670;1341671;1341673;1341674;1341675;1341676;1341684;1341685;1341686;1341688;1388739;1388740;1388741;1388742;1388743;1388744;1388745;1408887;1423891;1567496;1567501;1891098;1905694;1905695;1905696;1905697;1905700;1906856;1906857;1912100;1927133;1927134;1927135;2025889;204722;224914;234;235;262698;274058;2942452;29459;29461;35802;359391;36855;430066;437663;437670;437671;437684;437685;437687;470137;470735;483179;520450;520451;520452;520453;520454;520455;520457;520458;520459;520460;520461;520462;520463;520464;520465;520466;520487;520488;522260;546272;575591;641140;644337;644340;644346;645170;703352;941967;1160181;1198697;1341672;235;1160185;1160189;1198698;235;1169214;235,Brucella abortus;Brucella abortus 80/28,0,1,pcuac_only,NA,WP_002965301.1,1
thermus aquaticus,271;271;498848,Thermus aquaticus,0,1,pcuac_only,NA,WP_053767174.1,1
comamonas testosteroni,1009852;2183900;283;285;1055192;1123504;119219;1220577;1224;1287735;1334628;1353891;1392005;1550728;180282;1805105;1862326;1871043;2008675;285;2962592;3016636;3126390;3350256;34028;34073;398578;399795;40324;488447;558537;80866;85698;87883;93218;95485;95486;1111078;285;399795;114710;285;1339241;285;1392005;1440775;283;34028;2494248;2601246;283;285;3126390;3468787;363952;283;285;2966554;283;285;34028;285,Comamonas testosteroni,0,1,pcuac_only,NA,WP_003059314.1,1
pseudomonas aeruginosa,1000561;1078464;1093787;1118159;1125698;1131757;1131758;1134459;1147787;1158200;1163395;1169413;1191475;1193501;1198629;1208103;1211113;1279007;1279008;1285581;1286151;1295076;1333540;1333541;1333855;1336203;1339265;1339266;1340851;1348339;1348564;1352354;1352355;1356855;1365008;1365009;1365010;1365011;1367493;1367494;1402488;1402490;1402492;1402493;1402499;1402501;1402502;1402503;1402505;1402509;1402510;1402511;1402515;1402516;1402517;1402518;1402522;1402523;1402524;1402525;1402528;1402529;1402531;1402538;1402541;1402543;1402546;1402551;1402553;1402565;1402567;1402568;1402569;1402570;1402571;1402572;1402573;1402574;1402576;1402577;1402578;1402579;1402581;1403034;1403035;1403039;1403040;1403043;1403044;1403048;1403050;1408271;1408272;1408273;1408274;1408275;1408276;1408277;1410038;1418237;1418238;1418241;1418242;1418243;1418248;1424337;1437873;1441928;1443105;1447528;1447529;1447531;1447532;1447533;1447534;1447537;1447539;1447541;1447543;1447544;1457194;1457392;1581109;1715015;1715145;1715195;1739410;1739516;208964;2502216;2795489;2806610;2806611;2807721;2807722;2810315;286;2866282;287;294;2952231;2952232;2952233;2952238;2952241;2952244;2952245;2952248;2952253;2952258;3041168;3113717;3113718;3344553;3381345;3389069;3398818;3453929;3591910;3699533;3713281;3713283;3713284;3713285;557722;701198;910265;941193;983918;1009714;1051003;1051004;1051005;1081927;1123015;1125697;1163392;1163393;1163394;1163396;1163397;1194669;1214916;1231930;1231931;1231932;1231933;1280938;1331059;1333542;1333546;1333547;1333549;1333551;1339263;1339264;1341644;1402485;1402486;1402487;1402489;1402491;1402494;1402497;1402500;1402504;1402507;1402508;1402512;1402513;1402514;1402519;1402520;1402521;1402526;1402527;1402532;1402533;1402536;1402537;1402539;1402542;1402544;1402545;1402547;1402550;1402552;1402554;1402556;1402557;1402559;1402560;1402561;1402562;1402563;1402564;1402566;1402580;1402582;1410037;1411700;1411701;1415629;1416756;1418235;1418236;1418239;1418244;1418245;1418246;1418247;1421531;1427342;1431713;1434267;1447530;1447535;1447536;1447540;1448140;1449980;1715060;1715149;1739418;1739428;208963;2502205;2545800;2587014;2806612;286;287;2886093;2944252;2952229;2952230;2952234;2952235;2952236;2952237;2952239;2952242;2952246;2952247;2952249;2952250;2952251;2952252;2952255;2952256;2952257;2952259;2952261;2994495;3036552;3113720;3122385;3344552;3344554;3713282;3713290;388272;509633;528574;652611;983919;1089456;1306165;1333550;1341645;1402495;1402496;1402498;1402506;1402530;1402549;1402555;1402558;1447538;286;287;3113719;798130;1146882;1739390;286;287;136841;287;2994495;136841;287;2994495;381754;1402535;287;1402548;287;1402575;1407649;2767443;2767444;286;287;2952254;1418240;287;286;287;2902622;286;287;2952260;287,Pseudomonas aeruginosa,0,1,pcuac_only,NA,WP_003092740.1,1
pseudomonas fluorescens,1038922;177989;286;104087;286;294;118613;198620;2009003;2565368;2578139;2842346;286;294;306;3233421;3233468;3233470;3233475;3688104;1236;1495066;1907578;294;2975378;380021;1262454;2804521;2842348;286;3233427;1267835;286;294;136843;198620;321662;136843;294;321662;136843;294;47883;1390498;1896942;2126069;219572;2797527;286;294;306;3467180;3467181;3467182;1736376;2842346;286;294;2963932;3233472;3233478;3233493;3469117;198620;2448261;2448262;2448267;2565368;2651867;2745503;286;294;2972777;3126385;3140477;321662;3682006;3682007;3682009;3682011;198620;2745503;286;294;3682006;3682007;3682009;3682011;2009002;286;294;303;2058307;286;294;2316085;2496120;2662191;2662192;2662193;2662196;2662202;286;294;296;237609;286;294;2678258;286;294;46679;78544;930166;2699196;286;294;380021;2815936;286;294;2842346;286;294;2842346;286;294;3688104;2842347;286;294;286;2884805;294;321662;286;2898587;294;286;294;2991431;2991442;286;294;3035473;286;294;3231275;3364444;915099;286;294;3399573;286;294;3696981;286;294;77298;294,Pseudomonas fluorescens,0,1,pcuac_only,NA,WP_032866294.1,1
pseudomonas brassicacearum,1050347;1283285;1403314;2054929;2832376;286;3233416;3233419;3233425;3233430;3233437;3233439;3233447;3233456;3233458;3233461;3233463;3233466;3233480;3233501;3233509;3351473;494916;86264;930166;1736526;286;930166;1855331;2045200;2507587;2584927;2664172;2762896;286;2875961;2954077;2967215;3108452;3711738;477819;930166;2505979;286;930166;2832381;286;3233503;3351472;3472977;930166;994484;930166,Pseudomonas brassicacearum,0,1,pcuac_only,NA,WP_003197377.1,1
pseudomonas putida,1042876;107445;1259844;1388762;1435044;1435058;1586081;1636605;1940636;1947336;1981711;1981734;1981735;2219225;2719586;2829498;286;2919497;2937880;2976333;303;3049084;3231526;3344564;3389877;70775;107445;1193499;1196325;1227924;1247546;1661033;1661040;1661051;1661054;2093743;231023;2794351;2856556;286;2975375;2975383;2975391;2993589;2993591;303;306;3094916;3240392;3243074;3344561;3349847;3349851;3367239;3367241;3367243;3367244;3367245;3367261;470150;485880;70775;1079364;160488;1661036;1661060;1661693;2093743;2578115;286;3029195;303;3104264;3229879;3367193;3367218;361819;435519;690137;1081940;2075558;286;303;114707;286;2975389;303;1150601;2202652;286;303;3058433;931281;1193146;303;1211579;2567891;2567893;2672566;286;2993590;303;1215087;2093743;2093745;286;303;3083251;3367230;1215088;1940636;1981736;2060417;2219225;2662034;2746722;286;303;3075219;3344817;353218;3707458;70775;1217722;1384061;286;2976152;303;1247546;1661047;2735307;2821408;286;2903145;2935864;303;3068639;3081664;3229882;3400362;76869;1247546;286;303;3033801;3349852;3367229;3406706;3711737;70775;1288410;1581141;2816906;286;2944392;303;3075220;3077324;1288410;286;2866589;303;3317319;78327;1288410;286;303;3143940;1288410;286;303;3400351;76759;1299319;2093743;2781025;286;2975368;303;3040601;306;3229881;3229883;3344874;3367166;3367170;3367194;3367217;3367264;3453914;76759;1331671;1410669;1661056;2009000;2070643;2751366;286;2975361;3233375;1338689;2093743;286;303;136845;303;76759;1410521;286;303;3043859;3119004;3387400;70775;1449986;286;303;3085808;3233375;3388314;1451377;1661032;1947340;1960828;1985343;2045201;2056231;2219664;2604453;2815362;286;2956729;2967214;2976883;2991436;303;3127460;336474;1495066;2598474;286;2914980;2914981;2971622;303;3230490;3239189;3240264;157782;286;303;3110229;1620788;1914534;228756;2479854;286;2913477;2942201;303;3342639;3376152;3376165;1661038;286;303;1661046;1947338;1947344;2740516;286;303;306;3114535;3418478;1661049;2070645;2751314;2817854;2817855;286;303;306;3233375;3387401;380021;1825979;286;303;1856588;2666183;286;2874628;303;3400352;70775;198618;2448261;286;2965074;303;2083052;286;303;3109348;3367181;3421169;3421170;3715230;2093743;286;2892442;2975379;2993592;2993593;303;2093743;286;303;2730425;286;2965074;3026449;303;3095361;2745494;286;303;2767450;286;303;3458058;2815362;286;303;2827099;286;303;76758;286;2874628;303;3400352;3699025;286;2903146;303;286;2944234;303;286;2993595;3122582;3344559;286;303;3077325;286;303;3156487;286;303;3344563;286;303;3364473;286;303;3364475;3364477;286;303;3376176;3376177;3376178;3376179;286;303;3410986;286;303;3453934;286;303;485888;303,Pseudomonas putida,0,1,pcuac_only,NA,WP_046819713.1,1
pseudomonas paraversuta,1206777;2498450;2506433;2580568;2750624;286;2750624,Pseudomonas paraversuta,0,1,pcuac_only,NA,WP_003439177.1,1
metapseudomonas furukawaii,1149133,Metapseudomonas furukawaii,0,1,pcuac_only,NA,WP_003457949.1,1
xanthomonas citri,1085630;346;487838;1137651;1150615;1156940;1203463;1304892;1308548;1365648;1365649;1401257;2182387;2776703;317013;338;346;454594;473421;487824;487827;487828;487831;487854;487862;487899;611301,Xanthomonas citri;Xanthomonas citri pv. punicae;Xanthomonas citri pv. punicae str. LMG 859,0,1,pcuac_only,NA,WP_003484333.1,1
sinorhizobium meliloti,1041151;2037901;28105;382;1041152;1041153;1041154;1041155;1041156;1194714;1235461;1286640;1401243;266834;382;698936;707241;928722;928723;1041157;382;1107881;1230587;158892;28105;382;693982;1470810;28105;382;382,Sinorhizobium meliloti,0,1,pcuac_only,NA,WP_003529532.1,1
rhizobium leguminosarum,1041138;379;384;385;387;1041140;384;1041141;384;387;754520;754774;936350;1041143;384;1041144;2908925;379;384;387;1041145;216596;3019933;379;384;386;387;1076926;379;384;1820614;3138065;379;384;387;935553;1967781;3045157;379;384;1967781;379;384;2035451;2587007;2867518;2917727;3031127;3276278;379;387;3019932;379;384;3019932;379;384;386;3019933;379;384;3019934;379;384;3138254;379;384;3232383;379;384;3232405;379;384;387;3240772;379;384;386;387;3399566;3444086;3710321;379;384;386;3710319;379;384;3710320;379;384;3710322;379;384;935550;384;384;386;384;387;384;387;936136;384;395492;384;754518;384;754523;384;754764;384;935549,Rhizobium leguminosarum,0,1,pcuac_only,NA,WP_130759833.1,1
methylorubrum extorquens,2282523;272630;2938232;408;882800;2282523;29429;408;408;408;419610;408;440085;408;661410,Methylorubrum extorquens,0,1,pcuac_only,NA,WP_056112226.1,1
alcaligenes ammonioxydans,2582914;3078429;3416924;507;2582914;3110924;3123298;507,Alcaligenes;Alcaligenes ammonioxydans;Alcaligenes sp. SJTW-7;Alcaligenes sp. HNGD-HTN06,0,1,pcuac_only,NA,WP_003801686.1,1
bordetella bronchiseptica,1017264;1208657;1216982;1331199;1331200;1331203;1331204;1331213;1331215;1331217;1331218;1331219;1331220;1331221;1331222;1331223;1331224;1331225;1331226;1331228;1331229;1331230;1331232;1331233;1331234;1331235;1331236;1331237;1331238;1331239;1331241;1331243;1331244;1331245;1331247;1331248;1331249;1331250;1331252;1331253;1331254;1331260;1331264;1331268;1331269;1331270;1331271;1331272;1331273;1331275;1331276;1331280;1331281;1331282;1331283;1331284;1331285;1403053;1420596;1427985;1458256;1458257;1458258;1458259;1458260;1458261;1458262;1458263;1458264;1458265;1458266;1458269;257310;257311;257313;517;518;519;520;568707;743273;743274;743275;743276;743277;743278;1208658;1208659;1331201;1331214;1331216;1331227;1331231;1331240;518;1331202;463024;517;518;463024;517;518;518,Bordetella bronchiseptica,0,1,pcuac_only,NA,WP_003807278.1,1
eikenella corrodens,1073362;539;1715021;538;539;546274;1739300;1739535;538;539;539,Eikenella corrodens,0,1,pcuac_only,NA,WP_003823333.1,1
thauera humireducens,1134435;1134435;33057;497321,Thauera humireducens,0,1,pcuac_only,NA,WP_004292924.1,1
thauera aminoaromatica,1234381;164330;167065;1905334;33057;1572758;164330;33057,Thauera;Thauera aminoaromatica;Thauera sp. SWB20,0,1,pcuac_only,NA,WP_004317828.1,1
thauera linaloolentis,1123367;76112,Thauera linaloolentis;Thauera linaloolentis 47Lol = DSM 12138,0,1,pcuac_only,NA,WP_004332830.1,1
thauera phenylacetica,1234382;164400;164400,Thauera phenylacetica,0,1,pcuac_only,NA,WP_004365911.1,1
ectopseudomonas oleovorans,1182590;1198456;1218129;301;3236654;1215116;301;301,Ectopseudomonas oleovorans,0,1,pcuac_only,NA,WP_004424590.1,1
agrobacterium pusense,1279031;2587039;357;3704093;648995;2420311;357;648995;2870329;357;648995;2945056;357;648995;3041757;357;648995;3128901;357;648995;648995,Agrobacterium pusense,0,1,pcuac_only,NA,WP_004441811.1,1
rickettsia prowazekii,1105094;1105097;1290428;1290430;449216;782;1105095;1105096;1105098;1105099;1290427;272947;782,Rickettsia prowazekii;Rickettsia prowazekii str. Rp22;Rickettsia prowazekii str. Chernikova;Rickettsia prowazekii str. Dachau;Rickettsia prowazekii str. Breinl;Rickettsia prowazekii str. Cairo 3,0,1,pcuac_only,NA,WP_004597884.1,1
brucella neotomae,29460;520456,Brucella neotomae;Brucella neotomae 5K33,0,1,pcuac_only,NA,WP_004687839.1,1
brucella suis,1567502;29461;520489,Brucella suis;Brucella suis bv. 5 str. 513;Brucella suis bv. 5,0,1,pcuac_only,NA,WP_004689373.1,1
vibrio splendidus,1051645;170679;2056189;246167;2607603;2607606;2607608;29497;662;1191309;29497;1191312;1191313;1516159;2607604;2778641;2778642;2820755;2912255;2942997;29497;2974562;3229653;3229678;3569844;617146;617147;617148;662;1192013;1516159;2912252;29497;662;1803384;29497;662;1903178;2912254;29497;662;2100116;29497;662;212663;29497;446372;662;2760973;29497;3569845;662;29497;29497;3229680;662;29497;3229698;662;29497;3569846;3569848;662;29497;617145,Vibrio splendidus,0,1,pcuac_only,NA,WP_004740439.1,1
bartonella doshiae,1094553;33044;33044,Bartonella doshiae,0,1,pcuac_only,NA,WP_004856163.1,1
bartonella taylorii,1094560;33046;33046,Bartonella taylorii;Bartonella taylorii 8TBB,0,1,pcuac_only,NA,WP_004858180.1,1
bartonella vinsonii,1094497;33047;1094502;1408318;33047;1094561;1094562;33047;110577;33047,Bartonella vinsonii;Bartonella vinsonii subsp. vinsonii,0,1,pcuac_only,NA,WP_004862335.1,1
pseudomonas viridiflava,1208100;237306;286;3079590;33069;716914;1357290;33069;136849;33069;450396;55398;2810613;286;3080056;33069;286;3040312;33069;33069,Pseudomonas viridiflava,0,1,pcuac_only,NA,WP_004885080.1,1
rickettsia sibirica,1130827;272951;35793,Rickettsia sibirica;Rickettsia sibirica 246;Rickettsia sibirica subsp. sibirica BJ-90,0,1,pcuac_only,NA,WP_004998093.1,1
bordetella holmesii,1247644;1247648;1247649;1266729;1281885;1331205;1331206;1331207;1331208;1331209;1331210;1331211;1331212;1331251;1458267;35814,Bordetella holmesii;Bordetella holmesii 30539;Bordetella holmesii 1058;Bordetella holmesii ATCC 51541;Bordetella holmesii F627;Bordetella holmesii H558;Bordetella holmesii CDC-H572-BH;Bordetella holmesii CDC-H585-BH;Bordetella holmesii CDC-H629-BH;Bordetella holmesii CDC-H635-BH;Bordetella holmesii CDC-H643-BH;Bordetella holmesii CDC-H719-BH;Bordetella holmesii CDC-H785-BH;Bordetella holmesii CDC-H809-BH;Bordetella holmesii H620;Bordetella holmesii 04P3421,0,1,pcuac_only,NA,WP_005016840.1,1
vibrio alginolyticus,1219076;2591012;2591013;2591015;2591017;2778644;2778645;2816074;2819104;2836183;2836435;2836892;2836893;2836894;2836896;2837388;2896365;3074541;3074549;3074553;3074555;3074557;3074559;3074560;3074563;3074564;3074566;3074567;3074568;3074571;3074574;3074575;3074576;3074577;3074580;3074581;3074582;3074583;3074587;3074588;3074592;3074593;3074598;3074603;3074606;3074608;3074610;3074615;3074617;3074620;3074624;3074626;3074628;3074629;3074630;3074631;3074640;3074641;3074642;3074643;3074644;3074646;3074650;3074651;3074653;3074654;3074655;3074659;3074663;3074667;3074673;3074679;3074680;3074681;3074682;3074683;3074687;3074688;3074689;3074691;3074693;3074694;3074695;3074696;3074700;3074701;3074702;3074703;3074705;3074710;3074711;3074713;314288;50719;662;663;1231058;1298600;150340;2007196;2591010;2591018;2766781;2849869;2950154;2950155;2950156;2998827;3035166;3074554;3074622;3074674;3074675;3074676;3074677;3074678;3074698;50719;662;663;1238221;1394551;1394640;1394651;1394655;1394656;1394663;1394701;2992766;3074568;662;663;670;1238231;1394674;1394705;3074563;3074581;3074620;3367172;3367232;3367233;3367238;662;663;670;150340;2527672;2591011;2912261;2929171;2957764;2957765;2957766;2957767;2957768;2998832;3074666;3074708;50719;662;663;1938693;2912256;3074547;3074590;3074668;3074669;3074672;3074706;662;663;2816072;2816073;2835905;2929855;3074543;3074545;3074548;3074569;3074572;3074586;3074591;3074594;3074595;3074596;3074597;3074602;3074604;3074605;3074609;3074611;3074612;3074613;3074614;3074623;3074625;3074632;3074633;3074634;3074639;3074645;3074647;3074648;3074656;3074657;3074658;3074670;3074671;3074709;3074714;3367252;3374281;662;663;2816075;2816076;2957763;3074561;3074570;3074616;3074684;3074685;3074686;3074690;3074692;3074697;3074704;3074707;3074712;662;663;2819103;662;663;2836348;2992765;662;663;3074542;3074544;3074562;3074578;3074584;3074585;662;663;3074546;3074552;3074556;3074565;3074579;3074600;3074638;662;663;3074558;3074649;662;663;3074573;662;663;3074589;3074599;3074627;3074652;662;663;3074607;3074621;3074635;3074699;662;663;3074660;3074661;3074662;662;663;663,Vibrio alginolyticus,0,1,pcuac_only,NA,WP_005375841.1,1
stenotrophomonas maltophilia,1167641;1336242;2682487;2939415;3077843;3077846;3453956;40323;40324;86188;1183154;40324;1190567;1220593;1449982;2760086;3002752;40323;40324;1235458;2860290;3398457;3398601;3456024;40323;40324;1292134;165438;40324;995085;1292134;2599307;40323;40324;1292134;2975362;40323;40324;1292134;40324;995085;1347912;1347913;40324;1427375;40324;1537778;2508572;3043300;3136771;3447188;3466884;3466885;3466886;3466908;40323;40324;1581082;40323;40324;165438;2975371;2975408;3447185;3447186;40323;40324;165438;3002749;3076046;3377164;3377168;3447195;3447214;3447217;3467514;3469998;3569657;40323;40324;86188;165438;3076048;40323;40324;165438;40324;1663558;3002744;3068322;40323;40324;522373;2040586;2211160;2860290;2975380;3111514;3308998;3398458;3448170;3454438;40323;40324;216778;40323;40324;2183909;3447215;3464187;40323;40324;69392;2859892;40323;40324;2859893;3447212;3475835;40323;40324;2859893;40323;40324;2860290;3050414;3111515;3111516;3156074;3459469;40323;40324;2860290;3071467;3111513;3111517;40324;995085;2860290;3396625;40323;40324;2860290;3706131;40324;995085;2860290;40324;995085;2871169;3377167;40324;995085;2871169;40324;995085;2975365;40323;40324;2975381;40323;40324;2975403;3002751;3076045;3447198;3447202;3447211;3447219;40323;40324;2975423;3076041;3076043;3076044;3077847;3377166;40323;40324;2991425;3002753;40323;40324;3051120;40323;40324;3055079;40323;40324;3076040;3395906;3398463;3447187;3475836;40323;40324;3136773;3466909;3469997;40323;40324;3136784;3136802;3447194;3447196;3447197;3447199;3447209;3447210;40323;40324;69392;3398459;3458629;40323;40324;3398460;3447203;40323;40324;3440737;40324;995085;3447184;3447204;40323;40324;3447190;40323;40324;3447200;3447205;3447207;3447213;40323;40324;3447216;40323;40324;3455201;40323;40324;3465272;391008;40323;40324;3466901;40323;40324;3466906;40323;40324;69392;3469999;40323;40324;3696428;3696429;3696433;3696436;3696437;3696439;40323;40324;391601;40323;40324;40323;40324;69392;40324;40324;487698;995085;40324;868597,Stenotrophomonas maltophilia,0,1,pcuac_only,NA,WP_463272521.1,1
aliivibrio fischeri,1088719;1298605;617135;668;312309;388396;668;668,Aliivibrio fischeri,0,1,pcuac_only,NA,WP_005423235.1,1
vibrio campbellii,1088888;1224742;680;1088888;680;1206055;680;696485;717610;1224742;680;1279999;2711207;2751177;2836349;2902295;662;680;1279999;680;2751177;662;680;2902295;680;680,Vibrio campbellii,0,1,pcuac_only,NA,WP_005431498.1,1
vibrio harveyi,1125980;1191522;1206055;1287887;1300145;1344582;190895;2751176;2998835;3020897;3136668;662;669;680;696485;766224;1125980;1191522;669;1219071;1300144;1352943;1769292;2819099;662;669;1219071;669;1229494;1280002;2047825;717610;766224;1280000;3020897;662;669;696485;1287887;669;1300144;1352943;1769292;2998834;662;669;1300145;669;1534743;2835790;2998835;662;669;696485;2998834;662;669;662;669;696485;992012;669;669;696485;717610,Vibrio harveyi,0,1,pcuac_only,NA,WP_005450126.1,1
vibrio parahaemolyticus,1173954;1238193;1238194;1238195;1238196;1238197;1238198;1238214;1238231;1288780;1288783;1288786;1288791;1288793;1288796;1288797;1394584;1394585;670;745023;1173954;1238194;1238195;1238196;1238197;1238231;1288780;1288783;1288786;1288791;1288793;1288796;1288797;1394584;1394585;670;745023;1173955;670;1173957;1219066;1238192;1238193;1238198;1238199;1238200;1238201;1238202;1238203;1238204;1238205;1238206;1238207;1238208;1238209;1238210;1238211;1238212;1238213;1238214;1238215;1238216;1238217;1238218;1238220;1238223;1238224;1238231;1276919;1287654;1288781;1288784;1288785;1288788;1288790;1338032;1338034;1394553;1394554;1394555;1394556;1394557;1394558;1394559;1394560;1394563;1394565;1394566;1394567;1394568;1394569;1394570;1394571;1394573;1394574;1394575;1394576;1394579;1394580;1394581;1394582;1394583;1394586;1394587;1394590;1394591;1394592;1394595;1394596;1394598;1394599;1394600;1394601;1394602;1394603;1394604;1394605;1394607;1394608;1394609;1394610;1394611;1394612;1394613;1394614;1394615;1394616;1394617;1394618;1394619;1394620;1394621;1394622;1394623;1394624;1394625;1394626;1394627;1394628;1394629;1394630;1394631;1394633;1394634;1394635;1394636;1394637;1394638;1394639;1394641;1394642;1394643;1394644;1394645;1394646;1394647;1394648;1394649;1394650;1394652;1394653;1394657;1394658;1394659;1394660;1394661;1394662;1394664;1394665;1394666;1394667;1394668;1394669;1394670;1394671;1394672;1394675;1394677;1394678;1394679;1394682;1394683;1394684;1394685;1394686;1394687;1394688;1394689;1394690;1394691;1394692;1394694;1394698;1394699;1394702;1394704;1394706;1408165;1408166;1408168;1408169;1408172;1429044;1441607;1441610;1441612;223926;3074567;3074594;3074623;3074625;3367177;3367182;3367189;3367237;3367242;419109;563773;662;670;1173957;1238192;1238202;1394603;1394638;670;1211705;1238231;1365187;1394577;1394578;1394676;670;1211705;1238231;1365187;1394577;1394578;670;1219066;1238231;1287654;1394564;1394572;1394590;1394641;1394645;1394646;1394647;1394648;1394649;1394699;1441612;3367179;419109;662;670;1234128;1394576;670;1234128;670;1238199;1238200;1238201;1238204;1238205;1238206;1238207;1238208;1238209;1238210;1238211;1238212;1238213;1238216;1238217;1238218;1238231;1288781;1288784;1288785;1394553;1394554;1394555;1394556;1394557;1394558;1394559;1394560;1394561;1394562;1394570;1394605;1394606;1394607;1394608;1394609;1394610;1394611;1394612;1394613;1394614;1394615;1394617;1394618;1394619;1394620;1394621;1394622;1394623;1394624;1394625;1394626;1394627;1394628;1394629;1394630;1394631;1394632;1394633;1394634;1394661;1394665;1394667;1394669;1394670;1394671;1394672;1394674;1394675;1394703;1394706;1408165;1408166;1408168;223926;2992766;563773;662;670;1238203;1238220;1238223;1238231;1338032;1338034;1394551;1394567;1394568;1394569;1394573;1394574;1394575;1394579;1394580;1394581;1394582;1394583;1394587;1394594;1394595;1394596;1394597;1394599;1394600;1394601;1394602;1394604;1394616;1394635;1394642;1394643;1394644;1394654;1394655;1394660;1394664;1394666;1394668;1394673;1394677;1394678;1394679;1394680;1394681;1394683;1394684;1394686;1394687;1394688;1394689;1394690;1394691;1394692;1394694;1394695;1394696;1394700;1394702;1408169;1408172;1429044;1441609;1441610;1904359;662;670;1238215;1394698;670;1238221;1238231;670;1238222;670;1238231;1394552;670;1238231;1394564;1394572;1394703;1904359;662;670;1238231;1394588;1394589;670;1238231;1394659;670;1238231;1408173;670;1238231;670;1276919;1394565;670;1288788;1288790;1394586;1408174;670;1394552;670;1394561;1394562;670;1394563;670;1394566;1620393;1620394;662;670;1394571;670;1394591;1394592;1394598;1394652;670;1394593;1394636;1394637;1441607;670;1394593;670;1394594;670;1394597;670;1394632;670;1394639;670;1394640;1394663;670;1394650;670;1394651;1394656;670;1394653;670;1394654;670;1394657;1394658;670;1394662;670;1394673;670;1394676;670;1394681;670;1394682;670;1394685;670;1394695;670;1394696;670;1394697;1441608;670;1394697;670;1394700;670;1394701;670;1394704;670;1394705;670;1408173;670;1408174;670;1441608;670;1441609;670;1620393;1620394;662;670;3074611;662;670;3367172;3367232;3367233;662;670;3367177;3367182;3367189;3367237;3367242;662;670;3367179;662;670;3367238;662;670;670,Vibrio parahaemolyticus,0,1,pcuac_only,NA,WP_005455763.1,1
vibrio scophthalmi,45658;45658;662;701176;45658;870967,Vibrio scophthalmi,0,1,pcuac_only,NA,WP_005593433.1,1
tritonibacter mobilis,1265309;1768241;2083206;379347;1265309;379347;204455;292414;379347;379347,Tritonibacter mobilis,0,1,pcuac_only,NA,WP_065329394.1,1
pseudomonas avellanae,1154758;1349821;1420589;1420590;46257;46257,Pseudomonas avellanae,0,1,pcuac_only,NA,WP_005620732.1,1
marinovum algicola,1250539;1265309;1317121;1768241;204455;2588299;2872037;3028379;3468710;379347;42444;1402135;1852022;28211;42444;555512;591205;2854170;3028382;3450447;42444;60890;3028382;367771;42444;42444,Marinovum algicola;Marinovum;Marinovum sp. PR37,0,1,pcuac_only,NA,WP_005647556.1,1
massilia timonae,149698;2861282;47229;883126;47229,Massilia timonae,0,1,pcuac_only,NA,WP_005670987.1,1
pseudomonas ficuserectae,136849;3079592;53410;53707;629260,Pseudomonas ficuserectae;Pseudomonas amygdali pv. lachrymans;Pseudomonas syringae group;Pseudomonas amygdali pv. lachrymans str. M301315;Pseudomonas syringae group sp. 247E2,0,1,pcuac_only,NA,WP_005746687.1,1
pseudomonas amygdali,129137;47877;129138;47877;251698;34065;53410,Pseudomonas amygdali;Pseudomonas amygdali pv. morsprunorum,0,1,pcuac_only,NA,WP_005753166.1,1
bartonella bacilliformis,1206782;1293905;1293907;1293908;1293909;774;1293904;1293910;1427331;1427332;1427333;360095;774;1293906;774;1293911;774,Bartonella bacilliformis;Bartonella bacilliformis Ver097,0,1,pcuac_only,NA,WP_005768118.1,1
bartonella elizabethae,1094554;1094555;807,Bartonella elizabethae;Bartonella elizabethae Re6043vi;Bartonella elizabethae F9251 = ATCC 49927,0,1,pcuac_only,NA,WP_005774394.1,1
sagittula stellata,388399;52603,Sagittula stellata;Sagittula stellata E-37,0,1,pcuac_only,NA,WP_005860266.1,1
bartonella alsatica,1094551;52764,Bartonella alsatica;Bartonella alsatica IBS 382,0,1,pcuac_only,NA,WP_005866425.1,1
pseudomonas coronafaciens,129135;136849;200454;251700;129135;53409;136849;200454;235275;235276;235277;251653;251700;53409;563797;83964;251700;53409,Pseudomonas coronafaciens;Pseudomonas coronafaciens pv. zizaniae,0,1,pcuac_only,NA,WP_005888622.1,1
brucella ovis,1169230;1169231;1169232;1198678;1293912;1293913;1293914;1293915;1293916;1293917;1293918;1293919;1293920;1293921;236;444178,Brucella ovis;Brucella ovis ATCC 25840;Brucella ovis 63/96;Brucella ovis 80/125;Brucella ovis 81/8;Brucella ovis F8/05B;Brucella ovis IntaBari-2009-88-3;Brucella ovis IntaBari-2009-88-4;Brucella ovis IntaBari-2010-47-268;Brucella ovis IntaBari-2010-47-871;Brucella ovis IntaBari-2002-82-58;Brucella ovis IntaBari-2001-319-5096;Brucella ovis IntaBari-2001-319-4082;Brucella ovis IntaBari-2008-114-542;Brucella ovis IntaBari-1993-758;Brucella ovis IntaBari-2006-46-348,0,1,pcuac_only,NA,WP_005977594.1,1
ruegeria lacuscaerulensis,55218;55218;644107,Ruegeria lacuscaerulensis,0,1,pcuac_only,NA,WP_170761854.1,1
vibrio mediterranei,1219069;689;1517681;2802577;2998830;391591;662;689;689,Vibrio mediterranei,0,1,pcuac_only,NA,WP_006070201.1,1
shewanella baltica,22;2604451;2926851;3063537;3063538;325240;399599;402882;62322;693970;693971;693972;693973;693974;22;2855505;62322;22;2991940;407976;62322;22;3063538;3063539;62322;22;50422;62322;62322,Shewanella baltica,0,1,pcuac_only,NA,WP_006083030.1,1
brucella melitensis,1160216;1905698;1905699;1906855;1909733;1912098;1912099;1927136;234;29459;1160219;29459;29459,Brucella melitensis,0,1,pcuac_only,NA,WP_006137961.1,1
mesorhizobium amorphae,1082933;71433;3346707;3346708;68287;71433;71433,Mesorhizobium amorphae,0,1,pcuac_only,NA,WP_006200452.1,1
achromobacter piechaudii,1216977;72556;742159;72556,Achromobacter piechaudii,0,1,pcuac_only,NA,WP_006216329.1,1
achromobacter marplatensis,222;3341846;3341847;3341861;3341866;470868;222;3711943;470868;470868,Achromobacter;Achromobacter marplatensis;Achromobacter sp. 18P8.1.1,0,1,pcuac_only,NA,WP_006224757.1,1
achromobacter xylosoxidans,1003200;1287735;222;3085821;85698;1167634;222;3462570;3469812;85698;1167634;85698;1216976;2202897;222;3469812;562971;85698;1216976;2202897;222;562971;85698;1287736;1295134;222;2942203;2975407;85698;1350469;85698;222;3462570;85698;762376;85698;85698,Achromobacter xylosoxidans,0,1,pcuac_only,NA,WP_006389846.1,1
achromobacter insuavis,1003200;1287735;1287735;1287735;134375;1806493;1806496;1806501;222;1287735;134375;1806493;1806501;222;1287735;1806496;222,Achromobacter insuavis,0,1,pcuac_only,NA,WP_006391838.1,1
thiomicrospira aerophila,717772;92245,Thiomicrospira aerophila;Thiomicrospira aerophila AL3,0,1,pcuac_only,NA,WP_006459245.1,1
brucella intermedia,1234597;234;3379097;641118;94625;1444311;94625;234;3075483;391287;94625;234;3121516;391287;94625;234;3453707;94625;234;391287;94625;2735351;2826938;370111;936132;94625;94625,Brucella intermedia,0,1,pcuac_only,NA,WP_006465774.1,1
bartonella birtlesii,1094552;111504;1095900;111504;1201034;1201035;1202451,Bartonella birtlesii;Bartonella birtlesii IBS 325;Bartonella birtlesii E7;Bartonella birtlesii E11;Bartonella birtlesii E4,0,1,pcuac_only,NA,WP_006590022.1,1
bradyrhizobium lupini,1229491;136996;136996;136996;255045;3691820;3691838;3691839;374,Bradyrhizobium lupini,0,1,pcuac_only,NA,WP_006697445.1,1
vibrio ichthyoenteri,142461;870968,Vibrio ichthyoenteri;Vibrio ichthyoenteri ATCC 700023,0,1,pcuac_only,NA,WP_006711070.1,1
agrobacterium albertimagni,1156935;147266,Agrobacterium albertimagni;Agrobacterium albertimagni AOL15,0,1,pcuac_only,NA,WP_006728532.1,1
candidatus bartonella,1094563;186739;1094564;186739,Candidatus Bartonella washoeensis;Cardidatus Bartonella washoeensis 085-0475,0,1,pcuac_only,NA,WP_006923738.1,1
roseibium aggregatum,1397530;1397531;187304;1936156;2720390;2723402;2821108;2821832;2857014;3466777;187304;187304;1936171;2723402;2821108;2821832;3016006;187304;384765,Roseibium aggregatum,0,1,pcuac_only,NA,WP_006933517.1,1
idiomarina baltica,135575;1794809;190892;135575;1874361;190892;314276;352961,Idiomarina;Idiomarina baltica;Idiomarina sp. T82-3,0,1,pcuac_only,NA,WP_006954328.1,1
paraglaciecola mesophila,1128912;197222;197222,Paraglaciecola mesophila,0,1,pcuac_only,NA,WP_006991683.1,1
teichococcus cervicalis,204525;204525;525371,Teichococcus cervicalis,0,1,pcuac_only,NA,WP_007003935.1,1
nitratireductor aquibiodomus,1189611;204799;1231180;204799;28211;2950541;3435013;379347;889300;1231185;204799;204799;245876;2762059,Alphaproteobacteria;Nitratireductor aquibiodomus;Tritonibacter mobilis;Nitratireductor aquimarinus;Nitratireductor pacificus;Nitratireductor sp. GZWM139;Nitratireductor sp. PBL-C9,0,1,pcuac_only,NA,WP_007010764.1,1
bermanella marisrubri,207949,Bermanella marisrubri,0,1,pcuac_only,NA,WP_007018770.1,1
thiorhodococcus drewsii,210408;765913,Thiorhodococcus drewsii;Thiorhodococcus drewsii AZ1,0,1,pcuac_only,NA,WP_007038827.1,1
hydrocarboniphaga effusa,1172194;2033016;243627;243629,Hydrocarboniphaga;Hydrocarboniphaga effusa;Hydrocarboniphaga effusa AP103;Hydrocarboniphaga sp.,0,1,pcuac_only,NA,WP_007186574.1,1
yoonia vestfoldensis,1122181;245188;245188;245188;314232,Yoonia vestfoldensis,0,1,pcuac_only,NA,WP_019955098.1,1
oceanicola granulosus,252302;314256,Oceanicola granulosus;Oceanicola granulosus HTCC2516,0,1,pcuac_only,NA,WP_007254614.1,1
bartonella rattimassiliensis,1094556;270250,Bartonella rattimassiliensis;Bartonella rattimassiliensis 15908,0,1,pcuac_only,NA,WP_007347320.1,1
oceaniovalibus guishaninsula,1046117;1231392;1231392;28211;2867245;2933292,Alphaproteobacteria;Oceaniovalibus guishaninsula JLT2003;Qipengyuania huizhouensis;Paracoccus maritimus,0,1,pcuac_only,NA,WP_007427073.1,1
photobacterium marinum,1056511,Photobacterium marinum,0,1,pcuac_only,NA,WP_007465183.1,1
bartonella melophagi,1094557;291176,Bartonella melophagi;Bartonella melophagi K-2C,0,1,pcuac_only,NA,WP_007476210.1,1
paraglaciecola psychrophila,1129794;326544,Paraglaciecola psychrophila;Paraglaciecola psychrophila 170,0,1,pcuac_only,NA,WP_007636004.1,1
martinezella rhizogenes,1144306;359;82115;1183410;359;82115;1220581;311403;359;2862866;2937784;3017320;3061957;359;82115;3020524;359;82115;359,Martinezella rhizogenes,0,1,pcuac_only,NA,WP_269710329.1,1
salipiger bermudensis,2078585;263377;344736;314265;344736;344736,Salipiger bermudensis,0,1,pcuac_only,NA,WP_207077178.1,1
brucella pseudogrignonensis,234;3075480;419475;234;419475;52132;419475,Brucella pseudogrignonensis,0,1,pcuac_only,NA,WP_007873016.1,1
paraglaciecola chathamensis,1125747;368405;1127672;1621534;1765024;1920173;368405;368405,Paraglaciecola chathamensis,0,1,pcuac_only,NA,WP_007986962.1,1
rhodobacter ferrooxidans,371731,Rhodobacter ferrooxidans,0,1,pcuac_only,NA,WP_008029260.1,1
attibartonella tamiae,1094558;1094559;373638,Attibartonella tamiae;Bartonella tamiae Th239;Bartonella tamiae Th307,0,1,pcuac_only,NA,WP_008038035.1,1
vibrio sinaloensis,379097;379097;945550,Vibrio sinaloensis,0,1,pcuac_only,NA,WP_038189526.1,1
unclassified pseudomonas,1026793;196821;2899116;2920387;306;3093713;3093714;3364484;3400350;3401594;3470410;1028989;196821;2931984;2957506;1144340;196821;3364460;1156313;196821;212119;212200;1179778;196821;306;1259801;196821;2993596;1261624;1261626;1261628;1261633;196821;1261625;1283289;196821;1265480;1265481;1265485;196821;1265490;1283290;1305834;196821;1283291;196821;306;3390196;1338438;196821;3153767;1476791;196821;3029169;1529208;196821;2009077;2009153;1554560;1566190;1566192;196821;1566202;1566218;1566220;1566223;1566239;196821;1566228;1566231;196821;2070578;2070581;2070585;2070587;2751327;2751328;2751329;2751330;2751331;2751332;2751333;2751334;2751335;2751339;1566238;1566241;196821;1573714;196821;2914043;322535;1619948;196821;2854765;1661057;1661058;196821;1729582;1729583;196821;1735680;196821;2201171;1736561;196821;2448263;2448269;1755504;196821;2567894;2603214;3090665;3252652;1758177;1758730;1758731;1763882;196821;181579;196821;2817387;2817392;2817397;2937878;1821274;196821;2772300;1855328;196821;3364441;1947321;196821;306;196821;1981674;1981693;1981703;1981706;1981708;1981709;306;196821;1981695;1981713;196821;1981710;1981740;1981741;196821;2009053;2009078;196821;2013577;3237018;196821;2054914;2866278;2940607;3364452;196821;2056244;2971618;196821;2060418;3688084;196821;2075552;2751346;196821;2083052;3144667;196821;2083053;2841063;3112956;3344560;3344562;196821;2201998;3095362;196821;2202159;2202161;196821;2559075;3406691;196821;2615213;3400357;196821;2651296;2929052;2939693;196821;2662194;2662197;196821;2662195;2662198;2662199;2662200;2662201;196821;2678261;3081296;196821;2697651;2697652;196821;2717480;2717481;196821;2717483;2717484;196821;2717489;2717490;2717492;2717493;196821;2724470;2895470;306;3688101;196821;2738448;2738452;196821;2745385;2895485;196821;2749999;2903147;196821;2769257;2769275;2769285;2936269;196821;2775306;2775310;196821;2790281;3240394;196821;2804563;2804614;196821;2804571;2804663;196821;2804761;3465257;196821;2813560;2899114;3344818;196821;2817386;2817390;2817393;2817394;2817395;2817396;2817416;2817417;2937881;196821;2817399;2817412;2817413;196821;2817402;2817404;2817405;2817406;2937877;196821;2817407;2817415;196821;2817409;2937882;196821;2817414;2937883;196821;2821127;3399679;196821;2828861;3110111;196821;2832368;2832369;2832370;2832371;2832377;3233494;3233495;3233499;3233508;3351469;196821;2834067;2834068;196821;2860318;2860319;196821;2884805;3591848;3591849;196821;2893373;3141456;196821;2895483;3458702;196821;2908652;3050941;3050942;307594;3688113;196821;2914835;2914979;196821;2954087;306;3364482;196821;2956728;488747;196821;2971616;3711949;196821;2971619;2971620;196821;2975366;2975433;196821;2975388;2975393;3470626;196821;2975394;2975419;2975425;196821;2975398;2975414;196821;2976979;306;196821;2998079;3028807;196821;3003626;3136790;3136791;196821;3048622;3048623;196821;3055782;3055783;196821;3055786;3055788;3055789;196821;3075582;3075583;3075584;196821;3080333;3229880;3364419;196821;3088687;3088708;3088713;196821;3088694;3088701;196821;3088695;3088704;3088710;3364442;196821;3112250;3112251;196821;3118751;3118752;196821;3135229;3135254;196821;3137730;3233492;3233505;196821;3162567;3364471;196821;3233446;3233449;3233451;196821;3243009;3243061;196821;3252650;3569109;196821;3364420;3390630;196821;3364425;3364428;196821;3364426;3364427;196821;3364434;3364435;196821;3364476;3364478;196821;3367263;3367265;196821;3378858;3378859;3378860;3378861;3378862;3378863;3378864;196821;3399122;3477823;196821;3416058;3470455;3691849;196821;3451354;3451355;3451356;196821;3470525;3688094;196821;3591848;3591849;196821;3681989;3682015;3682016;196821;3682001;3682004;196821;3682017;3682018;3682019;3682020;3682021;3682022,unclassified Pseudomonas;Pseudomonas sp. S9433;Pseudomonas sp. S9602,0,1,pcuac_only,NA,WP_463536794.1,1
achromobacter arsenitoxydans,1147684;477184,Achromobacter arsenitoxydans SY8;Achromobacter arsenitoxydans,0,1,pcuac_only,NA,WP_008159746.1,1
roseibium alexandrii,244592;388408;388408,Roseibium alexandrii,0,1,pcuac_only,NA,WP_008190227.1,1
rheinheimera nanhaiensis,1163621;562729,Rheinheimera nanhaiensis E407-8;Rheinheimera nanhaiensis,0,1,pcuac_only,NA,WP_008217777.1,1
hyphomonas adhaerens,1288298;1629709;1852029;2072972;215743;2203213;28211;3028380;3028386;3046694;3140368;3450442;391613;505353;555512;81029;1969699;28211;293089;81029;28211;505353;81029,Alphaproteobacteria;Hyphomonas adhaerens;Martelella mediterranea;Martelella sp.,0,1,pcuac_only,NA,WP_008282825.1,1
rhodovulum adriaticum,1122614;1224;1229727;1250539;1379903;1461694;1609966;1614693;1775170;1775175;1872427;1915315;1977912;2009329;2081710;215813;221822;2364881;252305;254406;2587858;2588299;2697319;282683;2917734;3029979;314265;314271;321267;3368565;3368566;3368569;3373893;3379095;344736;3477727;35804;375761;391948;398580;441112;481446;555512;591205;60137;60890;35804,Rhodovulum adriaticum,0,1,pcuac_only,NA,WP_132603623.1,1
maritimibacter alkaliphilus,2570355;314271;404235,Maritimibacter alkaliphilus HTCC2654;Maritimibacter;Maritimibacter alexandrii,0,1,pcuac_only,NA,WP_008334146.1,1
brucella inopinata,1218315;1867845;234;2691913;2730447;2769351;2821140;3145119;470735;1218315;234;693750,Brucella;Brucella sp. BO2;Brucella inopinata,0,1,pcuac_only,NA,WP_008503894.1,1
brucella ceti,120577;234;437701,Brucella;Brucella ceti;Brucella sp. F5/99,0,1,pcuac_only,NA,WP_008537107.1,1
stutzerimonas degradans,2968968,Stutzerimonas degradans,0,1,pcuac_only,NA,WP_008568725.1,1
alishewanella aestuarii,1197174;453835,Alishewanella aestuarii;Alishewanella aestuarii B11,0,1,pcuac_only,NA,WP_008609312.1,1
thermus parvatiensis,456163,Thermus parvatiensis,0,1,pcuac_only,NA,WP_008633917.1,1
aliiglaciecola lipolytica,1127673;477689;1406885;3127654;477689;477689,Aliiglaciecola lipolytica,0,1,pcuac_only,NA,WP_216048709.1,1
mesorhizobium metallidurans,1297569;489722,Mesorhizobium metallidurans;Mesorhizobium metallidurans STM 2683,0,1,pcuac_only,NA,WP_008874247.1,1
thalassospira profundimaris,1177928;1912094;28211;2841589;502049;1177928;502049;168934;3037796;502049;168934;3457314;502049;168934;501834;502049;502049,Thalassospira;Thalassospira profundimaris;Thalassospira aquimaris,0,1,pcuac_only,NA,WP_114098953.1,1
unclassified brucella,1149952;1844037;2632610;1844034;1844040;1844051;2632610;1844045;1844048;2592625;2632610;2632610;2975050;2975051;2632610;3121517;3121521;2632610;3419591;3419592;520449;693748,unclassified Brucella;Brucella sp. IR073;Brucella sp. SA075A,0,1,pcuac_only,NA,WP_008935145.1,1
oceanibaculum indicum,1207063;526216;526216,Oceanibaculum indicum,0,1,pcuac_only,NA,WP_008946154.1,1
alishewanella jeotgali,111142;1129374;1856684,Alishewanella;Alishewanella jeotgali KCTC 22429;Alishewanella sp. HH-ZS,0,1,pcuac_only,NA,WP_008950982.1,1
photobacterium leiognathi,1001530;48408;553611;48408;553611;553611,Photobacterium leiognathi subsp. mandapamensis;Photobacterium leiognathi,0,1,pcuac_only,NA,WP_008989750.1,1
sulfuricella denitrificans,1163617;649841,Sulfuricella denitrificans;Sulfuricella denitrificans skB26,0,1,pcuac_only,NA,WP_009204924.1,1
aurantimonas coralicida,1121027;182269;182270;2818434;1121027;182270;255475;287752;2917712;182270,Aurantimonas coralicida,0,1,pcuac_only,NA,WP_024350186.1,1
pseudomonas bharatica,1005395;2692112;1005395;286;2975429;2692112;2692112;286;3409857,Pseudomonas bharatica,0,1,pcuac_only,NA,WP_009394305.1,1
nitratireductor indicus,1231190;721133;721133,Nitratireductor indicus,0,1,pcuac_only,NA,WP_009451577.1,1
microvirga lotononidis,864069,Microvirga lotononidis,0,1,pcuac_only,NA,WP_009490636.1,1
salipiger aestuarii,568098,Salipiger aestuarii,0,1,pcuac_only,NA,WP_009502825.1,1
salipiger thiooxidans,1486281;1590614;1915318;204455;2651829;282683;3415129;407234;204455;2587855;2706776;282683;3241296;3449738;3449739;3449741;2078585;263377;282683;499810;282683,Salipiger thiooxidans,0,1,pcuac_only,NA,WP_089954431.1,1
celeribacter baekdonensis,1208323;875171;1236613;2854170;875171;875171,Celeribacter baekdonensis,0,1,pcuac_only,NA,WP_009573056.1,1
phaeobacter italicus,1208323;1236613;1758178;204455;2820523;481446;875171;2854170;2943193;481446;481446,Phaeobacter italicus,0,1,pcuac_only,NA,WP_050673729.1,1
xanthomonas graminis,1195885;134874;3390026,Xanthomonas graminis pv. graminis;Xanthomonas graminis pv. graminis ART-Xtg29;Xanthomonas graminis,0,1,pcuac_only,NA,WP_009589384.1,1
pseudomonas citronellolis,114707;1502784;1608908;1862318;1862324;2576830;2576831;2576832;2576833;2576834;2576835;2576836;286;53408;95619;1215097;53408;1524461;2774873;286;47660;53408;1582493;286;53408;286;2928708;53408;286;410021;53408;53408,Pseudomonas citronellolis,0,1,pcuac_only,NA,WP_009616191.1,1
pseudomonas juntendi,1327558;1661035;1661041;1661043;1661044;1661061;2597770;2666183;286;2952243;306;985010;1661059;1947306;1947308;1947310;2213078;2479852;2605744;2666183;2853444;286;2939495;2213079;2567895;2666183;286;2993594;2662033;2666183;286;3367160;3367161;3367162;3367163;3367168;3367178;3367219;3367223;3367227;3367228;3367246;3367250;3367258;2666183;2666183;286;2866591;2899657;306,Pseudomonas juntendi,0,1,pcuac_only,NA,WP_009685905.1,1
pseudooceanicola batsensis,252305;314255,Pseudooceanicola batsensis HTCC2597;Pseudooceanicola batsensis,0,1,pcuac_only,NA,WP_009805516.1,1
phaeobacter inhibens,1225657;1454818;1580596;1971739;204455;221822;2508306;2508307;2815167;2818494;2818495;2818496;2909982;3112451;3112461;3112466;3112501;314262;3403458;393278;687412;1580596;221822;302485;999548;221822;221822;2818494;2818495;302485;383629;221822;391619,Phaeobacter inhibens,0,1,pcuac_only,NA,WP_014875322.1,1
vibrio tasmaniensis,1191323;212663;3230003;3230005;3230008;3230011;662;212663;212663;314290;3229603;3229662;3229982;3230000;662;693153;212663;3229599;3229600;3229601;3229602;3229604;3229605;3229606;3229607;3229608;3229609;3229610;3229612;3229613;3229617;3229619;3229621;3229626;3229627;3229628;3229642;3229644;3229697;3229701;3230001;3230002;3230012;3230013;662;693153,Vibrio tasmaniensis,0,1,pcuac_only,NA,WP_009845847.1,1
verminephrobacter aporrectodeae,1110389;1110392;1110389;1110392;565443,Verminephrobacter aporrectodeae;Verminephrobacter aporrectodeae subsp. tuberculatae,0,1,pcuac_only,NA,WP_010104011.1,1
pseudomonas simiae,1144885;286;3040318;321846;3233448;3233450;3233491;321846,Pseudomonas simiae,0,1,pcuac_only,NA,WP_010209803.1,1
pseudomonas donghuensis,1163398;1163398;1573704;2834408;286;2962032,Pseudomonas donghuensis,0,1,pcuac_only,NA,WP_010222377.1,1
paracoccus kondratievae,135740;135740;265;412597;935850,Paracoccus kondratievae,0,1,pcuac_only,NA,WP_010394485.1,1
rickettsia helvetica,1144888;35789,Rickettsia helvetica;Rickettsia helvetica C9P9,0,1,pcuac_only,NA,WP_010422055.1,1
ruegeria conchae,3437407;97050;981384;3437411;3437416;3437434;3437536;3437624;3437690;97050;981384;3437506;3437507;97050;981384,Ruegeria;Ruegeria conchae;Ruegeria sp. AA3,0,1,pcuac_only,NA,WP_170541457.1,1
vibrio rotiferianus,1224743;190895;1224743;190895;2819098;662;987060;190895;190895;987060,Vibrio rotiferianus,0,1,pcuac_only,NA,WP_029560952.1,1
acidovorax radicis,758826;999386;999394,Acidovorax radicis;Acidovorax radicis N35;Acidovorax radicis N35v,0,1,pcuac_only,NA,WP_010466276.1,1
pseudomonas segetis,286;298908;686578,Pseudomonas;Pseudomonas segetis;Pseudomonas sp. S9,0,1,pcuac_only,NA,WP_010487362.1,1
sphingomonas elodea,1081640;179878,Sphingomonas elodea;Sphingomonas elodea ATCC 31461,0,1,pcuac_only,NA,WP_010542914.1,1
pseudoalteromonas arctica,1117313;2759847;2792067;394751;53246;1333519;1333520;2058300;2792061;2792062;2792064;2792068;3140433;394751;53246;888433;394751,Pseudoalteromonas arctica,0,1,pcuac_only,NA,WP_010554261.1,1
uncultured pseudomonas,1117958;114707;286;3074860;359110;114707;114707;1947311;114707;2759848;114707;286;3388343;459637;485895;114707;485898;114707;592361,uncultured Pseudomonas sp.,0,1,pcuac_only,NA,WP_090255407.1,1
bartonella bovis,1094491;155194;1094492;155194,Bartonella bovis;Bartonella bovis m02,0,1,pcuac_only,NA,WP_010700628.1,1
bartonella schoenbuchensis,1094496;165694;165694;165694;236402;773;165694;687861,Bartonella schoenbuchensis,0,1,pcuac_only,NA,WP_010703220.1,1
pseudomonas luteola,1203578;1947316;1947337;2806614;286;306;47886;1215106;1947330;243924;2678690;286;306;47886;1947312;2479392;286;3055057;306;47886;2806615;286;47886;286;306;47886;47886,Pseudomonas;Pseudomonas luteola;Pseudomonas sp. JZ134,0,1,pcuac_only,NA,WP_010795242.1,1
cupriavidus necator,1042878;106589;106590;1478019;106589;106590;1218105;1229514;381666;106589;106590;3160989;3701369;106590;106590;1304882;106590;53482,Cupriavidus necator,0,1,pcuac_only,NA,WP_010813292.1,1
plesiomonas shigelloides,1315976;703;1339230;702;703;703,Plesiomonas shigelloides,0,1,pcuac_only,NA,WP_010864750.1,1
mesorhizobium japonicum,2066070;266835,Mesorhizobium japonicum MAFF 303099;Mesorhizobium japonicum,0,1,pcuac_only,NA,WP_010911588.1,1
agrobacterium fabrum,1176649;1176649;1183433;1176649;176299,Agrobacterium fabrum,0,1,pcuac_only,NA,WP_421397991.1,1
rickettsia conorii,272944;781;369822;781,Rickettsia conorii;Rickettsia conorii subsp. raoultii,0,1,pcuac_only,NA,WP_010977471.1,1
colwellia psychrerythraea,167879;28229;28229,Colwellia psychrerythraea,0,1,pcuac_only,NA,WP_011045480.1,1
ruegeria pomeroyi,246200;89184;2916756;89184;97050;89184,Ruegeria pomeroyi,0,1,pcuac_only,NA,WP_011046724.1,1
pseudomonas protegens,1124983;1420599;1890668;286;380021;1566204;1566205;1566206;1566207;1566226;1566227;1566232;1862317;1862323;220664;286;2940606;3456022;380021;1566208;1566210;1566211;1566212;1566214;1566225;2751353;286;380021;2497146;2717478;2834407;286;2895496;2942628;306;380021;2799184;286;3085767;3085785;3570403;380021;2802572;286;380021;2813574;286;3065906;380021;286;2942628;380021;286;3025319;380021;286;3376143;3376144;380021;380021,Pseudomonas protegens,0,1,pcuac_only,NA,WP_330756523.1,1
shewanella oneidensis,211586;22;2766780;70863,Shewanella;Shewanella oneidensis;Shewanella oneidensis MR-1;Shewanella cutis,0,1,pcuac_only,NA,WP_011073653.1,1
vibrio vulnificus,1112911;196600;3025223;662;672;748003;1219061;1229202;1246305;2024409;662;672;766729;216895;672;672;672;914127,Vibrio vulnificus,0,1,pcuac_only,NA,WP_011082132.1,1
bradyrhizobium diazoefficiens,1325082;1325087;1355477;3140239;3140247;3239014;3240369;3344829;3351346;3470475;374;754504;1355477;1355477;224911;3239013;374,Bradyrhizobium diazoefficiens,0,1,pcuac_only,NA,WP_200493749.1,1
rhodopseudomonas palustris,1073;1076;2269368;2269370;3114287;3434357;1073;1076;3034676;1076;1076;258594;1076;316056;1076;316058;1076;395960,Rhodopseudomonas palustris,0,1,pcuac_only,NA,WP_011158480.1,1
thermus thermophilus,1123386;270;274;275;2862456;88190;1316935;270;274;275;300852;262724;274;274;274;762633;274;798128,Thermus thermophilus,0,1,pcuac_only,NA,WP_028493602.1,1
bartonella quintana,1134501;1134502;1134503;1134504;1134505;1134506;1134507;1402974;1402975;1402976;1402977;1402978;283165;803;803,Bartonella quintana,0,1,pcuac_only,NA,WP_011178893.1,1
bartonella henselae,1134508;1134509;1402979;1402980;1402981;1402982;283166;38323;38323,Bartonella henselae,0,1,pcuac_only,NA,WP_011180027.1,1
photobacterium profundum,298386;74109;314280;74109;74109,Photobacterium profundum,0,1,pcuac_only,NA,WP_011221940.1,1
idiomarina loihiensis,1321370;135575;135577;1874361;1946640;1946642;1946643;283942;352961;135575;135577;2183987;135575;135577;2665225;2665226;2665227;135575;135577;3095365;135577,Idiomarina loihiensis,0,1,pcuac_only,NA,WP_153826812.1,1
rickettsia felis,1359195;1359196;315456;42862;3400632;42862;780;42862,Rickettsia;Rickettsia felis;Rickettsia sp. MAE-05,0,1,pcuac_only,NA,WP_011271239.1,1
nitrobacter winogradskyi,323098;913;913,Nitrobacter winogradskyi,0,1,pcuac_only,NA,WP_011315123.1,1
hahella chejuensis,158327;158481;2847262;3422590;158327;349521,Hahella chejuensis;Hahella;Hahella sp. HN01;Hahella sp. NBU794,0,1,pcuac_only,NA,WP_011396873.1,1
rhizobium etli,1136135;379;538025;1328306;29449;1432050;29449;29449;29449;347834,Rhizobium etli,0,1,pcuac_only,NA,WP_011425500.1,1
novosphingobium aromaticivorans,279238;48935,Novosphingobium aromaticivorans;Novosphingobium aromaticivorans DSM 12444,0,1,pcuac_only,NA,WP_011445703.1,1
methylobacillus flagellatus,265072;404;56818;3383245;404;405;405,Methylobacillus;Methylobacillus flagellatus;Methylobacillus sp. Pita2,0,1,pcuac_only,NA,WP_137720192.1,1
shewanella denitrificans,192073;318161,Shewanella denitrificans;Shewanella denitrificans OS217,0,1,pcuac_only,NA,WP_011497895.1,1
nitrobacter hamburgensis,323097;912,Nitrobacter hamburgensis;Nitrobacter hamburgensis X14,0,1,pcuac_only,NA,WP_011510669.1,1
pseudomonas entomophila,286;2986964;312306;312306;312306;384676,Pseudomonas entomophila,0,1,pcuac_only,NA,WP_181095445.1,1
chelativorans multitrophicus,449972;449973;449974,Chelativorans;Chelativorans multitrophicus;Chelativorans oligotrophicus,0,1,pcuac_only,NA,WP_246259403.1,1
granulibacter bethesdensis,1052095;364410;364410;364410;391165,Granulibacter bethesdensis,0,1,pcuac_only,NA,WP_011631567.1,1
psychromonas ingrahamii,357794;357804,Psychromonas ingrahamii;Psychromonas ingrahamii 37,0,1,pcuac_only,NA,WP_011771668.1,1
marinobacter nauticus,1163748;2742;2743;2755064;1397532;2742;2743;1742860;2742;2743;3003349;187379;1946823;2742;2743;3050453;3450440;351348;50741;2743,Marinobacter nauticus,0,1,pcuac_only,NA,WP_072677835.1,1
paracidovorax citrulli,397945;80869;80869,Paracidovorax citrulli,0,1,pcuac_only,NA,WP_011795026.1,1
unclassified diaphorobacter,1933219;1934310;2649760;2866628;3699252;2649760;2792224;3016636,Diaphorobacter sp. LR2014-1;Diaphorobacter sp.;unclassified Diaphorobacter;Diaphorobacter sp. MNS-0;Diaphorobacter sp. B2A2W2,0,1,pcuac_only,NA,WP_011806461.1,1
verminephrobacter eiseniae,364317;364317;391735,Verminephrobacter eiseniae,0,1,pcuac_only,NA,WP_265306999.1,1
shewanella loihica,323850;359303,Shewanella loihica PV-4;Shewanella loihica,0,1,pcuac_only,NA,WP_011864347.1,1
polynucleobacter asymbioticus,312153;576611;576611,Polynucleobacter asymbioticus,0,1,pcuac_only,NA,WP_234397320.1,1
cereibacter azotoformans,43057,Cereibacter azotoformans,0,1,pcuac_only,NA,WP_011910059.1,1
xanthobacter versatilis,78245,Xanthobacter versatilis,0,1,pcuac_only,NA,WP_011996076.1,1
ectopseudomonas hydrolytica,135621;2493633;2975439;2493633,Ectopseudomonas hydrolytica,0,1,pcuac_only,NA,WP_012019643.1,1
uncultured bradyrhizobium,1215384;1654716;199684;3457316;374;376;199684;199684;2734912;288000;374;376;199684;376,uncultured Bradyrhizobium sp.,0,1,pcuac_only,NA,WP_298885878.1,1
roseiflexus castenholzii,120962;383372,Roseiflexus castenholzii;Roseiflexus castenholzii DSM 13941,0,1,pcuac_only,NA,WP_012119506.1,1
rickettsia canadensis,1105107;788;293613;788,Rickettsia canadensis;Rickettsia canadensis str. CA410,0,1,pcuac_only,NA,WP_012148552.1,1
rickettsia akari,293614;786,Rickettsia akari;Rickettsia akari str. Hartford,0,1,pcuac_only,NA,WP_012149789.1,1
rickettsia rickettsii,1105100;1105101;1105102;1105103;1105104;1105105;114277;1337396;1338411;3374102;392021;452659;783;114277;481009;783,Rickettsia rickettsii;spotted fever group;Rickettsia philipii str. 364D,0,1,pcuac_only,NA,WP_012151029.1,1
dinoroseobacter shibae,215813;3028384;309512;398580,Dinoroseobacter shibae;Dinoroseobacter;Dinoroseobacter shibae DFL 12 = DSM 16493;Dinoroseobacter sp. PD6,0,1,pcuac_only,NA,WP_012179246.1,1
bartonella tribocorum,3019088;773;85701;382640;85701;85701,Bartonella;Bartonella tribocorum;Bartonella sp. AU16XJBT,0,1,pcuac_only,NA,WP_012230373.1,1
bordetella petrii,1416805;517;935860;1983456;517;935861;935861;94624;94624,Bordetella petrii,0,1,pcuac_only,NA,WP_012251559.1,1
methylobacterium radiotolerans,1479019;31998;407;409;2817858;2817859;3156439;3156440;31998;3469715;3469724;3469730;3469732;3469735;3469738;407;31998;31998;334852;407;31998;3453885;407;426355;31998;426355,Methylobacterium;Methylobacterium radiotolerans;Methylobacterium oryzae,0,1,pcuac_only,NA,WP_012322262.1,1
unclassified methylobacterium,1172187;2615210;2813779;3156404;1502746;1761798;2615210;1736242;1736247;2615210;1736259;2615210;3473867;2603816;2615210;739139;2603888;2603892;2603895;2615210;2836573;3367370;2615210;2782009;3681381;2615210;3138063;426117;2615210;3232520;3232647;2615210;3364148;3364149;3364150;3364151;3364152;3364153;3364154;3364155;3364156;3364157;3364158;3364159;3364160;3364162;3364163;3364164;3364165;3364166;3364167;3364168;3364169;3364170;3364171;3364172;3364173;3364174;3364175;3364176;3364177;3364178;3364179;3364180;3390589;3390591;3390592,unclassified Methylobacterium;Methylobacterium sp. P3_A11;Methylobacterium sp. P5_C11,0,1,pcuac_only,NA,WP_147858158.1,1
cupriavidus taiwanensis,1040978;164546;106589;164546;2919926;106589;164546;3109596;3711952;106589;164546;942866;164546;164546;977880,Cupriavidus taiwanensis,0,1,pcuac_only,NA,WP_012351488.1,1
bordetella avium,360910;521;521,Bordetella avium,0,1,pcuac_only,NA,WP_012416690.1,1
xanthomonas campestris,1182783;1211707;1281282;1281283;1281284;1357995;1357996;1357999;1358001;1358002;1358004;1358005;1358006;1358009;1358010;1358011;1358012;1358013;1358014;1358015;1358016;1358017;1358019;190485;314565;329463;338;339;340;359385;487540;92826;990315;1357997;339;340;359385;1357998;1358000;1358003;1358008;339;340;359385;339;339;340;339;340;359385;461406;339;359385,Xanthomonas campestris,0,1,pcuac_only,NA,WP_012438417.1,1
alteromonas mediterranea,1004786;1300254;1300258;1300259;314275;1300255;1300256;1300257;314275;1774373;314275;226;232;314275;226;314275;3456072;314275,Alteromonas mediterranea,0,1,pcuac_only,NA,WP_479382286.1,1
aliivibrio salmonicida,316275;40269;40269,Aliivibrio salmonicida,0,1,pcuac_only,NA,WP_012552085.1,1
rhodospirillum centenum,34018;414684,Rhodospirillum centenum;Rhodospirillum centenum SW,0,1,pcuac_only,NA,WP_012568644.1,1
persephonella marina,123214;182899;2060922,Persephonella marina EX-H1;Persephonella;Persephonella sp.,0,1,pcuac_only,NA,WP_012675903.1,1
laribacter hongkongensis,1122157;168471;168471;168471;557598,Laribacter hongkongensis,0,1,pcuac_only,NA,WP_012696487.1,1
sinorhizobium fredii,1117943;1128329;1128331;380;1128330;1128332;1128333;1128334;1128335;1230631;380;1185652;380;380;380;394;380;882101,Sinorhizobium fredii,0,1,pcuac_only,NA,WP_012708091.1,1
rickettsia parkeri,1105108;1359189;1359203;35792;114277;1144280;347255;35792;1359202;35792,Rickettsia parkeri;Rickettsia parkeri str. AT#24,0,1,pcuac_only,NA,WP_012719855.1,1
pseudomonas marginalis,136843;2899822;298;1881063;216595;2810293;286;298;286;298;3040598;3688112;298,Pseudomonas marginalis;Pseudomonas fluorescens group;Pseudomonas petroselini,0,1,pcuac_only,NA,WP_012724772.1,1
rickettsia peacockii,47589;562019,Rickettsia peacockii;Rickettsia peacockii str. Rustic,0,1,pcuac_only,NA,WP_012736681.1,1
bartonella grahamii,1415777;33045;634504;1461006;3243582;33045;773;3004106;33045;3243563;3243564;3243565;3243566;3243567;3243568;3243569;3243570;33045;773,Bartonella;Bartonella grahamii;Bartonella sp. OC29QHQL;Bartonella sp. OC41QHQL;Bartonella sp. OC42QHQL;Bartonella sp. OC66QHHN;Bartonella sp. OC68QHHN;Bartonella sp. OC71QHHN;Bartonella sp. OC73QHHN;Bartonella sp. OC74QHHN,0,1,pcuac_only,NA,WP_012754488.1,1
brucella microti,444163;568815,Brucella microti;Brucella microti CCM 4915,0,1,pcuac_only,NA,WP_012783817.1,1
comamonas thiooxydans,1232667;283;2927787;2927788;363952;673550;363952,Comamonas thiooxydans,0,1,pcuac_only,NA,WP_012836800.1,1
meiothermus ruber,1297799;277;504728;172827;277;65551;277,Meiothermus ruber,0,1,pcuac_only,NA,WP_013015126.1,1
sideroxydans lithotrophicus,580332;63745,Sideroxydans lithotrophicus;Sideroxydans lithotrophicus ES-1,0,1,pcuac_only,NA,WP_013028870.1,1
candidatus puniceispirillum,488538;767892,Candidatus Puniceispirillum marinum IMCC1322;Candidatus Puniceispirillum marinum,0,1,pcuac_only,NA,WP_013045874.1,1
thiomonas arsenitoxydans,1660151;32012;426114;1947694;32012;426114;1970447;2047785;32012;426114;426114,Thiomonas;Thiomonas arsenitoxydans;Thiomonas sp. 13-64-67;Thiomonas sp.,0,1,pcuac_only,NA,WP_013104965.1,1
arcobacter nitrofigilis,28199;572480,Arcobacter nitrofigilis;Arcobacter nitrofigilis DSM 7299,0,1,pcuac_only,NA,WP_013134664.1,1
ancylobacter novellus,639283;921,Ancylobacter novellus;Ancylobacter novellus DSM 506,0,1,pcuac_only,NA,WP_013167346.1,1
gallionella capsiferriformans,370405;395494,Gallionella capsiferriformans;Gallionella capsiferriformans ES-2,0,1,pcuac_only,NA,WP_013294010.1,1
ketogulonicigenium vulgare,759362;880591;92945;92945,Ketogulonicigenium vulgare,0,1,pcuac_only,NA,WP_013383150.1,1
rhodomicrobium vannielii,1068;1069;2029567;1069;648757,Rhodomicrobium vannielii;Rhodomicrobium vannielii ATCC 17100,0,1,pcuac_only,NA,WP_088342971.1,1
mesorhizobium ciceri,1040980;2496682;2496683;2496691;2496692;2496693;2496706;2496713;2496714;2496715;2496718;2496721;2496728;39645;68287;1040981;3446363;68287;1871066;2496655;2496684;2496686;2496687;2496688;2496689;2496695;2496698;2496699;2496704;2496708;2496716;2496720;2496730;2496731;2496732;2496733;2496776;2496779;2968497;2968498;3691797;39645;68287;2496671;2496672;2496673;2496674;2496678;2496679;2496680;2496681;2496685;2496696;2496700;2496703;2496705;2496717;2496722;2496723;2496726;2496727;2496734;2496735;2496736;2496737;2496739;2496740;2496744;2496780;2496781;2589900;2589901;2589902;2589904;3033794;3033798;39645;68287;278148;3033799;3033800;3691780;3691825;3691829;39645;68287;39645;765698,Mesorhizobium ciceri;Mesorhizobium;Mesorhizobium sp.;Mesorhizobium sp. M7A.F.Ca.ET.027.02.1.1;Mesorhizobium sp. M7A.F.Ca.CA.001.07.2.1;Mesorhizobium sp. M7A.F.Ca.CA.004.06.1.1;Mesorhizobium sp. M7A.F.Ca.CA.004.06.2.1;Mesorhizobium sp. M7A.F.Ca.CA.004.07.1.1;Mesorhizobium sp. M7A.F.Ca.CA.004.01.1.1;Mesorhizobium sp. M7A.F.Ca.CA.004.09.1.2;Mesorhizobium sp. M7A.F.Ca.CA.004.11.1.1;Mesorhizobium sp. M7A.F.Ca.CA.004.11.2.1;Mesorhizobium sp. M7A.F.Ca.CA.002.05.1.1;Mesorhizobium sp. M7A.F.Ca.US.006.01.2.1;Mesorhizobium sp. M7A.F.Ca.CA.004.05.2.1;Mesorhizobium sp. M7A.F.Ca.CA.001.10.2.1;Mesorhizobium sp. M7A.F.Ca.CA.004.08.1.1;Mesorhizobium sp. M7A.F.Ca.CA.004.08.2.1;Mesorhizobium sp. M7A.F.Ca.CA.004.12.1.1;Mesorhizobium sp. M7A.F.Ca.CA.004.04.1.1;Mesorhizobium sp. M7A.F.Ca.MR.176.00.0.0;Mesorhizobium sp. M7A.F.Ca.MR.362.00.0.0;Mesorhizobium sp. LMG17149;Mesorhizobium sp. SEMIA396;Mesorhizobium sp. WSM4822,0,1,pcuac_only,NA,WP_013529534.1,1
anaerolinea thermophila,167964;167964;1872519;233189;430695;167964;926569,Anaerolinea thermophila,0,1,pcuac_only,NA,WP_013559294.1,1
paracidovorax avenae,643561;80867;80867,Paracidovorax avenae,0,1,pcuac_only,NA,WP_013595653.1,1
marinomonas mediterranea,119864;119864;717774,Marinomonas mediterranea,0,1,pcuac_only,NA,WP_013659383.1,1
pseudomonas fulva,286;3040319;47880;47880;47880;743720,Pseudomonas fulva,0,1,pcuac_only,NA,WP_013792726.1,1
vibrio anguillarum,1339225;2591466;55601;662;1938662;1938663;1938665;1938674;1982231;2591014;2591016;55601;662;882102;882944;990314;1938664;55601;662;2978741;55601;662;55601,Vibrio anguillarum,0,1,pcuac_only,NA,WP_013868354.1,1
mesorhizobium opportunistum,1287243;593909;68287;1871066;593909;68287;2589975;2589977;2876665;593909;68287;536019;593909;593909,Mesorhizobium opportunistum,0,1,pcuac_only,NA,WP_013892942.1,1
collimonas fungivorans,1005048;158899;158899,Collimonas fungivorans,0,1,pcuac_only,NA,WP_014007983.1,1
rickettsia japonica,1032845;114277;1436798;226665;2358204;35790;652620,Rickettsia japonica;spotted fever group;Rickettsia conorii subsp. heilongjiangensis;Rickettsia japonica YH;Rickettsia conorii subsp. heilongjiangensis 054;Rickettsia fournieri;Rickettsia koreansis,0,1,pcuac_only,NA,WP_014014504.1,1
pelagibacterium halotolerans,1082931;531813;531813,Pelagibacterium halotolerans,0,1,pcuac_only,NA,WP_014129865.1,1
vibrio natriegens,1116375;1219067;662;691;1219067;691;3116646;662;691;691,Vibrio natriegens,0,1,pcuac_only,NA,WP_020334962.1,1
azospira oryzae,146937;146939;1765049;1872671;146937;3394231;640081;146939;640081,Azospira oryzae;Azospira oryzae PS,0,1,pcuac_only,NA,WP_014238323.1,1
rickettsia slovaca,1105109;35794;941638,Rickettsia slovaca;Rickettsia slovaca 13-B;Rickettsia slovaca str. D-CWPP,0,1,pcuac_only,NA,WP_014273622.1,1
pseudomonas ogarae,1114970,Pseudomonas ogarae,0,1,pcuac_only,NA,WP_014336367.1,1
spotted fever,1105112;114277;1359199,spotted fever group;Rickettsia massiliae str. AZT80;Rickettsia rhipicephali str. Ect,0,1,pcuac_only,NA,WP_014365644.1,1
rickettsia amblyommatis,1105111;1359166;33989;1359164;33989,Rickettsia amblyommatis;Rickettsia amblyommatis str. Ac/Pa,0,1,pcuac_only,NA,WP_014392361.1,1
rickettsia rhipicephali,1105113;33992;33992,Rickettsia rhipicephali,0,1,pcuac_only,NA,WP_014408808.1,1
rickettsia montanensis,1105114;33991,Rickettsia montanensis;Rickettsia montanensis str. OSU 85-930,0,1,pcuac_only,NA,WP_014409372.1,1
bradyrhizobium japonicum,1037409;208389;3082951;374;375;375,Bradyrhizobium japonicum,0,1,pcuac_only,NA,WP_014494904.1,1
tistrella mobilis,1110502;171437;171436;171437;2024861;171437,Tistrella mobilis,0,1,pcuac_only,NA,WP_014748553.1,1
advenella kashmirensis,1036672;310575;310575,Advenella kashmirensis,0,1,pcuac_only,NA,WP_014749835.1,1
alteromonas macleodii,1004787;28108;1004788;226;232;28108;2917729;1772289;1938740;226;28108;1904459;226;28108;226;232;28108;3107762;3107767;226;28108;2917732;2935039;3349850;529120;226;28108;2917733;226;28108;2967128;28108,Alteromonas macleodii,0,1,pcuac_only,NA,WP_179982218.1,1
bordetella parapertussis,1208660;519,Bordetella parapertussis;Bordetella parapertussis Bpp5,0,1,pcuac_only,NA,WP_015038734.1,1
thioalkalivibrio nitratireducens,1255043;186931,Thioalkalivibrio nitratireducens;Thioalkalivibrio nitratireducens DSM 14787,0,1,pcuac_only,NA,WP_015257635.1,1
mesorhizobium australicum,1287226;536018;68287;1287240;3681246;536018;68287;1702973;536018;68287;2589949;68287;754035;536018,Mesorhizobium;Mesorhizobium australicum;Mesorhizobium sp. URHB0026,0,1,pcuac_only,NA,WP_015315668.1,1
martinezella tropici,2137763;398;698761;82115;398,Martinezella tropici,0,1,pcuac_only,NA,WP_015342482.1,1
unclassified hydrogenobaculum,2622382;547143;547144;547145;547146,Hydrogenobaculum sp. 3684;Hydrogenobaculum sp. HO;Hydrogenobaculum sp. SHO;Hydrogenobaculum sp. SN;unclassified Hydrogenobaculum,0,1,pcuac_only,NA,WP_015420015.1,1
thalassolituus oleivorans,1208320;187493;1298593;1447906;187492;187493;2030822;187493,Thalassolituus oleivorans,0,1,pcuac_only,NA,WP_015487953.1,1
octadecabacter arcticus,391616;53946,Octadecabacter arcticus;Octadecabacter arcticus 238,0,1,pcuac_only,NA,WP_015496329.1,1
octadecabacter antarcticus,1217908;391626,Octadecabacter antarcticus 307;Octadecabacter antarcticus,0,1,pcuac_only,NA,WP_015501131.1,1
bradyrhizobium oligotrophicum,1245469;44255;3057324;3057325;3057326;3057327;3420748;3420749;3420754;3420755;3420756;3420757;3420758;3420759;374;44255;3057338;3057387;3420734;3420742;3420743;374;44255;3420736;3420737;3420738;374;44255;3420744;374;44255;44255,Bradyrhizobium;Bradyrhizobium oligotrophicum;Bradyrhizobium sp. HKCCYLRH1030,0,1,pcuac_only,NA,WP_015666539.1,1
thermus oshimai,270;275;56957;743525,Thermus;Thermus sp.;Thermus oshimai;Thermus scotoductus SA-01,0,1,pcuac_only,NA,WP_015715998.1,1
methylovorus glucosotrophus,266009;266009;582744,Methylovorus glucosotrophus,0,1,pcuac_only,NA,WP_015829402.1,1
[acidovorax] ebreus,535289;721785,[Acidovorax] ebreus TPSY;[Acidovorax] ebreus,0,1,pcuac_only,NA,WP_015914028.1,1
gillisella vitis,3025782;311402;3701761;373;3025782;3701761;373;311402;3701761;373;373,Gillisella vitis,0,1,pcuac_only,NA,WP_015918661.1,1
methylobacterium nodulans,114616;460265,Methylobacterium nodulans;Methylobacterium nodulans ORS 2060,0,1,pcuac_only,NA,WP_015931755.1,1
spiribacter salinus,1260251;1335746;1335746,Spiribacter salinus,0,1,pcuac_only,NA,WP_016353946.1,1
pseudomonas plecoglossicida,1215115;1330531;70775;1736226;286;70775;2666183;286;70775;286;3686501;70775;70775,Pseudomonas plecoglossicida,0,1,pcuac_only,NA,WP_368829901.1,1
agarivorans albus,1331007;182262;182262,Agarivorans albus,0,1,pcuac_only,NA,WP_016403525.1,1
metapseudomonas resinovorans,1123020;135621;2502238;53412;1245471;53412;53412,Metapseudomonas resinovorans,0,1,pcuac_only,NA,WP_016495468.1,1
rhizobium grahamii,1120045;1120045;2613771;379;1120045;990285,Rhizobium;Rhizobium grahamii;Rhizobium sp. BG6,0,1,pcuac_only,NA,WP_153271869.1,1
pseudomonas monteilii,1048261;1265488;1265489;1283282;1286367;1286368;1286369;286;3044231;76759;1123524;1215110;1661037;2479393;286;3367240;76759;1259803;1259804;1259805;1265483;286;76759;1378074;1378083;1661048;1812180;286;3367171;3367175;3367222;485880;76759;286;3344566;485898;76759;76759,Pseudomonas monteilii,0,1,pcuac_only,NA,WP_016714699.1,1
rhizobium phaseoli,1128399;396;3031399;379;396;396;396;526949,Rhizobium phaseoli,0,1,pcuac_only,NA,WP_064820455.1,1
pseudomonas atacamensis,1144884;2448264;2565368;286;1144884;2565368;2842346;286;2565368;2565368;2813562;2813563;2813564;2813565;2813566;2813567;2813570;2813571;286;2565368;2842346;286;2565368;286;2981602;2565368;286;2991431;2991442,Pseudomonas atacamensis,0,1,pcuac_only,NA,WP_016771880.1,1
pseudomonas fragi,1136138;1215101;296;114707;2316085;2717482;286;296;306;1886807;286;296;2316085;2804624;286;296;3048610;306;286;296;3043408;286;296;3043408;3122376;286;296;3234143;296,Pseudomonas fragi,0,1,pcuac_only,NA,WP_261739916.1,1
bradyrhizobium elkanii,1038860;3470959;3683826;3686269;374;1038860;3470959;3683826;374;1128203;1419277;29448;374;1128204;1275962;1325083;29448;3344579;374;398525;1297865;1566379;1946119;199684;2057741;29448;374;376;1419258;29448;374;1493466;29448;3042156;3042158;3466035;3466036;3470494;374;398524;208375;29448;374;29448,Bradyrhizobium;Bradyrhizobium elkanii;Bradyrhizobium sp. Pha-3,0,1,pcuac_only,NA,WP_028162768.1,1
vreelandella stevensii,1177117;28256;2855441;502821,Vreelandella stevensii,0,1,pcuac_only,NA,WP_016915363.1,1
rickettsia honei,1175313;37816,Rickettsia honei;Rickettsia honei RB,0,1,pcuac_only,NA,WP_016917514.1,1
pseudomonas tolaasii,1030145;2213017;2738826;286;29442,Pseudomonas tolaasii,0,1,pcuac_only,NA,WP_016973811.1,1
pseudomonas reactans,117680,Pseudomonas reactans,0,1,pcuac_only,NA,WP_016976100.1,1
aliivibrio logei,1087367;511678;688;1269941;2760931;511678;626086;688,Aliivibrio logei;Aliivibrio;Aliivibrio thorii,0,1,pcuac_only,NA,WP_017021883.1,1
vibrio breoganii,1188253;1188257;1205908;553239;553239,Vibrio breoganii,0,1,pcuac_only,NA,WP_017028641.1,1
vibrio ordalii,1938659;1938660;1938661;1938666;1938667;1938668;1938669;1938670;1938671;1938672;1938673;1938675;1938676;1938677;2116368;2527670;2591465;28174;2950157;55601;662;28174;617133,Vibrio;Vibrio ordalii;Vibrio anguillarum;Vibrio sp. V04_P4A5T148;Vibrio sp. V05_P4A8T149;Vibrio sp. V06_P1A73T115;Vibrio sp. V11_P1A41T118;Vibrio sp. V12_P9A6T4;Vibrio sp. V14_P6S14T42;Vibrio sp. V15_P4S5T153;Vibrio sp. V17_P4S1T151;Vibrio sp. V18_P1S4T112;Vibrio sp. V19_P1S1T109;Vibrio sp. V20_P4S3T152;Vibrio sp. V23_P3S9T160;Vibrio sp. V24_P1S3T111;Vibrio sp. V25_P4S6T154;Vibrio sp. V01_P9A10T6;Vibrio sp. 1151_11;Vibrio sp. B1-2;Vibrio sp. RM-69-4,0,1,pcuac_only,NA,WP_017045035.1,1
vibrio crassostreae,1191301;1191302;1884471;1884474;2070777;3229624;3229650;3229667;3229674;3229681;3229683;3229714;3229989;3229994;3230009;662;1191303;1191304;1884468;1884469;1884470;1884472;2070777;3229614;3229615;3229623;3229625;3229629;3229630;3229635;3229636;3229645;3229646;3229673;3229676;3229686;3229703;3229706;3229709;3229712;3229713;3229718;3229975;3229992;662;1884476;1884477;1884478;1884479;1884480;2056188;2056190;2056191;2070776;246167;662;246167;246167;2588450;2910245;296199;3051822;3229633;3241167;662;246167;2589989;2589990;662,Vibrio crassostreae,0,1,pcuac_only,NA,WP_017064234.1,1
vibrio atlanticus,1191324;3229665;3229670;3229702;3229977;3229979;3229995;662;693153;3229611;3229618;3229655;3229659;3229661;3229666;3229675;3229695;3229705;3229973;3229974;3229980;3229981;3229984;3230007;662;693153,Vibrio;Vibrio atlanticus;Vibrio sp. 10N.222.49.A3;Vibrio sp. 10N.222.49.F1;Vibrio sp. 10N.261.45.A4;Vibrio sp. 10N.261.46.B6;Vibrio sp. 10N.261.46.C5;Vibrio sp. 10N.261.49.A11;Vibrio sp. 10N.261.51.C5;Vibrio sp. 10N.286.45.C10;Vibrio sp. 10N.286.51.A4;Vibrio sp. 10N.237.312.C02;Vibrio sp. 10N.237.312.B06;Vibrio sp. 10N.247.310.56;Vibrio sp. 10N.247.310.81;Vibrio sp. 10N.247.310.24;Vibrio sp. 1F253,0,1,pcuac_only,NA,WP_017104297.1,1
vibrio lentus,1191325;136468;662;1191326;136468;3569843;662;136468;136468;2998321;662,Vibrio lentus,0,1,pcuac_only,NA,WP_017106523.1,1
pseudomonas edaphica,2006980;2006980;2665477;2665478;2665479;2665480;2738829;286;2006980;2665481;2665482;2665483;2665484;2665485;2717494;2717495;2738829;2745519;286;2006980;2665481;2665482;2665483;2665484;2665485;2745519;286,Pseudomonas edaphica,0,1,pcuac_only,NA,WP_017136762.1,1
stenotrophomonas nematodicola,2656746;2656746;3414699;3415003;40323;69392;2656746;40323;69392,Stenotrophomonas nematodicola,0,1,pcuac_only,NA,WP_313273572.1,1
unclassified stenotrophomonas,1641707;196198;3470000;196198;2058301;2058302;2058303;196198;2116539;2116542;196198;2767465;2767466;196198;2775298;3096523;196198;2926026;2926027;2926028;196198;3111506;3111507;196198;3126383;3127478;196198;3232623;3232630;3232631;3232632;3232643;196198;3414699;69392;196198;3447206;3475972;196198;3475830;3475837;3475838;3475839;3475840;3475841;3475842;3475843;3475844;3475845,unclassified Stenotrophomonas;Stenotrophomonas sp. 93052_Sma;Stenotrophomonas sp. SM006,0,1,pcuac_only,NA,WP_017356214.1,1
rickettsia gravesii,1397702;354585,Rickettsia gravesii;Rickettsia gravesii BWI-1,0,1,pcuac_only,NA,WP_017442352.1,1
herbaspirillum rubrisubalbicans,1078773;80842;1223495;80842;1234777;1235827;160236;80842;137708;160236;80842;963,Herbaspirillum rubrisubalbicans;Herbaspirillum rubrisubalbicans NBRC 102523,0,1,pcuac_only,NA,WP_061789955.1,1
pseudomonas nitroreducens,1215112;1860123;286;2879114;46680;1226994;286;3400359;46680;1437882;46680;1661050;1843184;286;46680;286;306;46680;286;3156585;46680;286;3400358;46680;46680;46680;627141;95301,Pseudomonas nitroreducens,0,1,pcuac_only,NA,WP_017522267.1,1
unclassified vibrio,1234362;2614977;2785124;1761909;2614977;3711197;1840084;1884475;2614977;3229634;3229639;3229640;3229643;3229677;3229682;3229689;3229699;3229700;3229988;3229993;3229997;1853257;1853258;2614977;1880841;1880842;1880843;1880844;1880845;1880846;1880848;1880852;1903177;2614977;3229660;3229663;3229669;3229671;3229696;1880853;1880854;1880856;2614977;3229622;3344414;1884473;2070777;2614977;3229616;3229632;3229638;3229651;3229654;3229657;3229668;3229672;3229685;3229688;3229690;3229691;3229717;3229983;3229986;3229987;3229990;2070777;2614977;3229991;2591020;2591428;2591467;2591468;2591469;2614977;2614977;2819098;2836350;2836435;2614977;2836350;2836435;2614977;2836434;2837389;2614977;2908537;2908538;2614977;2994388;2994389;2614977;3074551;3074637;3074665;2614977;3229687;3229985;3229998;2614977;3229710;3229978;2614977;3464006;3466737,unclassified Vibrio;Vibrio sp. 9-16B;Vibrio sp. 9-16B-A1,0,1,pcuac_only,NA,WP_098414084.1,1
ectopseudomonas chengduensis,135621;3400353;489632,Pseudomonadaceae;Ectopseudomonas chengduensis;Pseudomonas sp. NY15364,0,1,pcuac_only,NA,WP_017675428.1,1
pseudacidovorax intermedius,1257078;433924;1934311;433923;433924;679313;433924,Pseudacidovorax;Pseudacidovorax intermedius;uncultured Pseudacidovorax sp.;Pseudacidovorax sp.,0,1,pcuac_only,NA,WP_017759475.1,1
robiginitomaculum antarcticum,1123059;437507,Robiginitomaculum antarcticum;Robiginitomaculum antarcticum DSM 21748,0,1,pcuac_only,NA,WP_017932326.1,1
zestomonas thermotolerans,1123021;157784;157784;157784;935867,Zestomonas thermotolerans,0,1,pcuac_only,NA,WP_017939755.1,1
rhodovulum marinum,1101189;1185766;1317124;1387281;1758178;1915077;1915314;1915315;1915317;1979401;204455;2605946;2943193;2984333;3014783;3032596;3048007;3112506;3127656;320662;3388663;379347;320662,Rhodovulum marinum,0,1,pcuac_only,NA,WP_132460184.1,1
cupriavidus neocaledonicus,1040979,Cupriavidus neocaledonicus,0,1,pcuac_only,NA,WP_018004643.1,1
rhizobium ruizarguesonis,2081791,Rhizobium ruizarguesonis,0,1,pcuac_only,NA,WP_018072216.1,1
thiobacillus denitrificans,1123392;36861;36861,Thiobacillus denitrificans,0,1,pcuac_only,NA,WP_018078601.1,1
asticcacaulis benevestitus,1121022;347481,Asticcacaulis benevestitus;Asticcacaulis benevestitus DSM 16100 = ATCC BAA-896,0,1,pcuac_only,NA,WP_018080749.1,1
thermus igniterrae,1123388;88189,Thermus igniterrae;Thermus igniterrae ATCC 700962,0,1,pcuac_only,NA,WP_018111032.1,1
wenxinia marina,1123501;390641,Wenxinia marina;Wenxinia marina DSM 24838,0,1,pcuac_only,NA,WP_026198494.1,1
rhizobium giardinii,1041139;56731;56731,Rhizobium giardinii,0,1,pcuac_only,NA,WP_018324757.1,1
longispora albida,1122182;203523,Longispora albida;Longispora albida DSM 44784,0,1,pcuac_only,NA,WP_018349653.1,1
calidithermus timidus,1122223;307124,Calidithermus timidus;Calidithermus timidus DSM 17022,0,1,pcuac_only,NA,WP_018465990.1,1
uliginosibacterium gangwonense,1123487;392736,Uliginosibacterium gangwonense;Uliginosibacterium gangwonense DSM 18521,0,1,pcuac_only,NA,WP_018606620.1,1
pseudomonas kilonensis,1114970;132476;286;3064898;3064899;3065907;3065908;3065909;132476;132476;158627;286;132476;1945865;286;2895471;3043449;3043450;3233034;911243;930166;132476;2505979;286;3472976,Pseudomonas;Pseudomonas kilonensis;Pseudomonas graminis,0,1,pcuac_only,NA,WP_018611909.1,1
neomegalonema perideroedes,1122218;217219,Neomegalonema perideroedes;Neomegalonema perideroedes DSM 15528,0,1,pcuac_only,NA,WP_018633941.1,1
bradyrhizobium huanghuaihaiense,990078,Bradyrhizobium huanghuaihaiense,0,1,pcuac_only,NA,WP_018642342.1,1
ahrensia kielensis,1120961;76980;76980,Ahrensia kielensis,0,1,pcuac_only,NA,WP_018688582.1,1
amorphus coralli,1120983;340680,Amorphus coralli;Amorphus coralli DSM 19760,0,1,pcuac_only,NA,WP_018698540.1,1
arhodomonas aquaeolei,1121016;2368;2369;2679915,Arhodomonas;Arhodomonas aquaeolei;Arhodomonas aquaeolei DSM 8974;Arhodomonas sp. KWT,0,1,pcuac_only,NA,WP_018716375.1,1
modicisalibacter luteus,1121943;453962,Modicisalibacter luteus;Modicisalibacter luteus DSM 23508,0,1,pcuac_only,NA,WP_019019306.1,1
colwellia piezophila,1265503;211668,Colwellia piezophila;Colwellia piezophila ATCC BAA-637,0,1,pcuac_only,NA,WP_019030226.1,1
chromobacterium haemolyticum,1121283;1778675;2292447;2927123;3463855;394935;535;394935,Chromobacterium haemolyticum,0,1,pcuac_only,NA,WP_019103922.1,1
noviherbaspirillum massiliense,1095769;1465823,Noviherbaspirillum massiliense JC206;Noviherbaspirillum massiliense,0,1,pcuac_only,NA,WP_019142073.1,1
afipia birgiae,1197906;151414,Afipia birgiae;Afipia birgiae 34632,0,1,pcuac_only,NA,WP_019197029.1,1
bartonella florencae,928210,Bartonella florencae,0,1,pcuac_only,NA,WP_019219198.1,1
bartonella senegalensis,1468418;929794,Bartonella senegalensis OS02;Bartonella senegalensis,0,1,pcuac_only,NA,WP_019220882.1,1
bartonella rattaustraliani,1205681;481139,Bartonella rattaustraliani;Bartonella rattaustraliani AUST/NH4,0,1,pcuac_only,NA,WP_019223131.1,1
unclassified chelatococcus,1211115;1702325;2638111;1953771;2638111;2835634;1953771;2638111;2835635,Chelatococcus sp.;unclassified Chelatococcus;Chelatococcus sp. YT9,0,1,pcuac_only,NA,WP_019400739.1,1
pseudomonas psychrophila,1211112;122355;122355;122355;286;3048618,Pseudomonas;Pseudomonas psychrophila;Pseudomonas sp. CCI3.1,0,1,pcuac_only,NA,WP_019409588.1,1
thermus scotoductus,1123391;37636;1382313;37636;270;3591387;37636;37636,Thermus scotoductus,0,1,pcuac_only,NA,WP_019550620.1,1
thiomicrorhabdus arctica,1123514;131540,Thiomicrorhabdus arctica;Thiomicrorhabdus arctica DSM 13458,0,1,pcuac_only,NA,WP_019556123.1,1
curvibacter lanceolatus,1265504;86182,Curvibacter lanceolatus;Curvibacter lanceolatus ATCC 14669,0,1,pcuac_only,NA,WP_019575830.1,1
psychromonas ossibalaenae,1278307;444922,Psychromonas ossibalaenae;Psychromonas ossibalaenae ATCC BAA-1528,0,1,pcuac_only,NA,WP_019613641.1,1
amphritea japonica,1278309;452627,Amphritea japonica;Amphritea japonica ATCC BAA-1530,0,1,pcuac_only,NA,WP_019621328.1,1
stenotrophomonas hibiscicola,1279018;86189;3061099;86189;995085;3119978;40323;86189;3458630;3469383;40323;69392;86189;86189,Stenotrophomonas hibiscicola,0,1,pcuac_only,NA,WP_019659299.1,1
arsukibacterium perlucidum,1123054;368811,Arsukibacterium perlucidum;Arsukibacterium perlucidum DSM 18276,0,1,pcuac_only,NA,WP_019675946.1,1
paracidovorax oryzae,1408420;862720;862720,Paracidovorax oryzae;Paracidovorax oryzae ATCC 19882,0,1,pcuac_only,NA,WP_019701422.1,1
pseudomonas savastanoi,103796;136849;29438;47877;1079060;29438;319;251698;29438;47877;29438;29438;319,Pseudomonas savastanoi,0,1,pcuac_only,NA,WP_019740581.1,1
unclassified methylophilus,1112273;1115834;2630143;2630143;2682087;2781018;3458765,unclassified Methylophilus;Methylophilus sp. YYY-1;Methylophilus sp. 13;Methylophilus sp. DMC18,0,1,pcuac_only,NA,WP_019881721.1,1
methyloversatilis discipulorum,1119528;1119528;3132824;378210,Methyloversatilis;Methyloversatilis discipulorum;Methyloversatilis sp. MC4-4,0,1,pcuac_only,NA,WP_019918847.1,1
vitreoscilla stercoraria,1123499;59;61;96942,Vitreoscilla;Vitreoscilla stercoraria;Vitreoscilla sp. C1;Vitreoscilla stercoraria DSM 513,0,1,pcuac_only,NA,WP_019959025.1,1
pannonibacter phragmitetus,1122929;121719;121719;121719;1402210;121719;2003580;227873;3469794;3687693;466044,Pannonibacter phragmitetus,0,1,pcuac_only,NA,WP_019963046.1,1
aureimonas ureilytica,1121028;401562;1638164;1638165;401562;414371;401562,Aureimonas ureilytica,0,1,pcuac_only,NA,WP_244493589.1,1
salipiger mucosus,1123237;263378,Salipiger mucosus;Salipiger mucosus DSM 16094,0,1,pcuac_only,NA,WP_020041352.1,1
methylotenera versatilis,1055487;1101193;1115835;1165096;359407,Methylotenera versatilis;Methylotenera versatilis 7,0,1,pcuac_only,NA,WP_020167777.1,1
methyloferula stellata,876269;876270,Methyloferula stellata AR4;Methyloferula stellata,0,1,pcuac_only,NA,WP_020174720.1,1
vibrio owensii,1229493;1280004;1344582;3391579;662;696485;1229493;696485;1280000;696485;1280004;696485;2315233;662;696485;3391579;662;696485;696485,Vibrio owensii,0,1,pcuac_only,NA,WP_020197290.1,1
thiolinea disciformis,1123399;125614,Thiolinea disciformis;Thiolinea disciformis DSM 14473,0,1,pcuac_only,NA,WP_020396636.1,1
kordiimonas gwangyangensis,1122137;288022,Kordiimonas gwangyangensis;Kordiimonas gwangyangensis DSM 19435 = JCM 12864,0,1,pcuac_only,NA,WP_020398207.1,1
hahella ganghwensis,1121935;286420,Hahella ganghwensis;Hahella ganghwensis DSM 17046,0,1,pcuac_only,NA,WP_020407244.1,1
microbulbifer variabilis,1113820;1279017;3243358;3243371;3243379;3243386;48073;266805,Microbulbifer variabilis,0,1,pcuac_only,NA,WP_020411486.1,1
reyranella massiliensis,1205680;445220,Reyranella massiliensis;Reyranella massiliensis 521,0,1,pcuac_only,NA,WP_020694750.1,1
rubellimicrobium thermophilum,1123069;204455;3342805,Rhodobacterales;Rubellimicrobium thermophilum DSM 16684;Paracoccus zhouxuedongae,0,1,pcuac_only,NA,WP_021096153.1,1
alcaligenes faecalis,1120962;1367435;1386079;232846;2918755;2994643;3120297;32001;3465162;507;511;1218102;32001;511;232846;2841924;2953809;2994643;507;511;232846;2994643;3252633;507;511;232846;507;511;2962569;507;511;32001;511;323284;507;511;512;511,Alcaligenes faecalis,0,1,pcuac_only,NA,WP_123049415.1,1
caenibius tardaugens,1219035;169176,Caenibius tardaugens;Caenibius tardaugens NBRC 16725,0,1,pcuac_only,NA,WP_021690595.1,1
limimaricola cinnabarinus,1125964;1125964;1337093;1125964;1492771;2211638;3014768;3425945;1125964;2211638;2955316,Limimaricola cinnabarinus,0,1,pcuac_only,NA,WP_021692526.1,1
vibrio ezurae,1219080;252583,Vibrio ezurae;Vibrio ezurae NBRC 102218,0,1,pcuac_only,NA,WP_021713385.1,1
leifsonia xyli,1389489;1575;1575;281090;59736,Leifsonia xyli;Leifsonia xyli subsp. xyli;Leifsonia xyli subsp. xyli str. CTCB07,0,1,pcuac_only,NA,WP_021754019.1,1
pseudomonas piscis,2614538;2614538;286;658630,Pseudomonas piscis,0,1,pcuac_only,NA,WP_022644498.1,1
sandarakinorhabdus limnophila,1123240;210512;210512,Sandarakinorhabdus limnophila,0,1,pcuac_only,NA,WP_022680456.1,1
euryhalocaulis caribicus,1161401,Euryhalocaulis caribicus,0,1,pcuac_only,NA,WP_022696711.1,1
pseudorhodobacter ferrugineus,1123027;77008;77008,Pseudorhodobacter ferrugineus,0,1,pcuac_only,NA,WP_022704366.1,1
paracoccus zeaxanthinifaciens,1266998;187400,Paracoccus zeaxanthinifaciens;Paracoccus zeaxanthinifaciens ATCC 21588,0,1,pcuac_only,NA,WP_022705740.1,1
rhizobium mongolense,1079460;57676;158890;57676;3039160;3688107;379;57676;57676,Rhizobium mongolense,0,1,pcuac_only,NA,WP_022715302.1,1
thermus islandicus,1123389;540988,Thermus islandicus;Thermus islandicus DSM 21543,0,1,pcuac_only,NA,WP_022798368.1,1
psychromonas hadalis,1278302;211669,Psychromonas hadalis;Psychromonas hadalis ATCC BAA-638,0,1,pcuac_only,NA,WP_022941887.1,1
halopseudomonas pelagia,1323663;553151;553151,Halopseudomonas pelagia,0,1,pcuac_only,NA,WP_339651171.1,1
shewanella decolorationis,1353536;256839;22;256839;332186,Shewanella;Shewanella decolorationis;Shewanella xiamenensis,0,1,pcuac_only,NA,WP_023268553.1,1
spiribacter curvatus,1335757,Spiribacter curvatus,0,1,pcuac_only,NA,WP_023368078.1,1
vibrio halioticoli,1219072;2654980;278860;662;71388,Vibrio;Vibrio halioticoli;Vibrio neonatus;Vibrio halioticoli NBRC 102217;Vibrio sp. B1Z05,0,1,pcuac_only,NA,WP_023403489.1,1
rickettsia monacensis,109232,Rickettsia monacensis,0,1,pcuac_only,NA,WP_023508292.1,1
unclassified shinella,1410620;2643062;3038164;1692240;1692241;2643062;1870904;2527671;2643062;1870904;2527671;2643062;2862956;2862957;3038164;1870904;2643062;2862956;2862957;1870904;2643062;2862958;3113208;3118468,Shinella sp.;unclassified Shinella;Shinella sp. YE25;Shinella sp. WSC3-e;Shinella sp. WSD5-1,0,1,pcuac_only,NA,WP_130520364.1,1
unclassified mesorhizobium,1287085;1287094;2956843;2957046;325217;3469938;3681250;3681251;3681252;1287086;1287322;2956824;2956837;2956856;2956871;2956886;2956905;2956967;2956971;2956998;2957015;325217;1287089;1287264;1287274;1287285;1287298;2956834;2956842;2956851;2956870;2956875;325217;3469935;3469940;3681253;3681254;1287105;2956853;2956854;2956901;2956980;2957063;325217;1287106;2956965;2956997;2957001;325217;3469939;3681263;675280;1287116;2956893;2957012;2957016;325217;1287117;1287325;2956826;325217;1287120;2956823;2957010;2957052;325217;3466058;1287252;2956862;325217;1287256;1287258;1287277;1287321;2956825;2956829;2956830;2956833;2957061;325217;1287268;1287275;1287287;1287303;1287307;1287308;1287313;2956832;2956836;2956841;2956850;2956861;2956921;2956929;2956933;2956973;2956976;2956993;2956994;2957029;2957073;2957078;325217;3681260;3681261;3681262;1287270;1287276;2956831;325217;3469936;3469941;3681255;3681256;1287273;2956838;2956888;2956891;2956896;2956897;2956903;2956927;2956936;2956962;2957017;2957045;2957062;325217;1287280;325217;3469937;3469942;3681257;3681258;3681259;1287281;2957011;2957055;325217;1287292;2956835;2956848;2957027;2957036;2957077;325217;1287294;2956827;325217;1287336;2956828;2956895;2956957;2956961;2956978;2956979;2956987;2957002;2957030;2957054;2957068;325217;1736469;1736557;325217;1871066;2029407;2496769;3038540;3038550;325217;1871066;2493669;325217;1871066;2493670;2496650;2496658;2496758;325217;1871066;2493671;325217;1871066;2493672;2496750;2496759;325217;1871066;2493674;2496746;2496748;325217;1871066;2493676;2563944;2563945;2563946;325217;1871066;2493680;2496762;2496764;2496766;2496767;2976703;3033795;3033796;3033797;3038541;3038548;325217;1871066;2496652;2496653;2496754;325217;1871066;2496676;325217;1871066;2496755;2500531;2563948;2563949;2563950;2563951;2563952;2563953;2563954;2563955;2563956;325217;1871066;2496768;325217;1871066;2496770;325217;1871066;2496774;2496782;325217;1871066;2496778;325217;1871066;2496791;2496792;2496793;325217;1871066;2496795;3038543;325217;1871066;2500528;325217;1871066;2563957;325217;1871066;325217;3691784;3691788;3691793;1871066;325217;3691787;1871066;325217;3691809;1871066;325217;3691810;2029408;2029409;2029410;2029411;2589882;2589883;2589884;2589886;325217;2496664;2496665;2496668;2496670;2500520;2500531;2563934;2563936;2563937;2563938;2563939;2563940;2563941;2563942;2563943;325217;2496666;2496669;2563931;2563932;325217;2496667;2500527;2563921;2563922;2563923;2563924;2563925;2563926;2563927;2563928;2563929;2563930;325217;2496690;2496697;2496724;325217;2496711;2496712;2496725;325217;2496752;2563947;325217;2496753;325217;632858;2496757;2563958;2563959;2563963;2563964;2563968;325217;2500521;2500523;2500526;2500530;325217;2563965;2563966;2563967;325217;2563970;2563971;325217;2589885;2589887;325217;2589888;2589935;325217;2589891;2876622;325217;2589893;2589896;325217;2589906;2589927;2589947;2876634;2876658;325217;2589907;2876645;325217;2589912;2589917;2589925;325217;2589918;2589924;2589978;2876670;325217;2589923;2876630;325217;2589931;2876636;325217;2589932;2589937;325217;2589933;2589946;325217;2589941;2589948;2589962;2589965;2589981;2876647;2876654;2876657;2876659;325217;2589954;2876623;325217;2589961;2876663;2876664;325217;2589964;2876625;325217;2589984;2589985;325217;2744516;3232725;325217;2876624;2876641;325217;2876626;2876633;325217;2876635;2876650;325217;2876639;2876640;325217;588497;588498;588502;663943;2876651;3076428;325217;3691803;2956840;2957037;325217;2956844;2956969;2957032;2957044;2957067;2957090;325217;2956846;2956864;2956867;2956892;325217;2956847;2956849;2956876;2956882;2956883;2956909;2956941;2957005;2957028;2957076;2957096;2957097;325217;2956852;2956868;2956874;2956877;325217;3681248;2956855;2956985;325217;2956857;2957024;2957084;2957087;325217;2956858;2956885;3077335;325217;2956859;2956928;2957008;325217;2956860;2956913;2956943;2957033;2957060;2957086;325217;2956863;2956899;325217;2956866;2956926;2956960;325217;2956878;2956881;2956950;2956954;2956956;2957088;325217;2956879;2956884;2956887;2956992;325217;3691799;2956880;2956915;2956968;2957013;325217;2956889;2956958;2956988;2957004;2957014;2957064;2957072;2957074;325217;2956900;2956948;2956977;2956995;2957047;2957049;325217;2956902;2957083;2957093;2957102;325217;2956904;2956910;2956916;2956917;2957022;2957025;325217;2956907;2956912;2957003;2957034;2957079;325217;2956908;325217;3681249;2956911;2957018;2957057;325217;2956914;2956918;2956984;325217;2956919;2956963;2957058;325217;3681247;2956920;2956959;325217;2956922;2956970;325217;2956923;2957040;325217;2956924;2956925;325217;2956930;2956952;325217;2956932;2957043;2957082;2957089;2957092;2957098;325217;2956934;2957000;325217;2956937;2956972;325217;2956938;2957056;325217;2956944;2956999;2957019;2957059;2957069;325217;2956945;2956982;2957048;325217;2956946;2957053;325217;2956949;2956964;325217;2956953;2956966;2957021;325217;2956983;2956991;325217;2956986;2956996;2957026;2957066;325217;2957007;2957023;2957031;2957042;325217;2957038;2957070;325217;2957080;2957094;325217;2957085;2957091;2957100;325217;2957095;2957099;325217;2986064;2986065;325217;3125801;3125802;3128543;3136721;325217;3228851;3228852;325217;3232369;3232498;325217;3232438;3232473;3232479;3232490;3232499;3232645;325217;3232460;3232465;3232467;325217;3232485;3232518;325217;3232495;3232496;325217;3232526;3232527;325217;325217;3350171;3374552;325217;3378039;3696547;325217;3470963;3471812;3475200;3475201;325217;3475202;3475203;325217;3691781;3691826;3691830;325217;3691782;3691794;3691827;3691831;325217;3691783;3691828;3691832;325217;3691806;3691807,unclassified Mesorhizobium;Mesorhizobium sp. P1_A12;Mesorhizobium sp. P2_F7,0,1,pcuac_only,NA,WP_126081157.1,1
pseudomonas moraviensis,1395516;2565368;286;1689450;321662;1736376;2448261;2448262;2448265;2448267;2565368;2651867;2813562;2813563;2813564;2813565;2813566;2813567;2813570;2813571;2842345;286;2963932;3126385;321662;2170733;286;321662;2184009;2382158;2448264;2565368;2823142;286;306;321662;3388844;2565368;286;321662;286;3040313;321662;321662,Pseudomonas moraviensis,0,1,pcuac_only,NA,WP_024011409.1,1
pseudomonas extremaustralis,1882759;2070619;2070624;2070626;2070630;2751321;286;2954102;306;3240790;3341860;3341864;3341871;3464573;359110;359110,Pseudomonas extremaustralis,0,1,pcuac_only,NA,WP_024074980.1,1
rhizobium favelukesii,348824;379;555319;555320;555321,Rhizobium;Rhizobium favelukesii;Rhizobium sp. T136;Rhizobium sp. T1470;Rhizobium sp. T1473,0,1,pcuac_only,NA,WP_024316885.1,1
brevundimonas naejangsanensis,1121125;588932;3078084;41275;588932;588932,Brevundimonas naejangsanensis,0,1,pcuac_only,NA,WP_134580383.1,1
unclassified afipia,1293051;1297860;1297861;1297862;1297863;1297864;2642050,Afipia sp. OHSU_II-uncloned;Afipia sp. OHSU_II-C1;Afipia sp. OHSU_II-C2;Afipia sp. OHSU_I-uncloned;Afipia sp. OHSU_I-C4;Afipia sp. OHSU_I-C6;unclassified Afipia,0,1,pcuac_only,NA,WP_024577662.1,1
martelella lutilitoris,2583532;2583532;293088;3122985;686597,Martelella lutilitoris,0,1,pcuac_only,NA,WP_246072199.1,1
hydrogenovibrio kuenenii,1168067;63658,Hydrogenovibrio kuenenii;Hydrogenovibrio kuenenii DSM 12350,0,1,pcuac_only,NA,WP_024851634.1,1
unclassified methylosinus,107635;2485168;2624500;980563,Methylosinus sp. LW3;Methylosinus sp. R-45379;Methylosinus sp. sav-2;unclassified Methylosinus,0,1,pcuac_only,NA,WP_024878833.1,1
brucella pituitosa,1437448;234;571256;571256,Brucella pituitosa,0,1,pcuac_only,NA,WP_024898266.1,1
mesorhizobium hungaricum,1320555;1320556;1380604;1566387;2725666;3042284;3232995;69277,Phyllobacteriaceae;Mesorhizobium sp. NBIMC_P2-C1;Mesorhizobium sp. NBIMC_P2-C3;Mesorhizobium sp. NBIMC_P2-C4;Mesorhizobium hungaricum;Terribium terrae;Mesorhizobium sp. YL-MeA3-2017;Mesorhizobium sp. 2RAF21,0,1,pcuac_only,NA,WP_024926360.1,1
sulfitobacter mediterraneus,1443112;83219;2211448;2854170;83219;83219,Sulfitobacter mediterraneus,0,1,pcuac_only,NA,WP_025049869.1,1
thalassovita mediterranea,1284658;2003365;204455;340021;666509;1342301;204455;2072972;3039851;340021;3477757;340021,Thalassovita mediterranea,0,1,pcuac_only,NA,WP_058317149.1,1
sulfitobacter noctilucicola,1342301,Sulfitobacter noctilucicola,0,1,pcuac_only,NA,WP_025054341.1,1
achromobacter deleyi,134375;1353891;222;1353891;1353891;1397275;222,Achromobacter;Achromobacter sp.;Achromobacter deleyi,0,1,pcuac_only,NA,WP_171667834.1,1
pseudomonas taeanensis,1395571;574962,Pseudomonas taeanensis;Pseudomonas taeanensis MS-3,0,1,pcuac_only,NA,WP_025164493.1,1
roseicyclus elongatus,1294273;159346,Roseicyclus elongatus;Roseicyclus elongatus DSM 19469,0,1,pcuac_only,NA,WP_025311990.1,1
snodgrassella alvi,1193515;1196083;1798181;2815304;2946699;1193515;1196083;2705032;1193515;1196083;2750971;2750972;2750973;2750994;2751018;1193515;1196083;2750985;2750986;2751012;1193515;1196083;2750993;1193515;1196083;3418953;1196083;1196083;1196094,Snodgrassella alvi,0,1,pcuac_only,NA,WP_093090397.1,1
ensifer canadensis,106591;1736438;1736497;1736502;1911585;2109730;2769291;555315;106591;1736440;1736461;555315;555315,Ensifer canadensis,0,1,pcuac_only,NA,WP_457583244.1,1
pseudomonas kurunegalensis,1259800;1259806;1265484;286;485880;485880,Pseudomonas kurunegalensis,0,1,pcuac_only,NA,WP_025754383.1,1
pseudomonas asplenii,1150862;53407;1176490;53407;53407,Pseudomonas asplenii,0,1,pcuac_only,NA,WP_026007873.1,1
ectopseudomonas mendocina,1001585;114707;300;1215108;300;1225174;300;300,Ectopseudomonas mendocina,0,1,pcuac_only,NA,WP_026042222.1,1
thioalkalivibrio thiocyanodenitrificans,243063;713586,Thioalkalivibrio thiocyanodenitrificans;Thioalkalivibrio thiocyanodenitrificans ARhD 1,0,1,pcuac_only,NA,WP_026186033.1,1
bradyrhizobium canariense,1040988;255045;2782622;2782630;2782640;2782643;2782645;2782652;2782653;2782655;2782656;2782686;2782687;3377024;3691840;3691841;374;1043587;255045;2782613;2782633;2782635;2782636;2782638;2782669;2782688;3080012;3156358;3273385;374;187029;255045;3470459;3470462;374;255045;255045;3156362;319003;3691822;374,Bradyrhizobium canariense,0,1,pcuac_only,NA,WP_211397529.1,1
methylophilus methylotrophus,1122236;17;17,Methylophilus methylotrophus,0,1,pcuac_only,NA,WP_026295289.1,1
aestuariibacter salexigens,1120953;226010,Aestuariibacter salexigens;Aestuariibacter salexigens DSM 15300,0,1,pcuac_only,NA,WP_026376424.1,1
afifella pfennigii,1120956;209897,Afifella pfennigii;Afifella pfennigii DSM 17143,0,1,pcuac_only,NA,WP_026380231.1,1
bartonella clarridgeiae,1408425;56426;696125,Bartonella clarridgeiae;Bartonella clarridgeiae 73;Bartonella clarridgeiae ATCC 51734,0,1,pcuac_only,NA,WP_026501186.1,1
ensifer aridi,1708715,Ensifer aridi,0,1,pcuac_only,NA,WP_026614038.1,1
sediminimonas qiaohouensis,1123247;552061,Sediminimonas qiaohouensis;Sediminimonas qiaohouensis DSM 21189,0,1,pcuac_only,NA,WP_026758650.1,1
aliarcobacter lanthieri,1355374;1355374;2044505;2808963,Aliarcobacter lanthieri,0,1,pcuac_only,NA,WP_026802781.1,1
pseudidiomarina sediminum,1122124;431675;431675,Pseudidiomarina sediminum,0,1,pcuac_only,NA,WP_026860777.1,1
aliagarivorans taiwanensis,1120970;561966,Aliagarivorans taiwanensis;Aliagarivorans taiwanensis DSM 22990,0,1,pcuac_only,NA,WP_026958606.1,1
aliagarivorans marinus,1120969;561965,Aliagarivorans marinus;Aliagarivorans marinus DSM 23064,0,1,pcuac_only,NA,WP_026972887.1,1
comamonas composti,1121349;408558,Comamonas composti;Comamonas composti DSM 21721,0,1,pcuac_only,NA,WP_027015705.1,1
mesorhizobium loti,1040982;381;1736481;2483402;381;68287;2066070;381;68287;935547;2493678;381;68287;381;935548,Mesorhizobium loti;Mesorhizobium;Mesorhizobium sp. M7D.F.Ca.US.005.01.1.1,0,1,pcuac_only,NA,WP_027031123.1,1
mesorhizobium erdmanii,1040983;1777866;1777866;1777866;2066070;68287,Mesorhizobium;Mesorhizobium erdmanii;Mesorhizobium japonicum,0,1,pcuac_only,NA,WP_027054402.1,1
phyllobacterium pellucidum,1449065;1798191;2740464;28100;2740464,Phyllobacterium pellucidum,0,1,pcuac_only,NA,WP_027230610.1,1
leisingera caerulea,1577901;1879318;191028;3456074;506591;999549,Leisingera;Leisingera caerulea;Leisingera caerulea DSM 24564;Leisingera sp. ANG-S5;Leisingera sp.;Leisingera sp. G5_S3_59_S7,0,1,pcuac_only,NA,WP_027236530.1,1
pseudophaeobacter arcticus,1086013;1247613;1569353;1580596;204455;2047749;2136177;3373187;385492;999550,Rhodobacterales;Pseudophaeobacter arcticus;Pseudophaeobacter arcticus DSM 23566;Gemmobacter megaterium;Pseudooceanicola antarcticus;Phaeobacter sp. S60;Phaeobacter piscinae;Oceaniglobus indicus;Oceaniglobus ichthyenteri;Marivita sp. S2033,0,1,pcuac_only,NA,WP_027238631.1,1
leisingera daeponensis,405746;999547,Leisingera daeponensis;Leisingera daeponensis DSM 23529,0,1,pcuac_only,NA,WP_027245667.1,1
leisingera aquimarina,476529;999611,Leisingera aquimarina;Leisingera aquimarina DSM 24565,0,1,pcuac_only,NA,WP_027255766.1,1
roseovarius tolerans,204455;571166;74031;999627;3450442;74030;74031;74031,Roseovarius tolerans,0,1,pcuac_only,NA,WP_050662499.1,1
rubritepida flocculans,1123072;182403,Rubritepida flocculans;Rubritepida flocculans DSM 14296,0,1,pcuac_only,NA,WP_027285990.1,1
aquaspirillum serpens,1121004;190,Aquaspirillum serpens;Aquaspirillum serpens DSM 68,0,1,pcuac_only,NA,WP_027405405.1,1
dechloromonas agitata,1304883;73030,Dechloromonas agitata;Dechloromonas agitata is5,0,1,pcuac_only,NA,WP_027458138.1,1
curvibacter gracilis,1336244;230310,Curvibacter gracilis;Curvibacter gracilis ATCC BAA-807,0,1,pcuac_only,NA,WP_027477768.1,1
allorhizobium undicola,1370122;78527;78527,Allorhizobium undicola,0,1,pcuac_only,NA,WP_027486437.1,1
rhizobium sullae,1041146;50338;50338,Rhizobium sullae,0,1,pcuac_only,NA,WP_027512455.1,1
agrobacterium larrymoorei,1367849;160699;160699,Agrobacterium larrymoorei,0,1,pcuac_only,NA,WP_027673201.1,1
marinobacterium litorale,1122201;404770,Marinobacterium litorale;Marinobacterium litorale DSM 23545,0,1,pcuac_only,NA,WP_027853944.1,1
massilia alkalitolerans,1111733;286638;149698;1946839;286638;457921,Massilia;Massilia alkalitolerans;Massilia varians;Massilia sp. UBA6681,0,1,pcuac_only,NA,WP_027866073.1,1
meiothermus cerbereus,1122221;65552,Meiothermus cerbereus;Meiothermus cerbereus DSM 11376,0,1,pcuac_only,NA,WP_027876913.1,1
meiothermus rufus,604331;604332,Meiothermus rufus DSM 22234;Meiothermus rufus,0,1,pcuac_only,NA,WP_027881440.1,1
meiothermus taiwanensis,1122222;1339250;172827,Meiothermus taiwanensis;Meiothermus taiwanensis DSM 14542;Meiothermus taiwanensis WR-220,0,1,pcuac_only,NA,WP_027886585.1,1
pseudomonas taiwanensis,1292030;2083051;286;306;3705411;286;306;3231718;470150;69328;470150,Pseudomonas taiwanensis,0,1,pcuac_only,NA,WP_179061400.1,1
simplicispira psychrophila,1123255;80882,Simplicispira psychrophila;Simplicispira psychrophila DSM 11588,0,1,pcuac_only,NA,WP_027996652.1,1
sinorhizobium arboris,76745;935557,Sinorhizobium arboris;Sinorhizobium arboris LMG 14919,0,1,pcuac_only,NA,WP_028000328.1,1
gemmobacter nectariphilus,1121271;220343;1121271;31989;3400918,Gemmobacter nectariphilus;Gemmobacter nectariphilus DSM 15620,0,1,pcuac_only,NA,WP_051294297.1,1
sphingomonas phyllosphaerae,1090318;257003,Sphingomonas phyllosphaerae;Sphingomonas phyllosphaerae 5.2,0,1,pcuac_only,NA,WP_028057049.1,1
solimonas soli,1123261;413479,Solimonas soli;Solimonas soli DSM 21787,0,1,pcuac_only,NA,WP_084197330.1,1
pseudodonghicola xiamenensis,1121479;1317116;1402135;1609966;1614693;1890673;204455;2579971;337702;568098;588602;1121479;337702,Rhodobacterales;Pseudodonghicola xiamenensis;Salipiger aestuarii;Celeribacter neptunius;Pseudodonghicola xiamenensis DSM 18339;Oceanicola sp. 22II-s10i;Pseudosulfitobacter pseudonitzschiae;Actibacterium sp. EMB200-NS6;Actibacterium naphthalenivorans;Celeribacter sp.;Paroceanicella profunda,0,1,pcuac_only,NA,WP_028095005.1,1
ferrimonas futtsuensis,1121878;364764,Ferrimonas futtsuensis;Ferrimonas futtsuensis DSM 18154,0,1,pcuac_only,NA,WP_028109957.1,1
stutzerimonas azotifigens,1292027;291995;291995,Stutzerimonas azotifigens,0,1,pcuac_only,NA,WP_028238654.1,1
oceanospirillum beijerinckii,1122616;64976,Oceanospirillum beijerinckii;Oceanospirillum beijerinckii DSM 7166,0,1,pcuac_only,NA,WP_028299930.1,1
oceanospirillum maris,1122617;64977,Oceanospirillum maris;Oceanospirillum maris DSM 6286,0,1,pcuac_only,NA,WP_028303018.1,1
derxia gummosa,1121388;203699,Derxia gummosa;Derxia gummosa DSM 723,0,1,pcuac_only,NA,WP_028309855.1,1
bradyrhizobium murdochi,1038859,Bradyrhizobium murdochi,0,1,pcuac_only,NA,WP_028345814.1,1
nisaea denitrificans,1122607;390877,Nisaea denitrificans;Nisaea denitrificans DSM 18348,0,1,pcuac_only,NA,WP_051285339.1,1
pseudovibrio exalbescens,1122601;197461;197461,Pseudovibrio exalbescens,0,1,pcuac_only,NA,WP_028482609.1,1
thiothrix lacustris,1123401;525917;525917,Thiothrix lacustris,0,1,pcuac_only,NA,WP_028489605.1,1
microvirgula aerodenitrificans,1122240;1817962;57479;57480;1122240;57480;57480,Microvirgula aerodenitrificans,0,1,pcuac_only,NA,WP_028497726.1,1
ottowia thiooxydans,1122623;219182,Ottowia thiooxydans;Ottowia thiooxydans DSM 14619,0,1,pcuac_only,NA,WP_028601006.1,1
pseudomonas parafulva,1215114;157782;157782,Pseudomonas parafulva,0,1,pcuac_only,NA,WP_028634479.1,1
pseudomonas mosselii,114707;78327;1403339;2006091;286;3344815;3344816;3344819;78327;286;3344816;78327;286;3454940;78327;286;3470521;78327;78327,Pseudomonas mosselii,0,1,pcuac_only,NA,WP_028690720.1,1
rhizobium mesoamericanum,1079800;1079800;1211777;1079800;796891,Rhizobium mesoamericanum,0,1,pcuac_only,NA,WP_028745674.1,1
shewanella oncorhynchi,2029986;22;2495595;2699422;2726434;2912791;2912795;2912796;2912797;2912799;2912801;2912802;2912803;2912806;2912807;2912808;2912810;2912812;2912815;2912816;2912817;50422;22;2726434;2739431;2830837;2842123;2842126;2912789;2912790;2912792;2912794;2912798;2912804;2912805;2912814;2912818;3342769;50422;22;2726434;2912793;2726434,Shewanella oncorhynchi,0,1,pcuac_only,NA,WP_028761867.1,1
shewanella colwelliana,1336240;23;23,Shewanella colwelliana,0,1,pcuac_only,NA,WP_028764475.1,1
shewanella fidelis,1336247;173509;173509,Shewanella fidelis,0,1,pcuac_only,NA,WP_028766418.1,1
thalassobaculum litoreum,1123362;1123364;526215;1123362;420996,Thalassobaculum litoreum;Thalassobaculum litoreum DSM 18839,0,1,pcuac_only,NA,WP_093149342.1,1
psychromonas aquimarina,1278312;444919,Psychromonas aquimarina;Psychromonas aquimarina ATCC BAA-1526,0,1,pcuac_only,NA,WP_028863225.1,1
terasakiella pusilla,1123355;64973;64973,Terasakiella pusilla,0,1,pcuac_only,NA,WP_028877896.1,1
pseudomonas vranovensis,1292031;1827299;286;2940539;321661;321661,Pseudomonas vranovensis,0,1,pcuac_only,NA,WP_036990191.1,1
thermithiobacillus tepidarius,1123368;929,Thermithiobacillus tepidarius;Thermithiobacillus tepidarius DSM 3134,0,1,pcuac_only,NA,WP_028988555.1,1
azohydromonas australica,1121030;364039,Azohydromonas australica;Azohydromonas australica DSM 1124,0,1,pcuac_only,NA,WP_028996863.1,1
niveispirillum irakense,1121034;34011,Niveispirillum irakense;Niveispirillum irakense DSM 11586,0,1,pcuac_only,NA,WP_051330182.1,1
sedimenticola selenatireducens,1111735;191960;191960,Sedimenticola selenatireducens,0,1,pcuac_only,NA,WP_029133245.1,1
pseudomonas proteolytica,1880678;219574;286;1917281;219574;2730849;2730850;286;2083054;219574;2654238;286;219574,Pseudomonas proteolytica,0,1,pcuac_only,NA,WP_260366493.1,1
brevundimonas bacteroides,1121124;74311,Brevundimonas bacteroides;Brevundimonas bacteroides DSM 4726,0,1,pcuac_only,NA,WP_029416807.1,1
bordetella hinzii,103855;103855;1331255;1331256;1331257;1331259;1331261;1331262;1392838;398518,Bordetella hinzii,0,1,pcuac_only,NA,WP_029579798.1,1
marinobacter daepoensis,1122197;262077;262077,Marinobacter daepoensis,0,1,pcuac_only,NA,WP_029653174.1,1
rhodoferax saidenbachensis,1484693;1484693;614083,Rhodoferax saidenbachensis,0,1,pcuac_only,NA,WP_029708307.1,1
vreelandella neptunia,115551;115551;28256;2832500;115551;28256;2866211;2937790,Vreelandella neptunia,0,1,pcuac_only,NA,WP_133732242.1,1
microbispora rosea,1464078;58117;58117,Microbispora rosea,0,1,pcuac_only,NA,WP_030509924.1,1
streptomyces pseudovenezuelae,1463937;1883;67350;67350,Streptomyces pseudovenezuelae,0,1,pcuac_only,NA,WP_031042207.1,1
candidatus paracaedibacter,244582,Candidatus Paracaedibacter symbiosus,0,1,pcuac_only,NA,WP_032113105.1,1
rickettsia tamurae,334545,Rickettsia tamurae,0,1,pcuac_only,NA,WP_032138783.1,1
pseudomonas brenneri,1284393;129817;1844109;286;129817;129817;2840374;286,Pseudomonas brenneri,0,1,pcuac_only,NA,WP_032860943.1,1
thalassospira australica,1528106,Thalassospira australica,0,1,pcuac_only,NA,WP_033069160.1,1
shewanella marisflavi,1565129;22;260364;50422,Shewanella;Shewanella sp.;Shewanella marisflavi;Shewanella sp. ECSMB14101,0,1,pcuac_only,NA,WP_033538782.1,1
pseudomonas capeferrum,1495066;1495066;2009146;2681304;2821559;286;2886360;2967216;2967217;306;658612;1495066;2745486;2745487;286;2895489;2967213,Pseudomonas;Pseudomonas capeferrum;Pseudomonas sp. SWRI68;Pseudomonas sp. SWRI59;Pseudomonas sp. B21-047;Pseudomonas sp. 39004,0,1,pcuac_only,NA,WP_033699009.1,1
pseudomonas azotoformans,117680;1284392;1324332;2738831;2738833;2804567;2804629;2804644;2804657;2804671;286;3003351;47878;117680;286;47878;1215094;47878;47878,Pseudomonas azotoformans,0,1,pcuac_only,NA,WP_033896646.1,1
pseudomonas haemolytica,2600065;2600065;2797530;286,Pseudomonas;Pseudomonas haemolytica;Pseudomonas sp. MF6755,0,1,pcuac_only,NA,WP_034119233.1,1
candidatus contendibacter,1400860;1400861,Candidatus Contendibacter odensensis;Candidatus Contendobacter odensis Run_B_J11,0,1,pcuac_only,NA,WP_034430178.1,1
bartonella koehlerae,1134510;92181,Bartonella koehlerae;Bartonella koehlerae C-29,0,1,pcuac_only,NA,WP_034458188.1,1
pseudidiomarina salinarum,435908,Pseudidiomarina salinarum,0,1,pcuac_only,NA,WP_034776264.1,1
hyphomonas pacifica,1280941,Hyphomonas pacifica,0,1,pcuac_only,NA,WP_034824354.1,1
inquilinus limosus,1122125;171674;1398085;171674;171674,Inquilinus limosus,0,1,pcuac_only,NA,WP_034853572.1,1
sinorhizobium sojae,716925;716928,Sinorhizobium sojae;Sinorhizobium sojae CCBAU 05684,0,1,pcuac_only,NA,WP_034854837.1,1
andreprevotia chitinilytica,1120999;396808,Andreprevotia chitinilytica;Andreprevotia chitinilytica DSM 18519,0,1,pcuac_only,NA,WP_035059412.1,1
actibacterium atlanticum,1461693,Actibacterium atlanticum,0,1,pcuac_only,NA,WP_035252935.1,1
actibacterium mucosum,1087332;1454373,Actibacterium mucosum;Actibacterium mucosum KCTC 23349,0,1,pcuac_only,NA,WP_035258403.1,1
agrobacterium deltae,1183412;1183412;1183427;1183412;1315272;1336742;1336743;3422677;357;439366;477195;477196;477197,Agrobacterium deltae,0,1,pcuac_only,NA,WP_035264036.1,1
brevibacterium album,1121122;417948,Brevibacterium album;Brevibacterium album DSM 18261,0,1,pcuac_only,NA,WP_035282228.1,1
vreelandella glaciei,1504981;186761;28256;2993445;3126101,Halomonadaceae;Vreelandella glaciei;Halomonas sp. KO116;Halomonas sp. Alg239-R46;Vreelandella sp. SM1641,0,1,pcuac_only,NA,WP_035556165.1,1
vreelandella titanicae,1415755;28256;664683,Halomonadaceae;Vreelandella titanicae;Halomonas sp. TG39a,0,1,pcuac_only,NA,WP_035582228.1,1
haematobacter massiliensis,195105;2161679;2185115;31989;195105;2675752;31989,Paracoccaceae;Haematobacter massiliensis;Paracoccus shanxieyensis,0,1,pcuac_only,NA,WP_035714065.1,1
kitasatospora cheerisanensis,1348663;81942,Kitasatospora cheerisanensis;Kitasatospora cheerisanensis KCTC 2395,0,1,pcuac_only,NA,WP_035873158.1,1
bradyrhizobium yuanmingense,108015;108015;1128327;108015;1128328;108015;1390116;1390119;1390124;1390131;1390132;1420727;374;55395;108015;1641878;3156306;3470495;374;108015;2793803;2793813;2793817;2793818;2793823;3452153;374,Bradyrhizobium yuanmingense,0,1,pcuac_only,NA,WP_036010106.1,1
lysobacter capsici,1444315;435897;435897,Lysobacter capsici,0,1,pcuac_only,NA,WP_252255571.1,1
marinobacterium lacunae,1232683,Marinobacterium lacunae,0,1,pcuac_only,NA,WP_036189869.1,1
marinobacter salarius,1420917;1420917;2742;50741,Marinobacter salarius,0,1,pcuac_only,NA,WP_036204330.1,1
nitratireductor basaltis,472175,Nitratireductor basaltis,0,1,pcuac_only,NA,WP_036484483.1,1
pseudooceanicola nanhaiensis,1122614;375761;375761,Pseudooceanicola nanhaiensis,0,1,pcuac_only,NA,WP_036538161.1,1
unclassified paracoccus,1520813;2688777;2853442;2606624;2688777;579490;2688777;2839896;3062651;2688777;2963938;935848;935849,unclassified Paracoccus (in: a-proteobacteria);Paracoccus sp. C2R09;Paracoccus sp. 1_MG-2023,0,1,pcuac_only,NA,WP_051416176.1,1
paracoccus yeei,1446473;147645;147645;147645;1510163;1545044;189685;1945662;195105;2508543;288426;31989;690417;147645;265;2665644;147645;265;3143131;147645;31989;366616,Paracoccus yeei,0,1,pcuac_only,NA,WP_051577686.1,1
paracoccus sphaerophysae,690417,Paracoccus sphaerophysae,0,1,pcuac_only,NA,WP_036718272.1,1
paracoccus versutus,1335059;265;34007;34007,Paracoccus versutus,0,1,pcuac_only,NA,WP_036757679.1,1
photobacterium kishitanii,318456,Photobacterium kishitanii,0,1,pcuac_only,NA,WP_045042163.1,1
photobacterium sanctipauli,1342794,Photobacterium sanctipauli,0,1,pcuac_only,NA,WP_036816210.1,1
pseudoalteromonas lipolytica,1315275;570156;1452721;2785910;53246;570156;2755062;3450441;53246;570156;2785057;53246;53249;570156;53246;53249;570156;570156,Pseudoalteromonas lipolytica,0,1,pcuac_only,NA,WP_036971352.1,1
ectopseudomonas composti,658457,Ectopseudomonas composti,0,1,pcuac_only,NA,WP_036998164.1,1
ralstonia insidiosa,1218247;1235457;190721;48736;190721;190721;3122075;3475246;3475248;3475250;3475251;3475252;3475254;3475255;3475256;48736,Ralstonia insidiosa,0,1,pcuac_only,NA,WP_037012527.1,1
pseudomonas lutea,243924,Pseudomonas lutea,0,1,pcuac_only,NA,WP_037017482.1,1
ectopseudomonas khazarica,135621;2502979;2512235;2587859;2587863;2502979,Ectopseudomonas khazarica,0,1,pcuac_only,NA,WP_037051032.1,1
psychromonas arctica,1123036;168275;168275,Psychromonas arctica,0,1,pcuac_only,NA,WP_037071765.1,1
martinezella leucaenae,1041147;29450,Martinezella leucaenae;Rhizobium leucaenae USDA 9039,0,1,pcuac_only,NA,WP_037135624.1,1
rhizobium/agrobacterium group,1183436;227290;285908;648995;1532558;227290;515361;227290;2303425;3342820,Rhizobium/Agrobacterium group;Rhizobium sp. P007;Agrobacterium pusense;Agrobacterium genomosp. 2 str. CFBP 5494,0,1,pcuac_only,NA,WP_072494378.1,1
pseudorhizobium pelagicum,1509405,Pseudorhizobium pelagicum,0,1,pcuac_only,NA,WP_037163503.1,1
rickettsia endosymbiont,1133329;1462938;780;1462733;3066248;931099,Rickettsia endosymbiont of Cantharis rufa,0,1,pcuac_only,NA,WP_037213583.1,1
roseomonas gilardii,1336208;257708,Roseomonas gilardii;Roseomonas gilardii subsp. rosea ATCC BAA-691,0,1,pcuac_only,NA,WP_037225187.1,1
rhodomicrobium udaipurense,1202716;858455,Rhodomicrobium udaipurense JA643;Rhodomicrobium udaipurense,0,1,pcuac_only,NA,WP_037233523.1,1
roseivivax halodurans,1449350;93683,Roseivivax halodurans;Roseivivax halodurans JCM 10272,0,1,pcuac_only,NA,WP_037263576.1,1
roseovarius mucosus,1288298;215743;1486281;2038394;2038395;215743;74030;215743;215743;293344;215743;3390728;74030,Roseovarius mucosus,0,1,pcuac_only,NA,WP_037269061.1,1
ruegeria halocynthiae,985054,Ruegeria halocynthiae,0,1,pcuac_only,NA,WP_037310585.1,1
saccharospirillum impatiens,1123228;169438,Saccharospirillum impatiens;Saccharospirillum impatiens DSM 12546,0,1,pcuac_only,NA,WP_037338470.1,1
sinorhizobium americanum,1408224;194963;1538168;194963;28105;1538174;194963;28105;194963,Sinorhizobium americanum,0,1,pcuac_only,NA,WP_037383468.1,1
shewanella xiamenensis,1201295;1339231;1689868;1930557;22;2723055;2806008;2923280;332186;50422;332186,Shewanella xiamenensis,0,1,pcuac_only,NA,WP_037422135.1,1
shewanella algae,1236544;1826753;22;38313;1987584;22;38313;22;2992763;3447389;38313;22;3367224;3367231;3392043;3469249;38313;22;3392041;3392044;3392045;38313;50422;558541;38313,Shewanella algae,0,1,pcuac_only,NA,WP_037436342.1,1
skermanella stibiiresistens,1385369;913326,Skermanella stibiiresistens;Skermanella stibiiresistens SB22,0,1,pcuac_only,NA,WP_051511702.1,1
sphaerotilus natans,1286631;34103;34103,Sphaerotilus natans,0,1,pcuac_only,NA,WP_037483747.1,1
sphingomonas astaxanthinifaciens,1123267;407019,Sphingomonas astaxanthinifaciens;Sphingomonas astaxanthinifaciens DSM 22298,0,1,pcuac_only,NA,WP_037504343.1,1
stappia stellulata,1123294;71235;71235,Stappia stellulata,0,1,pcuac_only,NA,WP_224808815.1,1
pseudosulfitobacter pseudonitzschiae,1402135;1402135;215829;2854170;1402135;2854186;3466780,Pseudosulfitobacter pseudonitzschiae,0,1,pcuac_only,NA,WP_051694220.1,1
sulfurospirillum arcachonense,1123326;57666,Sulfurospirillum arcachonense;Sulfurospirillum arcachonense DSM 9755,0,1,pcuac_only,NA,WP_037940768.1,1
sulfitobacter noctilucae,1342302,Sulfitobacter noctilucae,0,1,pcuac_only,NA,WP_037970416.1,1
thalassobacter stenotrophicus,1123361;266809;1225651;204455;266809;3415139;3437445,Thalassobacter stenotrophicus;Thalassobacter stenotrophicus DSM 16310,0,1,pcuac_only,NA,WP_038008351.1,1
thermus caliditerrae,1330700,Thermus caliditerrae,0,1,pcuac_only,NA,WP_038048668.1,1
thermus amyloliquefaciens,1449080,Thermus amyloliquefaciens,0,1,pcuac_only,NA,WP_038055150.1,1
thermus filiformis,276,Thermus filiformis,0,1,pcuac_only,NA,WP_038062543.1,1
vibrio caribbeanicus,701175,Vibrio caribbeanicus,0,1,pcuac_only,NA,WP_038138787.1,1
thiomicrorhabdus chilensis,1123515;63656;63656,Thiomicrorhabdus chilensis,0,1,pcuac_only,NA,WP_038150421.1,1
vibrio pacinii,1123494;2989733;3065672;662,Vibrio;Vibrio pacinii DSM 19139;Vibrio sp. TBRI6;Vibrio sp. NH-UV-68,0,1,pcuac_only,NA,WP_038177469.1,1
vibrio variabilis,990271,Vibrio variabilis,0,1,pcuac_only,NA,WP_038214730.1,1
campylobacter iguaniorum,1244531,Campylobacter iguaniorum,0,1,pcuac_only,NA,WP_038455177.1,1
collimonas arenae,279058,Collimonas arenae,0,1,pcuac_only,NA,WP_038493435.1,1
pseudomonas alkylphenolica,237609;237609;286;3469700,Pseudomonas alkylphenolica,0,1,pcuac_only,NA,WP_038612719.1,1
mesorhizobium jarvisii,1777867;2744519;3233001;3469676;68287,Mesorhizobium;Mesorhizobium jarvisii;Mesorhizobium sp. 131-2-5;Mesorhizobium sp. 2RAF45;Mesorhizobium sp. USDA 4775,0,1,pcuac_only,NA,WP_038649764.1,1
stenotrophomonas rhizophila,1450134;216778;2957502;40323;216778;216778;2691571;40323;216778;2991427;3469991;3477667;40323;216778;3029192;3456954;40323;69392;216778;3136774;3136798;40323;69392;216778;3136774;40323;216778;3136775;40323;69392;216778;3136778;3136797;40323;216778;3136783;40323;216778;3136783;40323;69392;216778;3136786;40323;216778;3136792;40323;216778;3136796;40323;216778;3136796;40323;69392;216778;3136798;40323;216778;3136799;40323;216778;3136800;40323;216778;3229243;40323;216778;3232785;40323;216778;3232920;40323;216778;3469991;3477667;40323,Stenotrophomonas rhizophila,0,1,pcuac_only,NA,WP_121036962.1,1
pseudomonas hunanensis,1247546;1247546;1306993;1636610;1649877;2070676;2070677;2070678;2070679;2070680;2070681;2093746;2751322;2751345;2834406;286;2895477;2895488;2986525;3142707;3231717;3424772;3470500;3688097;1247546;2817863;286;3367173;3367220;3367235;3367262;3569885;438408,Pseudomonas hunanensis,0,1,pcuac_only,NA,WP_038705971.1,1
vibrio jasicida,1229494;2785123;662;1280001;1280002;1534743;2047825;2315231;2909979;2994387;662;766224;1280001;766224;1880840;2994387;662;766224;1880840;662;766224;2315231;662;766224;2785123;662;766224;766224,Vibrio jasicida,0,1,pcuac_only,NA,WP_038873472.1,1
bradyrhizobium ottawaense,1038864;1630896;2599819;2683271;374;858425;931866;1325080;1325081;1630881;2599819;374;931866;1325080;1325081;1630881;2683271;374;931866;2683271;374;931866;931866,Bradyrhizobium ottawaense,0,1,pcuac_only,NA,WP_063615301.1,1
falsihalocynthiibacter arcticus,1579316;1579316;2854182;3240872,Falsihalocynthiibacter arcticus;Falsihalocynthiibacter;Falsihalocynthiibacter sp. CO-5D18,0,1,pcuac_only,NA,WP_039002720.1,1
halocynthiibacter namhaensis,1290553,Halocynthiibacter namhaensis,0,1,pcuac_only,NA,WP_039017506.1,1
shewanella indica,1579504;22;2569536;768528;22;2705014;3392040;3392042;768528;22;3392039;768528;768528,Shewanella;Shewanella indica;Shewanella sp. BJSY2023SW001,0,1,pcuac_only,NA,WP_039034483.1,1
vreelandella hamiltonii,2580567;28256;502829;502829,Vreelandella hamiltonii,0,1,pcuac_only,NA,WP_144981262.1,1
alteromonas alvinellae,135000;203795;226,Alteromonas;Alteromonas alvinellae;Alteromonas marina,0,1,pcuac_only,NA,WP_039219463.1,1
novosphingobium subterraneum,1219057;48936,Novosphingobium subterraneum;Novosphingobium subterraneum NBRC 16086,0,1,pcuac_only,NA,WP_039331088.1,1
pandoraea sputorum,93222,Pandoraea sputorum,0,1,pcuac_only,NA,WP_039394786.1,1
xanthomonas cannabis,1885674;1885894,Xanthomonas cannabis;Xanthomonas cannabis pv. cannabis,0,1,pcuac_only,NA,WP_039406047.1,1
vibrio navarrensis,1616781;29495;662;29495,Vibrio navarrensis,0,1,pcuac_only,NA,WP_039425580.1,1
thermus thalpophilus,1577051;270;275;2908147;2908147,Thermus thalpophilus,0,1,pcuac_only,NA,WP_039459719.1,1
photobacterium gaetbulicola,1295392,Photobacterium gaetbulicola,0,1,pcuac_only,NA,WP_039463446.1,1
pseudomonas flexibilis,706570,Pseudomonas flexibilis,0,1,pcuac_only,NA,WP_039560146.1,1
campylobacter volucris,1031542;1031542;580033,Campylobacter volucris,0,1,pcuac_only,NA,WP_039665837.1,1
bartonella queenslandensis,1221525;481138;481138,Bartonella queenslandensis,0,1,pcuac_only,NA,WP_039759365.1,1
herbaspirillum huttiense,1235558;863372;1890675;86172;863372;963;2806562;2817734;3074428;863372;963;3074428;863372;3075126;3466773;3471428;3472980;3472981;863372;963;863372,Herbaspirillum huttiense,0,1,pcuac_only,NA,WP_039783786.1,1
azotobacter chroococcum,1328314;353;2528971;353;353,Azotobacter chroococcum,0,1,pcuac_only,NA,WP_039804009.1,1
rhizobium gallicum,1041138;2137761;379;56730,Rhizobium gallicum,0,1,pcuac_only,NA,WP_039844987.1,1
pseudomonas batumici,226910;226910;286;2929054;2929057;2935076,Pseudomonas batumici,0,1,pcuac_only,NA,WP_040067198.1,1
azospirillum himalayense,191;2970906;654847,Azospirillum;Azospirillum himalayense;Azospirillum argentinense,0,1,pcuac_only,NA,WP_040138459.1,1
phaeobacter piscinae,1569353;1580596;2907241;302485;1580596,Phaeobacter;Phaeobacter sp. S60;Phaeobacter piscinae;Phaeobacter sp. BS52,0,1,pcuac_only,NA,WP_040174012.1,1
rickettsia hoogstraalii,467174,Rickettsia hoogstraalii,0,1,pcuac_only,NA,WP_040255918.1,1
pseudomonas massiliensis,522492,Pseudomonas massiliensis,0,1,pcuac_only,NA,WP_040262545.1,1
aurantimonas manganoxydans,287752;651183,Aurantimonas manganoxydans SI85-9A1;Aurantimonas manganoxydans,0,1,pcuac_only,NA,WP_040325861.1,1
melaminivora alkalimesophila,1165852,Melaminivora alkalimesophila,0,1,pcuac_only,NA,WP_040436261.1,1
vreelandella boliviensis,1072583;223527;223527,Vreelandella boliviensis,0,1,pcuac_only,NA,WP_040479710.1,1
fulvimarina pelagi,217511;314231,Fulvimarina pelagi;Fulvimarina pelagi HTCC2506,0,1,pcuac_only,NA,WP_040488950.1,1
roseovarius nubinhibens,3107777;314263;74030;89187;314263,Roseovarius nubinhibens,0,1,pcuac_only,NA,WP_339855304.1,1
phaeobacter gallaeciensis,1010611;1208324;1679460;1852029;191468;221822;2267683;2774876;28211;314264;3468711;3477709;379347;60890;87;1086633;1086636;1086638;1086639;1454802;1454803;1454804;1454805;1454806;1454809;1454810;1454811;1454812;1454813;1454814;1454815;1454816;1454817;1454818;1454819;302485;3112424;3112425;3112426;3112427;3112428;3112429;3112430;3112431;3112432;3112433;3112434;3112435;3112436;3112437;3112438;3112439;3112440;3112441;3112442;3112443;3112444;3112445;3112446;3112447;3112448;3112449;3112450;3112451;3112452;3112453;3112454;3112455;3112456;3112457;3112458;3112459;3112460;3112461;3112462;3112464;3112465;3112466;3112467;3112468;3112469;3112470;3112473;3112474;3112475;3112476;3112477;3112478;3112479;3112480;3112481;3112482;3112484;3112485;3112487;3112489;3112490;3112491;3112492;3112494;3112495;3112496;3112497;3112498;3112499;3112501;3112502;3112504;3112505;3112506;3112507;3112508;60890;1280831;2854170;60890;2109330;2854170;3098144;60890;2461377;2854170;3098143;3098145;3140367;60890;2854170;3098143;3098144;60890;60890,Phaeobacter gallaeciensis;Phaeobacter;Phaeobacter sp. A38a-4b;Phaeobacter sp. A40a-4a;Phaeobacter sp. A47a-4a;Phaeobacter sp. A49a-3a;Phaeobacter sp. JH16H3;Phaeobacter sp. JH32B;Phaeobacter sp. JH32a;Phaeobacter sp. JH41b;Phaeobacter sp. JH54H1;Phaeobacter sp. JH59H1;Phaeobacter sp. JH60H1;Phaeobacter sp. JH62H1;Phaeobacter sp. JH63H1;Phaeobacter sp. JH63H2;Phaeobacter sp. JH63H3;Phaeobacter sp. JH64H1;Phaeobacter sp. JH72H1;Phaeobacter sp. JH76H1;Phaeobacter sp. JH85H1;Phaeobacter sp. JH86b;Phaeobacter sp. A83a-4b;Phaeobacter sp. A83a-4f;Phaeobacter sp. A86a-3b;Phaeobacter sp. A86a-3e;Phaeobacter sp. A86a-4a;Phaeobacter sp. A89a-3a;Phaeobacter sp. A90-2a-3-a;Phaeobacter sp. A90-2a-3-b;Phaeobacter sp. A90a-4f;Phaeobacter sp. A90a-4h;Phaeobacter sp. A90a-4k;Phaeobacter sp. Ax3a-4b;Phaeobacter sp. Ax3a-5a;Phaeobacter sp. Ax4a-4a;Phaeobacter sp. Ax4a-4b;Phaeobacter sp. Ay1a-4a;Phaeobacter sp. Ay1a-4b;Phaeobacter sp. Ay1a-4c;Phaeobacter sp. E3;Phaeobacter sp. JH18-10;Phaeobacter sp. JH18-11;Phaeobacter sp. JH18-12;Phaeobacter sp. JH18-13;Phaeobacter sp. JH18-14;Phaeobacter sp. JH18-15;Phaeobacter sp. JH18-17;Phaeobacter sp. JH18-18;Phaeobacter sp. JH18-21;Phaeobacter sp. JH18-22;Phaeobacter sp. JH18-23;Phaeobacter sp. JH18-24;Phaeobacter sp. JH18-27;Phaeobacter sp. JH18-31;Phaeobacter sp. JH18-32;Phaeobacter sp. JH18-37;Phaeobacter sp. JH18-4;Phaeobacter sp. JH18-5;Phaeobacter sp. JH20_02;Phaeobacter sp. JH20_03;Phaeobacter sp. JH20_05;Phaeobacter sp. JH20_06;Phaeobacter sp. JH20_07;Phaeobacter sp. JH20_08;Phaeobacter sp. JH20_09;Phaeobacter sp. JH20_10;Phaeobacter sp. JH20_11;Phaeobacter sp. JH20_14;Phaeobacter sp. JH20_16;Phaeobacter sp. JH20_17;Phaeobacter sp. JH20_18;Phaeobacter sp. JH20_20;Phaeobacter sp. JH20_21;Phaeobacter sp. JH20_22;Phaeobacter sp. JH20_23;Phaeobacter sp. JH20_24;Phaeobacter sp. JH20_25;Phaeobacter sp. JH20_27;Phaeobacter sp. JH20_28;Phaeobacter sp. JH20_30;Phaeobacter sp. JH20_32;Phaeobacter sp. JH20_33;Phaeobacter sp. JH20_34;Phaeobacter sp. JH20_35;Phaeobacter sp. JH20_37;Phaeobacter sp. JH20_38;Phaeobacter sp. JH20_39;Phaeobacter sp. JH20_40;Phaeobacter sp. JH20_41;Phaeobacter sp. JH20_42;Phaeobacter sp. JH203A;Phaeobacter sp. JH204A;Phaeobacter sp. JH207A;Phaeobacter sp. JH209A;Phaeobacter sp. JH209B;Phaeobacter sp. JH209C;Phaeobacter sp. JH211A,0,1,pcuac_only,NA,WP_113821762.1,1
neisseria shayeganii,1032488;607712;607712,Neisseria shayeganii,0,1,pcuac_only,NA,WP_425325922.1,1
neisseria wadsworthii,1030841;607711;607711,Neisseria wadsworthii,0,1,pcuac_only,NA,WP_040667125.1,1
thiobacillus thioparus,1123393;931,Thiobacillus thioparus;Thiobacillus thioparus DSM 505,0,1,pcuac_only,NA,WP_040723901.1,1
xanthomonas sacchari,1084662;56458;152831;2650745;338;56458;152831;3097552;3097553;338;56458;152831;56458;2650745;338;56458;56458,Xanthomonas sacchari,0,1,pcuac_only,NA,WP_040901017.1,1
vibrio renipiscarius,1461322,Vibrio renipiscarius,0,1,pcuac_only,NA,WP_040992226.1,1
thiolapillus brandeum,1076588,Thiolapillus brandeum,0,1,pcuac_only,NA,WP_041071356.1,1
rickettsia asembonensis,1068590,Rickettsia asembonensis,0,1,pcuac_only,NA,WP_041078018.1,1
vibrio mytili,50718,Vibrio mytili,0,1,pcuac_only,NA,WP_041154629.1,1
hyphomicrobium nitrativorans,1029756;1427356,Hyphomicrobium nitrativorans NL23;Hyphomicrobium nitrativorans,0,1,pcuac_only,NA,WP_041318727.1,1
rickettsia massiliae,35791;416276,Rickettsia massiliae;Rickettsia massiliae MTU5,0,1,pcuac_only,NA,WP_041404777.1,1
unclassified thermus,1111069;2619321;275,Thermus sp.;Thermus sp. CCB_US3_UF1;unclassified Thermus,0,1,pcuac_only,NA,WP_041433653.1,1
pseudomonas koreensis,1690246;198620;286;321662;198620;198620;2578139;2842346;286;198620;286;3349330,Pseudomonas koreensis,0,1,pcuac_only,NA,WP_064363013.1,1
bartonella australis,1094489;388640,Bartonella australis;Bartonella australis AUST/NH1,0,1,pcuac_only,NA,WP_041583145.1,1
uncultured marinobacter,1033846;187379;225937;2485141;262076;2742;50741;187379,uncultured Marinobacter sp.,0,1,pcuac_only,NA,WP_041645017.1,1
uncultured stenotrophomonas,165438;165438;2565559;2662206;2662207;2662208;2662209;2785387;2963283;2975377;2975424;2975430;3002747;3051122;3111508;3111510;3111511;3111512;3458628;40323;583319;165438;487698,uncultured Stenotrophomonas sp.,0,1,pcuac_only,NA,WP_041863160.1,1
comamonas granuli,1223521;290309,Comamonas granuli;Comamonas granuli NBRC 101663,0,1,pcuac_only,NA,WP_042427981.1,1
vibrio diazotrophicus,1348635;2912248;3035158;662;685;685,Vibrio diazotrophicus,0,1,pcuac_only,NA,WP_042479261.1,1
vibrio maritimus,2910251;3016528;3417475;662;990268;990268,Vibrio maritimus,0,1,pcuac_only,NA,WP_042500419.1,1
achromobacter insolitus,217204;217204;222;3110765,Achromobacter insolitus,0,1,pcuac_only,NA,WP_042796078.1,1
endosymbiont of,1248727;205975,endosymbiont of Lamellibrachia barhami,0,1,pcuac_only,NA,WP_177419270.1,1
mameliella alba,1434019;2484146;3466781;561184;1820329;2484146;2854170;3466781;561184;561184,Mameliella alba;Lutimaribacter marinistellae;Mameliella sp. LZ-28;Roseobacteraceae;Mameliella sp. RP-9,0,1,pcuac_only,NA,WP_043136620.1,1
bordetella pseudohinzii,1331258,Bordetella pseudohinzii,0,1,pcuac_only,NA,WP_043206999.1,1
pseudomonas knackmussii,1301098;286;3242725;65741;65741,Pseudomonas knackmussii,0,1,pcuac_only,NA,WP_043249621.1,1
belnapia moabensis,1121106;365533,Belnapia moabensis;Belnapia moabensis DSM 16746,0,1,pcuac_only,NA,WP_043338027.1,1
microbacterium testaceum,2033;2033;979556,Microbacterium testaceum,0,1,pcuac_only,NA,WP_363335025.1,1
methylobacterium fujisawaense,107400;107400;1449057;1502759;407;107400;3025129;407;107400;3038924;407;693986;107400;3156421;407;107400;334852;407,Methylobacterium fujisawaense,0,1,pcuac_only,NA,WP_043382668.1,1
unclassified candidatus,2053492;2619054;2823331;2053492;2619054;2823333;2996318;3066254;3066255;2996318;3066260;3066274;2996318;3066260;3077928;3139334;2996318;3139333;3139337,unclassified Candidatus Tisiphia;Candidatus Tisiphia endosymbiont of Psammoecus bipunctatus;Candidatus Tisiphia endosymbiont of Stenodema calcarata,0,1,pcuac_only,NA,WP_341759559.1,1
unclassified ensifer,1120653;1873715;2633371;1120654;1873712;1873713;1873714;2633371;1339236;2633371;3373919;1736449;1736453;1736597;1736611;2633371;1736509;2633371;3404055;2633371;2769290;2769293,unclassified Ensifer;Ensifer sp. ENS02;Ensifer sp. ENS01,0,1,pcuac_only,NA,WP_043614403.1,1
chromobacterium amazonense,1382803,Chromobacterium amazonense,0,1,pcuac_only,NA,WP_043623751.1,1
leptothrix cholodnii,34029;395495,Leptothrix cholodnii;Leptothrix cholodnii SP-6,0,1,pcuac_only,NA,WP_043705107.1,1
pseudooceanicola atlanticus,1461694;1461694;204455;2836868,Pseudooceanicola atlanticus,0,1,pcuac_only,NA,WP_043748262.1,1
roseivivax isoporae,1449351;204455;2184063;2706489;2706884;1449351;591206,Roseivivax isoporae;Roseivivax isoporae LMG 25204,0,1,pcuac_only,NA,WP_043772530.1,1
roseivivax marinus,1379903,Roseivivax marinus,0,1,pcuac_only,NA,WP_043843258.1,1
celeribacter indicus,1208324,Celeribacter indicus,0,1,pcuac_only,NA,WP_043868744.1,1
kitasatospora griseola,2020329;2063;2064;2064,Kitasatospora griseola,0,1,pcuac_only,NA,WP_043916755.1,1
stutzerimonas nitrititolerans,2482751,Stutzerimonas nitrititolerans,0,1,pcuac_only,NA,WP_043942787.1,1
planktomarina temperata,1284657;1284658;1538529;2024851;1284657;1284658;1538529;2024851;666509;1284657;1284658;2024851;1284658;1284658;1538529,Planktomarina temperata,0,1,pcuac_only,NA,WP_044048408.1,1
sphingomonas hengshuiensis,1609977,Sphingomonas hengshuiensis,0,1,pcuac_only,NA,WP_044330372.1,1
metapseudomonas otitidis,135621;1535636;1843691;319939;135621;1604022;2768443;319939;319939,Metapseudomonas otitidis,0,1,pcuac_only,NA,WP_044409910.1,1
pandoraea vervacti,656178,Pandoraea vervacti,0,1,pcuac_only,NA,WP_044453360.1,1
shewanella piezotolerans,225849;404011,Shewanella piezotolerans WP3;Shewanella piezotolerans,0,1,pcuac_only,NA,WP_044555631.1,1
campylobacter peloridis,1388753;488546;488546,Campylobacter peloridis,0,1,pcuac_only,NA,WP_044599079.1,1
gynuella sunshinyii,1445505;1445510,Gynuella sunshinyii;Gynuella sunshinyii YC6258,0,1,pcuac_only,NA,WP_044617597.1,1
agrobacterium arsenijevicii,1585697,Agrobacterium arsenijevicii,0,1,pcuac_only,NA,WP_045016079.1,1
rhizobium nepotum,1035271;1035271;1368418,Rhizobium nepotum,0,1,pcuac_only,NA,WP_045018475.1,1
photobacterium phosphoreum,659,Photobacterium phosphoreum,0,1,pcuac_only,NA,WP_052672619.1,1
photobacterium iliopiscarium,1378299;56192;657;2023717;56192;657;56192,Photobacterium iliopiscarium,0,1,pcuac_only,NA,WP_045038052.1,1
moritella viscosa,80854,Moritella viscosa,0,1,pcuac_only,NA,WP_045110319.1,1
pseudomonas tussilaginis,286;306;3067780,Pseudomonas;Pseudomonas sp.;Pseudomonas tussilaginis,0,1,pcuac_only,NA,WP_045183197.1,1
agrobacterium rubi,1368415;28099;28099,Agrobacterium rubi,0,1,pcuac_only,NA,WP_045230623.1,1
methyloceanibacter caenitepidi,1384459,Methyloceanibacter caenitepidi,0,1,pcuac_only,NA,WP_045370366.1,1
vibrio hyugaensis,1534743,Vibrio hyugaensis,0,1,pcuac_only,NA,WP_045402461.1,1
ralstonia mannitolilytica,105219;105219;1839756;48736,Ralstonia mannitolilytica,0,1,pcuac_only,NA,WP_045787721.1,1
candidatus orientia,1359168;911112,Candidatus Orientia mediorientalis;Orientia chuto str. Dubai,0,1,pcuac_only,NA,WP_045797394.1,1
rickettsia argasii,1268837;1441385,Rickettsia argasii T170-B;Rickettsia argasii,0,1,pcuac_only,NA,WP_045805972.1,1
aquitalea pelogenes,1293573;1293573;1590041;407217,Aquitalea;Aquitalea pelogenes;Aquitalea sp. USM4,0,1,pcuac_only,NA,WP_045846509.1,1
vibrio galatheae,579748,Vibrio galatheae,0,1,pcuac_only,NA,WP_045954242.1,1
paracoccus marcusii,189685;59779;2500532;2596918;2606624;265;267;2908653;579490;59779;2500532;265;59779;2606624;265;3687126;579490;59779;265;2908653;59779;59779,Paracoccus marcusii,0,1,pcuac_only,NA,WP_245008507.1,1
paracoccus haeundaensis,1192054;225362;265;225362,Paracoccus haeundaensis,0,1,pcuac_only,NA,WP_246071229.1,1
ponticaulis profundi,1192054;2665222;28211;2665222,Ponticaulis profundi,0,1,pcuac_only,NA,WP_046001731.1,1
pseudomonas synxantha,1736566;286;3059675;47883;75588;2565368;2738824;2740531;286;3681994;47883;47883,Pseudomonas synxantha,0,1,pcuac_only,NA,WP_046068530.1,1
aquincola tertiaricarbonis,2898432;391952;391953;391953,Aquincola tertiaricarbonis,0,1,pcuac_only,NA,WP_046110942.1,1
devosia limi,1121477;288995,Devosia limi;Devosia limi DSM 17137,0,1,pcuac_only,NA,WP_046136814.1,1
devosia epidermidihirudinis,1293439,Devosia epidermidihirudinis,0,1,pcuac_only,NA,WP_046139077.1,1
vibrio kanaloae,1638949;170673;662;170673,Vibrio kanaloae,0,1,pcuac_only,NA,WP_046223205.1,1
pandoraea oxalativorans,573737,Pandoraea oxalativorans,0,1,pcuac_only,NA,WP_046290406.1,1
polynucleobacter duraquae,1835254,Polynucleobacter duraquae,0,1,pcuac_only,NA,WP_046329803.1,1
pseudomonas veronii,1436001;2070574;2070575;2070576;2070577;2135759;2749807;2751367;2751368;2804561;286;2898483;2926673;306;76761;2083055;286;3048624;76761;2804605;2804607;2804608;286;3040598;306;3453711;517398;76761;286;2926022;2926023;76761;286;306;76761;76761,Pseudomonas veronii,0,1,pcuac_only,NA,WP_046383790.1,1
uncultured sphingomonas,13687;1462999;158754;1642949;1985880;158754,uncultured Sphingomonas sp.,0,1,pcuac_only,NA,WP_046408847.1,1
filomicrobium insigne,119044;1608628;2024831;418854,Filomicrobium;Filomicrobium insigne;Candidatus Filomicrobium marinum;Filomicrobium sp.,0,1,pcuac_only,NA,WP_046477690.1,1
lampropedia cohaerens,1610491,Lampropedia cohaerens,0,1,pcuac_only,NA,WP_046741279.1,1
unclassified achromobacter,1120623;134375;2282475;2626865;2860286;3341845;3341872;134375;1827284;2626865;1564112;1881016;2626865;1564112;2626865;3026082;1688405;2626865;2942202;1758194;2626865;3342385;1827284;2626865;3341846;3341847;3341866;2015170;2015171;2626865;2626865;3232705;3233048;2626865;3444093;3444097;2626865;3679876;3679877;3692508;2626865;3696425;3696435,unclassified Achromobacter;Achromobacter sp. MUI-25009338;Achromobacter sp. MUI-25019435-2;Achromobacter sp. MUI-25019435-1T,0,1,pcuac_only,NA,WP_046803054.1,1
afipia massiliensis,211460,Afipia massiliensis,0,1,pcuac_only,NA,WP_046829884.1,1
sedimenticola thiotaurini,1543721,Sedimenticola thiotaurini,0,1,pcuac_only,NA,WP_046859749.1,1
vibrio mexicanus,1004326,Vibrio mexicanus,0,1,pcuac_only,NA,WP_047044894.1,1
microvirga vignae,1225564,Microvirga vignae,0,1,pcuac_only,NA,WP_047192521.1,1
thioalkalivibrio versutus,106634,Thioalkalivibrio versutus,0,1,pcuac_only,NA,WP_047251494.1,1
diaphorobacter nitroreducens,164759;164759;1934310;238749;2952886;3060154;164759;1934310;238749;680496,Diaphorobacter nitroreducens,0,1,pcuac_only,NA,WP_047349839.1,1
allobosea massiliensis,151419;1871050;85413,Allobosea;Allobosea massiliensis;Bosea sp. (in: a-proteobacteria),0,1,pcuac_only,NA,WP_047577987.1,1
rhizobium anhuiense,1184720;1184720;2018689;1184720;2586985;3397853;379;1184720;2587075;379;2018689;2587067;2587069;2587070;2587094;379,Rhizobium anhuiense;Rhizobium anhuiense bv. trifolii,0,1,pcuac_only,NA,WP_047609933.1,1
rhizobium indigoferae,158891,Rhizobium indigoferae,0,1,pcuac_only,NA,WP_047621237.1,1
unclassified massilia,1406431;1707785;2609279;1678028;2609279;2738142;2744470;2919578;1756385;1756387;2609279;1882437;2609279;3050129;2609279;2709302;2709303;2609279;2775276;2775300;2609279;2804573;2804649;2609279;3252643;3680072,Massilia sp. UYP11;Massilia sp. UYP34;unclassified Massilia,0,1,pcuac_only,NA,WP_379747372.1,1
photobacterium aphoticum,754436,Photobacterium aphoticum,0,1,pcuac_only,NA,WP_047873241.1,1
photobacterium aquae,1195763,Photobacterium aquae,0,1,pcuac_only,NA,WP_047878196.1,1
photobacterium ganghwense,3020715;320778;657;320778,Photobacterium ganghwense,0,1,pcuac_only,NA,WP_047884576.1,1
pandoraea faecigallinarum,656179,Pandoraea faecigallinarum,0,1,pcuac_only,NA,WP_047906590.1,1
pseudomonas deceptionensis,882211,Pseudomonas deceptionensis,0,1,pcuac_only,NA,WP_048361934.1,1
pseudomonas weihenstephanensis,1608994;1608994;2804633;286,Pseudomonas weihenstephanensis,0,1,pcuac_only,NA,WP_048364869.1,1
pseudomonas helleri,1608996;1608996;286;3140471,Pseudomonas helleri,0,1,pcuac_only,NA,WP_048372061.1,1
pseudomonas taetrolens,1784816;286;47884;47884,Pseudomonas;Pseudomonas taetrolens;Pseudomonas sp. D1HM,0,1,pcuac_only,NA,WP_048379948.1,1
chromobacterium aquaticum,1628193;467180;535,Chromobacterium;Chromobacterium aquaticum;Chromobacterium sp. LK1,0,1,pcuac_only,NA,WP_048408367.1,1
methylobacterium platani,1295136;427683,Methylobacterium platani;Methylobacterium platani JCM 14648,0,1,pcuac_only,NA,WP_048434327.1,1
methylobacterium variabile,298794,Methylobacterium variabile,0,1,pcuac_only,NA,WP_048448087.1,1
methylobacterium tarhaniae,1187852,Methylobacterium tarhaniae,0,1,pcuac_only,NA,WP_048449484.1,1
methylobacterium aquaticum,270351;270351;2738439;407,Methylobacterium aquaticum,0,1,pcuac_only,NA,WP_203152687.1,1
marinobacter subterrani,1658765,Marinobacter subterrani,0,1,pcuac_only,NA,WP_048495254.1,1
vibrio coralliirubri,1516159;1516159;2929165;2929166;662;1516159;3229996;662,Vibrio coralliirubri,0,1,pcuac_only,NA,WP_048609827.1,1
pseudomonas fildesensis,1674920,Pseudomonas fildesensis,0,1,pcuac_only,NA,WP_048730758.1,1
photobacterium swingsii,680026,Photobacterium swingsii,0,1,pcuac_only,NA,WP_048899035.1,1
achromobacter ruhlandii,222;3151598;72557;72557,Achromobacter ruhlandii,0,1,pcuac_only,NA,WP_049076944.1,1
stenotrophomonas geniculata,2975363;2975400;2975416;2975427;40323;86188;3591789;40323;86188;86188,Stenotrophomonas geniculata,0,1,pcuac_only,NA,WP_049434621.1,1
stenotrophomonas pavanii,2899139;40323;487698;2944932;3002748;40323;487698;2954546;3002746;3002750;40323;487698;487698,Stenotrophomonas pavanii,0,1,pcuac_only,NA,WP_049469055.1,1
rhizobium ecuadorense,1671795,Rhizobium ecuadorense,0,1,pcuac_only,NA,WP_049735099.1,1
octadecabacter temperatus,1458307,Octadecabacter temperatus,0,1,pcuac_only,NA,WP_049835123.1,1
bradyrhizobium pachyrhizi,1419277;2591461;280333;2817704;3061630;3469640;3469644;3469665;3469666;3469678;3469679;3469686;3469687;3469688;3683834;374;280333,Bradyrhizobium pachyrhizi,0,1,pcuac_only,NA,WP_050384869.1,1
bradyrhizobium embrapense,3469682;374;630921;630921,Bradyrhizobium embrapense,0,1,pcuac_only,NA,WP_050402411.1,1
bradyrhizobium tropiciagri,312253,Bradyrhizobium tropiciagri,0,1,pcuac_only,NA,WP_128970965.1,1
achromobacter spanius,217203;217203;222;2282475;217203;222;2897384;3128540;217203;222;2940590;217203;222;2980498;217203;222;3341854;3341858;3341865;3341869;217203;222;3341858,Achromobacter spanius,0,1,pcuac_only,NA,WP_050446200.1,1
herbaspirillum autotrophicum,180195,Herbaspirillum autotrophicum,0,1,pcuac_only,NA,WP_050464621.1,1
herbaspirillum rhizosphaerae,346179,Herbaspirillum rhizosphaerae,0,1,pcuac_only,NA,WP_050476425.1,1
pseudorhodobacter wandonensis,1120568,Pseudorhodobacter wandonensis,0,1,pcuac_only,NA,WP_050524025.1,1
pseudorhodobacter aquimaris,687412,Pseudorhodobacter aquimaris,0,1,pcuac_only,NA,WP_050527629.1,1
bradyrhizobium viridifuturi,1654716;1654716;3057279;3057285;3057293;3057294;3057297;3057321;3057337;3057346;3057357;3420745;3420746;3420747;3420750;3420751;374,Bradyrhizobium;Bradyrhizobium viridifuturi;Bradyrhizobium sp. SZCCHNRI1058;Bradyrhizobium sp. SZCCHNRI2014;Bradyrhizobium sp. SZCCHNRI30511;Bradyrhizobium sp. SZCCHNRI30512;Bradyrhizobium sp. SZCCHNS1012;Bradyrhizobium sp. SZCCHNS3052;Bradyrhizobium sp. SZCCHNR1011;Bradyrhizobium sp. SZCCHNR1023;Bradyrhizobium sp. SZCCHNR1058;Bradyrhizobium sp. HKCCYLRH3059;Bradyrhizobium sp. HKCCYLR1023;Bradyrhizobium sp. HKCCYLR1022;Bradyrhizobium sp. HKCCYLRH1062;Bradyrhizobium sp. HKCCYLRH1034,0,1,pcuac_only,NA,WP_050626375.1,1
pseudomonas peradeniyensis,1478142;2745488;286;2866626;2745488,Pseudomonas peradeniyensis,0,1,pcuac_only,NA,WP_050705122.1,1
unclassified ottowia,1658672;1898956;2645081;1898956;2645081;3133968,Ottowia sp.;unclassified Ottowia;Ottowia sp. VDI28,0,1,pcuac_only,NA,WP_050715533.1,1
allomesorhizobium alhagi,1107882;475067,Allomesorhizobium alhagi;Mesorhizobium alhagi CCNWXJ12-2,0,1,pcuac_only,NA,WP_050898769.1,1
aestuariivita boseongensis,1470562,Aestuariivita boseongensis,0,1,pcuac_only,NA,WP_050929327.1,1
paludibacterium yongneupense,1122928;400061,Paludibacterium yongneupense;Paludibacterium yongneupense DSM 18731,0,1,pcuac_only,NA,WP_051229495.1,1
solimonas flava,1123257;415849,Solimonas flava;Solimonas flava DSM 18980,0,1,pcuac_only,NA,WP_051278342.1,1
hellea balneolensis,1121948;287478,Hellea balneolensis;Hellea balneolensis DSM 19091,0,1,pcuac_only,NA,WP_051279908.1,1
calidithermus chliarophilus,52023;926560,Calidithermus chliarophilus;Calidithermus chliarophilus DSM 9957,0,1,pcuac_only,NA,WP_051304057.1,1
chitinimonas koreensis,1121278;356302,Chitinimonas koreensis;Chitinimonas koreensis DSM 17726,0,1,pcuac_only,NA,WP_051319091.1,1
cucumibacter marinus,1121252;422296,Cucumibacter marinus DSM 18995;Cucumibacter marinus,0,1,pcuac_only,NA,WP_051332641.1,1
rhodovibrio salinarum,1087;1089552,Rhodovibrio salinarum;Rhodovibrio salinarum DSM 9154,0,1,pcuac_only,NA,WP_051432259.1,1
marinomonas ushuaiensis,1122207;263818,Marinomonas ushuaiensis;Marinomonas ushuaiensis DSM 15871,0,1,pcuac_only,NA,WP_051436030.1,1
nitrincola nitratireducens,1229521,Nitrincola nitratireducens,0,1,pcuac_only,NA,WP_051514560.1,1
hyphomonas beringensis,1280946,Hyphomonas beringensis,0,1,pcuac_only,NA,WP_051601286.1,1
snodgrassella communis,2946699,Snodgrassella communis,0,1,pcuac_only,NA,WP_051608152.1,1
hyphomonas chukchiensis,1280947,Hyphomonas chukchiensis,0,1,pcuac_only,NA,WP_341198229.1,1
hyphomonas oceanitis,1280953;81033;81033,Hyphomonas oceanitis,0,1,pcuac_only,NA,WP_051624432.1,1
rhodoluna lacicola,529884,Rhodoluna lacicola,0,1,pcuac_only,NA,WP_051636368.1,1
photobacterium galatheae,1654360,Photobacterium galatheae,0,1,pcuac_only,NA,WP_051642248.1,1
unclassified microbulbifer,1453501;2619833;3140242;2619833;3477719;3477762;3477765,unclassified Microbulbifer;Microbulbifer sp. ABF4_077;Microbulbifer sp. ABF4_107;Microbulbifer sp. ABE4_465,0,1,pcuac_only,NA,WP_051687312.1,1
thioclava atlantica,1317124,Thioclava atlantica,0,1,pcuac_only,NA,WP_051855434.1,1
candidatus odyssella,91604,Candidatus Odyssella acanthamoebae,0,1,pcuac_only,NA,WP_051908299.1,1
porticoccus hydrocarbonoclasticus,1073414;1073414;1123967;1256050;2024853,Porticoccus hydrocarbonoclasticus,0,1,pcuac_only,NA,WP_051921180.1,1
unclassified alteromonas,1298865;2603817;2614992;1537994;1538096;2614992;3459205;2614992;2795688;2795689;2614992;2917730;2917731;2614992;3349846;3349848,unclassified Alteromonas;Alteromonas sp. G4i13;Alteromonas sp. G4i21,0,1,pcuac_only,NA,WP_052010107.1,1
paracoccus halophilus,1263728;265;3453913;376733;376733,Paracoccus halophilus,0,1,pcuac_only,NA,WP_081967553.1,1
caldilinea aerophila,133453;2293560;233191;926550,Caldilinea aerophila;Caldilinea;Caldilinea aerophila DSM 14535 = NBRC 104270;Caldilinea sp.,0,1,pcuac_only,NA,WP_052317554.1,1
iodidimonas nitroreducens,1236968,Iodidimonas nitroreducens,0,1,pcuac_only,NA,WP_052371103.1,1
microbacterium gorillae,1231063,Microbacterium gorillae,0,1,pcuac_only,NA,WP_052460761.1,1
vreelandella aquamarina,2570357;28256;77097;28256;2908885;3472687;3472692;77097;77097,Vreelandella aquamarina,0,1,pcuac_only,NA,WP_052509962.1,1
candidatus phaeomarinibacter,1458461,Candidatus Phaeomarinibacter ectocarpi,0,1,pcuac_only,NA,WP_052534971.1,1
stenotrophomonas bentonitica,1450134;1450134;1904462;40323;1450134;1904944;3027225;3715232;40323;1450134;3027225;40323;1450134;3029188;40323,Stenotrophomonas bentonitica,0,1,pcuac_only,NA,WP_052727546.1,1
arsukibacterium ikkense,336831,Arsukibacterium ikkense,0,1,pcuac_only,NA,WP_052749131.1,1
streptomyces kasugaensis,1883;1946;2690328;58344,Streptomyces;Streptomyces kasugaensis;Streptomyces celluloflavus;Streptomyces sp. SID7805,0,1,pcuac_only,NA,WP_052861725.1,1
devosia soli,361041,Devosia soli,0,1,pcuac_only,NA,WP_052951889.1,1
thalassomonas actiniarum,485447,Thalassomonas actiniarum,0,1,pcuac_only,NA,WP_053042836.1,1
unclassified marinobacter,1671721;1946822;83889;1749259;3093719;3096990;3096991;83889;1946815;1946819;50741;83889;2582919;2926403;83889;3062627;3062679;83889,unclassified Marinobacter;Marinobacter sp. 1_MG-2023;Marinobacter sp. 2_MG-2023,0,1,pcuac_only,NA,WP_200361724.1,1
pseudomonas thivervalensis,86265,Pseudomonas thivervalensis,0,1,pcuac_only,NA,WP_053118033.1,1
limnohabitans planktonicus,1293045;540060,Limnohabitans planktonicus;Limnohabitans planktonicus II-D5,0,1,pcuac_only,NA,WP_053172603.1,1
vibrio nereis,1219068;693;693,Vibrio nereis,0,1,pcuac_only,NA,WP_053393836.1,1
vibrio hepatarius,171383,Vibrio hepatarius,0,1,pcuac_only,NA,WP_053410834.1,1
rheinheimera tangshanensis,1635005;400153;400532;67575,Rheinheimera;Rheinheimera tangshanensis;uncultured Rheinheimera sp.;Rheinheimera sp. KL1,0,1,pcuac_only,NA,WP_053425610.1,1
stenotrophomonas muris,2817856;2963283;3156434;3469726;40323;2963283,Stenotrophomonas muris,0,1,pcuac_only,NA,WP_053494919.1,1
bartonella ancashensis,1318743,Bartonella ancashensis,0,1,pcuac_only,NA,WP_053943918.1,1
pseudideonella sakaiensis,1547922,Pseudideonella sakaiensis,0,1,pcuac_only,NA,WP_418318432.1,1
rhizobium acidisoli,1538158,Rhizobium acidisoli,0,1,pcuac_only,NA,WP_054183072.1,1
allobosea vaviloviae,1526658,Allobosea vaviloviae,0,1,pcuac_only,NA,WP_054210453.1,1
paenacidovorax caeni,1194168;343013;80864,Comamonadaceae;Paenacidovorax caeni;Comamonas jiangduensis,0,1,pcuac_only,NA,WP_054257518.1,1
gulbenkiania mobilis,397457,Gulbenkiania mobilis,0,1,pcuac_only,NA,WP_054285240.1,1
achromobacter kerstersii,1353890;1353890;222;3232705;3232933;3232960;3232961;3233048;1353890;222;3232933;3232960;3232961,Achromobacter kerstersii,0,1,pcuac_only,NA,WP_054420694.1,1
achromobacter aegrifaciens,1287736;1287736;134375;222;1287736;222;2292262;2769298;2769300;2769305;1287736;222;2292262;2769298;2769300;2769312;1287736;222;2769305;1287736;222;2782011;1287736;222;2942203,Achromobacter aegrifaciens,0,1,pcuac_only,NA,WP_054456910.1,1
idiomarina abyssalis,135575;1874361;1946644;86102;135575;1874361;86102;135575;3110479;3418368;86102;86102,Idiomarina abyssalis,0,1,pcuac_only,NA,WP_054489678.1,1
achromobacter dolens,1287738;1287738;222;3085759;3142974;3444091;1287738;222;3142974;1287738;222;3444091,Achromobacter dolens,0,1,pcuac_only,NA,WP_054500374.1,1
thermanaerothrix daxensis,869279,Thermanaerothrix daxensis,0,1,pcuac_only,NA,WP_054521580.1,1
herpetosiphon geysericola,70996,Herpetosiphon geysericola,0,1,pcuac_only,NA,WP_054535000.1,1
actibacterium naphthalenivorans,1433986;1609966;1614693,Actibacterium;Actibacterium sp. EMB200-NS6;Actibacterium naphthalenivorans,0,1,pcuac_only,NA,WP_054537859.1,1
stenotrophomonas pictorum,1236960;3466887;40323,Stenotrophomonas;Stenotrophomonas pictorum JCM 9942;Stenotrophomonas sp. STEN013,0,1,pcuac_only,NA,WP_054657105.1,1
shewanella japonica,1723761;22;2775245;3229711;93973,Shewanella;Shewanella japonica;Shewanella sp. P1-14-1;Shewanella sp. ENK2;Shewanella sp. 10N.286.52.A9,0,1,pcuac_only,NA,WP_055023438.1,1
blastochloris viridis,1079,Blastochloris viridis,0,1,pcuac_only,NA,WP_055037816.1,1
pseudomonas endophytica,1563157,Pseudomonas endophytica,0,1,pcuac_only,NA,WP_055102877.1,1
roseibium album,311410,Roseibium album,0,1,pcuac_only,NA,WP_055111337.1,1
pseudomonas corrugata,47879,Pseudomonas corrugata,0,1,pcuac_only,NA,WP_198724132.1,1
aliiroseovarius crassostreae,154981,Aliiroseovarius crassostreae,0,1,pcuac_only,NA,WP_424944757.1,1
arthrobacter luteolus,1663;1732020;98672,Arthrobacter;Arthrobacter luteolus;Arthrobacter sp. Edens01,0,1,pcuac_only,NA,WP_055239209.1,1
acidovorax facilis,12916;12917;1690268;2135633;2854788;2854789;3406694;3459306;3704096;12917,Acidovorax facilis,0,1,pcuac_only,NA,WP_055395359.1,1
gulbenkiania indica,375574,Gulbenkiania indica,0,1,pcuac_only,NA,WP_055433930.1,1
pseudidiomarina woesei,1381080,Pseudidiomarina woesei,0,1,pcuac_only,NA,WP_055439682.1,1
thiomonas bhubaneswarensis,339866,Thiomonas bhubaneswarensis,0,1,pcuac_only,NA,WP_055449590.1,1
pannonibacter indicus,466044,Pannonibacter indicus,0,1,pcuac_only,NA,WP_055455179.1,1
marinomonas fungiae,1137284,Marinomonas fungiae,0,1,pcuac_only,NA,WP_055463395.1,1
jannaschia rubra,282197,Jannaschia rubra,0,1,pcuac_only,NA,WP_055683902.1,1
agarivorans gilvus,680279,Agarivorans gilvus,0,1,pcuac_only,NA,WP_055734140.1,1
xanthomonas arboricola,1432057;56448;1736275;338;56448;1843581;3059651;3059652;338;56448;743699;338;56448;743699;487823;56448;487867;56448;56448;56448;92827,Xanthomonas arboricola,0,1,pcuac_only,NA,WP_055847729.1,1
acidovorax delafieldii,12916;1736527;1736565;1872122;2056855;2135634;2135635;2769310;3453900;47920;12916;2035204;2035206;3240874;47920;47920,Acidovorax delafieldii,0,1,pcuac_only,NA,WP_056065416.1,1
unclassified hydrogenophaga,1736490;1904254;2610897;1904254;1985169;2610897;1904254;2610897;3406719;2610897;3688071;3688072,unclassified Hydrogenophaga;Hydrogenophaga sp. L76;Hydrogenophaga sp. L310,0,1,pcuac_only,NA,WP_086125347.1,1
achromobacter mucicolens,1389922;1389922;1736480;222;1389922;222;2756133;1389922;222;2756133;2824765;1389922;222;2768442;2893881;3141581;1389922;222;2824765;1389922;222;3141581,Achromobacter mucicolens,0,1,pcuac_only,NA,WP_056319522.1,1
unclassified rhizobium,1703961;1703966;2613769;1703969;1703972;2613769;1703970;1703971;2613769;1720346;2494255;2613769;1736359;1736360;1736380;2613769;1736428;1736456;1736596;2613769;1736429;1736506;2613769;1736437;1736507;2613769;1764277;1764278;2613769;1841611;2613769;3035209;3035210;3035212;3035213;3035216;3035217;1841654;2613769;3055140;1947375;2613769;391;2020313;2035454;2613769;2364271;2364272;2613769;2512120;2586983;2613769;2512130;2586984;2613769;2572675;2572676;2613769;2586987;2586988;2587068;2613769;3389070;2587063;2587071;2587072;2613769;2613769;2726737;2726739;2613769;2731096;2731099;2731104;2613769;2731098;2731102;2613769;2731106;2731121;2613769;2775305;2775307;2613769;2819992;2819993;2819994;2819995;2819996;2819997;2819998;2820000;3422662;3422663;3422706;2613769;2819999;2875953;2875954;2875955;2875956;2875957;2875958;2875959;2875960;3422698;3422699;2613769;2979861;2979863;2613769;2986922;2986929;2613769;3035123;3035124;2613769;3055039;3232731;2613769;3158966;3158967;2613769;3232394;3232402;2613769;3232760;3232761;2613769;3232791;3232967;2613769;3406709;3406711;2613769;3416701;3416702;2613769;685869;685881,unclassified Rhizobium;Rhizobium sp. FG113;Rhizobium sp. FG115,0,1,pcuac_only,NA,WP_097102483.1,1
methylobacterium goesingense,1736254;243690;407,Methylobacterium;Methylobacterium goesingense;Methylobacterium sp. Leaf104,0,1,pcuac_only,NA,WP_056473671.1,1
unclassified aureimonas,1736375;1736384;2615206,Aureimonas sp. Leaf427;Aureimonas sp. Leaf460;unclassified Aureimonas,0,1,pcuac_only,NA,WP_056695763.1,1
pseudomonas libanensis,75588,Pseudomonas libanensis,0,1,pcuac_only,NA,WP_057014792.1,1
colwellia marinimaniae,1513592;1718921;28228,Colwellia;Colwellia marinimaniae;Colwellia sp. MT2012,0,1,pcuac_only,NA,WP_057182948.1,1
pseudomonas gessardii,114707;2717485;2717486;2717487;2717488;2741068;2745512;2797526;2797529;2797532;2797533;2797535;2797537;286;2864101;2954089;2994641;306;78544;879558;78544,Pseudomonas gessardii,0,1,pcuac_only,NA,WP_057438666.1,1
stenotrophomonas beteli,3384461,Stenotrophomonas beteli,0,1,pcuac_only,NA,WP_057496207.1,1
stenotrophomonas chelatiphaga,2760084;40323;517011;517011,Stenotrophomonas chelatiphaga,0,1,pcuac_only,NA,WP_057508867.1,1
roseovarius atlanticus,1641875;1852027;2587847;2587850;3046695;3046713;3449222;74030;1641875;1917485;2587846;2587847;2587850;2854170;3449222,Roseovarius;Roseovarius atlanticus;Roseovarius confluentis;Roseovarius sp. THAF9;Roseovarius sp. THAF27;Roseovarius sp. MMSF_3298;Roseovarius sp. MMSF_3448;Roseovarius sp. C03,0,1,pcuac_only,NA,WP_057796919.1,1
roseovarius indicus,540747,Roseovarius indicus,0,1,pcuac_only,NA,WP_236553410.1,1
bradyrhizobium retamae,1300035,Bradyrhizobium retamae,0,1,pcuac_only,NA,WP_057844304.1,1
bradyrhizobium valentinum,1518501,Bradyrhizobium valentinum,0,1,pcuac_only,NA,WP_057849157.1,1
bradyrhizobium lablabi,374;722472;931866;722472,Bradyrhizobium lablabi,0,1,pcuac_only,NA,WP_063800277.1,1
pseudohongiella spirulinae,1249552,Pseudohongiella spirulinae,0,1,pcuac_only,NA,WP_058021325.1,1
pseudoalteromonas phenolica,1315281;161398;161398,Pseudoalteromonas phenolica,0,1,pcuac_only,NA,WP_058028693.1,1
thalassovita autumnalis,1979401;2072972;335927,Thalassovita;Thalassovita sp.;Thalassovita autumnalis,0,1,pcuac_only,NA,WP_058243347.1,1
tropicibacter naphthalenivorans,1652492;2854170;441103;441103,Tropicibacter naphthalenivorans;Donghicola tyrosinivorans;Roseobacteraceae,0,1,pcuac_only,NA,WP_058249020.1,1
thalassovita gelatinovora,53501,Thalassovita gelatinovora,0,1,pcuac_only,NA,WP_058262939.1,1
ruegeria atlantica,1173585;3437542;3437544;3437548;3437549;3437552;3437578;3437679;3437681;81569;97050;1173585;3437547;3437617;3437641;81569;97050;2587853;2682995;2682998;2683002;3437409;81569;97050;2966453;3437584;3437585;81569;97050;3437469;3437546;3437558;3437561;3437562;3437567;3437569;3437570;3437571;3437572;3437573;3437574;3437575;3437576;3437663;3437669;81569;97050;81569,Ruegeria atlantica,0,1,pcuac_only,NA,WP_058272215.1,1
ruegeria denitrificans,1715692,Ruegeria denitrificans,0,1,pcuac_only,NA,WP_058282395.1,1
tritonibacter multivorans,928856,Tritonibacter multivorans,0,1,pcuac_only,NA,WP_058289205.1,1
cognatishimia activa,1715691,Cognatishimia activa,0,1,pcuac_only,NA,WP_058315361.1,1
vitreoscilla massiliensis,1689272,Vitreoscilla massiliensis,0,1,pcuac_only,NA,WP_058357371.1,1
pandoraea norimbergensis,93219,Pandoraea norimbergensis,0,1,pcuac_only,NA,WP_058376823.1,1
pseudomonas allii,2740531,Pseudomonas allii,0,1,pcuac_only,NA,WP_058423945.1,1
idiomarina zobellii,135575;1874361;1946647;86103;135575;1874361;3100175;352961;86103;135575;1874361;352961;86103;86103,Idiomarina zobellii,0,1,pcuac_only,NA,WP_058577078.1,1
tepidimonas taiwanensis,307486,Tepidimonas taiwanensis,0,1,pcuac_only,NA,WP_058616037.1,1
pseudoponticoccus marisrubri,1685382,Pseudoponticoccus marisrubri,0,1,pcuac_only,NA,WP_058860139.1,1
comamonas kerstersii,225992,Comamonas kerstersii,0,1,pcuac_only,NA,WP_058879512.1,1
roseateles depolymerans,76731,Roseateles depolymerans,0,1,pcuac_only,NA,WP_058934147.1,1
brucella vulpis,981386,Brucella vulpis,0,1,pcuac_only,NA,WP_059243211.1,1
aquitalea magnusonii,332411,Aquitalea magnusonii,0,1,pcuac_only,NA,WP_089082952.1,1
burkholderia vietnamiensis,60552,Burkholderia vietnamiensis,0,1,pcuac_only,NA,WP_059582037.1,1
pseudomonas alabamensis,3064349,Pseudomonas alabamensis,0,1,pcuac_only,NA,WP_060395078.1,1
pseudomonas versuta,1788301,Pseudomonas versuta,0,1,pcuac_only,NA,WP_060695653.1,1
pseudomonas palleroniana,191390;191390;2202823;2795987;286;3158963;3158964,Pseudomonas palleroniana,0,1,pcuac_only,NA,WP_060752521.1,1
aliivibrio sifiae,566293,Aliivibrio sifiae,0,1,pcuac_only,NA,WP_060992836.1,1
photobacterium aquimaris,2305995;512643;657;512643,Photobacterium aquimaris,0,1,pcuac_only,NA,WP_060997229.1,1
marinobacter alkaliphilus,1306954;1389223;254719;2742;3075616;3402164,Marinobacter;Marinobacter alkaliphilus;Marinobacter excellens LAMA 842;Marinobacter shengliensis;Marinobacter sp. KM021;Marinobacter sp. GH_1,0,1,pcuac_only,NA,WP_061333345.1,1
vibrio cidicii,1763883,Vibrio cidicii,0,1,pcuac_only,NA,WP_061893878.1,1
bellilinea caldifistulae,360411,Bellilinea caldifistulae,0,1,pcuac_only,NA,WP_061916653.1,1
aureimonas jatrophae,1166073;1166073;1166078;1638162;414371,Aureimonas jatrophae,0,1,pcuac_only,NA,WP_061934860.1,1
collimonas pratensis,279113,Collimonas pratensis,0,1,pcuac_only,NA,WP_061944664.1,1
beggiatoa leptomitoformis,288004,Beggiatoa leptomitoformis,0,1,pcuac_only,NA,WP_062147448.1,1
celeribacter marinus,1397108,Celeribacter marinus,0,1,pcuac_only,NA,WP_062216347.1,1
rhodopseudomonas pseudopalustris,1513892,Rhodopseudomonas pseudopalustris,0,1,pcuac_only,NA,WP_092684120.1,1
herbidospora yilanensis,354426,Herbidospora yilanensis,0,1,pcuac_only,NA,WP_062357509.1,1
rhizobium altiplani,1864509,Rhizobium altiplani,0,1,pcuac_only,NA,WP_062368374.1,1
pseudomonas abietaniphila,286;3233487;89065;89065,Pseudomonas abietaniphila,0,1,pcuac_only,NA,WP_062378897.1,1
herbidospora daliensis,295585,Herbidospora daliensis,0,1,pcuac_only,NA,WP_062431662.1,1
roseibium algicola,1674922;2821832;2857014;2857014;2872591;356,Hyphomicrobiales;Roseibium algicola;Oricola indica,0,1,pcuac_only,NA,WP_062492073.1,1
paracoccus aminovorans,34004,Paracoccus aminovorans,0,1,pcuac_only,NA,WP_062560407.1,1
pseudoalteromonas shioyasakiensis,1190813;1190813;2743616;2743617;2743619;53246;1190813;2822846;2954496;3107774;53246;1190813;53246;53249,Pseudoalteromonas;Pseudoalteromonas sp.;Pseudoalteromonas shioyasakiensis,0,1,pcuac_only,NA,WP_062566537.1,1
pseudoalteromonas arabiensis,1539746;2907242;53246;874454,Pseudoalteromonas;Pseudoalteromonas arabiensis;Pseudoalteromonas sp. L21;Pseudoalteromonas sp. PB2-1,0,1,pcuac_only,NA,WP_062568544.1,1
achromobacter denitrificans,1255278;134375;222;32002;32002,Achromobacter denitrificans,0,1,pcuac_only,NA,WP_062683300.1,1
photobacterium sanguinicancri,875932,Photobacterium sanguinicancri,0,1,pcuac_only,NA,WP_062687934.1,1
sphingopyxis terrae,1219058;165697;2933562;1219058;33052;165697;2448440;2744457;33052;33052;429001,Sphingopyxis terrae;Sphingopyxis terrae subsp. ummariensis,0,1,pcuac_only,NA,WP_062770664.1,1
cupriavidus nantongensis,1796606,Cupriavidus nantongensis,0,1,pcuac_only,NA,WP_062796332.1,1
thalassospira lucentensis,1177929;1470576;168934;168935;1912094;220697;2821088;478503;1470575;168934;168935;1891279;1912094;3093720;3096989;393657;501834;502049;168935,Thalassospira lucentensis,0,1,pcuac_only,NA,WP_167446366.1,1
unclassified thalassospira,1912094;2648997;3107769;2648997;3093720;3096989;2648997;501863;501868,unclassified Thalassospira;Thalassospira sp. MIT1370;Thalassospira sp. MIT121401,0,1,pcuac_only,NA,WP_412558745.1,1
cupriavidus oxalaticus,106589;2546443;2782182;3242158;96344;1349762;96344;96344,Cupriavidus oxalaticus,0,1,pcuac_only,NA,WP_063241120.1,1
pseudovibrio ascidiaceicola,1735585;258255;285279;285279,Pseudovibrio ascidiaceicola,0,1,pcuac_only,NA,WP_063299132.1,1
unclassified marinomonas,1561205;1561206;196814,unclassified Marinomonas;Marinomonas sp. SBI8L;Marinomonas sp. SBI22,0,1,pcuac_only,NA,WP_063339131.1,1
pseudoalteromonas luteoviolacea,1365248;43657;43657,Pseudoalteromonas luteoviolacea,0,1,pcuac_only,NA,WP_063370025.1,1
unclassified acidovorax,1813946;1872122;2684926;1858609;2006116;2684926;1872122;1943571;2684926;1872122;2684926;3363889;3390544;2684926;2854790;2854791;2854792;2684926;3342256;3342334,unclassified Acidovorax;Acidovorax sp. LjRoot118;Acidovorax sp. LjRoot66,0,1,pcuac_only,NA,WP_063462395.1,1
vibrio chagasii,170679;170679;1822216;2779368;662;170679;1880849;662,Vibrio chagasii,0,1,pcuac_only,NA,WP_063525377.1,1
stutzerimonas frequens,2901164;2968969;2998559;2901164;2968969;3569266;2968969,Stutzerimonas frequens,0,1,pcuac_only,NA,WP_063542938.1,1
vibrio barjaei,1676683,Vibrio barjaei,0,1,pcuac_only,NA,WP_063604671.1,1
bradyrhizobium neotropicale,1497615,Bradyrhizobium neotropicale,0,1,pcuac_only,NA,WP_063681086.1,1
bradyrhizobium stylosanthis,1803665,Bradyrhizobium stylosanthis,0,1,pcuac_only,NA,WP_063683201.1,1
pseudoalteromonas gelatinilytica,1703256;1703256;2077094;53246;579560;1703256;2077095;53246;53249,Pseudoalteromonas gelatinilytica,0,1,pcuac_only,NA,WP_063702737.1,1
bradyrhizobium centrolobii,1505087,Bradyrhizobium centrolobii,0,1,pcuac_only,NA,WP_063708786.1,1
skermanella aerolata,1385368;393310;393310,Skermanella aerolata,0,1,pcuac_only,NA,WP_063772217.1,1
eikenella halliae,1795832,Eikenella halliae,0,1,pcuac_only,NA,WP_064089047.1,1
sulfitobacter geojensis,1342299,Sulfitobacter geojensis,0,1,pcuac_only,NA,WP_386625509.1,1
sinorhizobium glycinis,1472378,Sinorhizobium glycinis,0,1,pcuac_only,NA,WP_064240381.1,1
xanthomonas nasturtii,1843581;1843581;3161563;3161564;338,Xanthomonas;Xanthomonas nasturtii;Xanthomonas sp. WHRI 10207;Xanthomonas sp. WHRI 10208,0,1,pcuac_only,NA,WP_064634497.1,1
rhizobium bangladeshense,1138189;1138189;2731105;2731107;2731108;2731109;2731110;2731111;2731112;2731113;2731114;2731116;2731117;2731118;2731119;2731120;379,Rhizobium bangladeshense,0,1,pcuac_only,NA,WP_064685472.1,1
rhizobium aethiopicum,1138170,Rhizobium aethiopicum,0,1,pcuac_only,NA,WP_064691716.1,1
lysobacter antibioticus,1286308;84531,Lysobacter antibioticus;Lysobacter antibioticus HS124,0,1,pcuac_only,NA,WP_064748009.1,1
thalassospira tepidiphila,1177930;393657;168934;1947675;2785908;3107776;393657;404382;393657,Thalassospira tepidiphila,0,1,pcuac_only,NA,WP_064782138.1,1
thalassospira indica,1891279,Thalassospira indica,0,1,pcuac_only,NA,WP_064788938.1,1
rhizobium esperanzae,1703960;1703962;1703964;1703965;1703967;1703968;1967781;379;1967781,Rhizobium esperanzae,0,1,pcuac_only,NA,WP_064810449.1,1
unclassified shewanella,1853256;196818;2822691;1880833;1880834;1880837;1880838;196818;3062635;3062652;3062656;3062660;3229707;3229708;1880836;196818;3062629;3062630;3062667;3229715;3229720;196818;2058304;2058309;196818;2746932;2746933;392163;196818;2760936;50422;196818;2815916;2815917;196818;2912800;2912813;196818;3436240;3436241,unclassified Shewanella;Shewanella sp. HL-SH4;Shewanella sp. HL-SH5,0,1,pcuac_only,NA,WP_182680443.1,1
unclassified aliivibrio,1840085;1840086;1840087;2645654;2645654;3028423;3028424;2645654;3028425;3028426;3028430;3028431;3028432;3028433,unclassified Aliivibrio;Aliivibrio sp. S2MY1;Aliivibrio sp. S3MY1,0,1,pcuac_only,NA,WP_065592810.1,1
vibrio diabolicus,150340;2527672;50719;662;150340;2650943;2650944;3476219;50719;662;150340;2945079;50719;662;150340;2976237;50719;662;2527672;3080011;50719;662;2527672;50719;662;2822845;50719;662;3473456;50719;662;50719,Vibrio diabolicus,0,1,pcuac_only,NA,WP_258652322.1,1
bradyrhizobium icense,1274631,Bradyrhizobium icense,0,1,pcuac_only,NA,WP_065729144.1,1
bradyrhizobium paxllaeri,190148,Bradyrhizobium paxllaeri,0,1,pcuac_only,NA,WP_084030450.1,1
pseudomonas defluvii,1876757;1876757;2049589;286,Pseudomonas defluvii,0,1,pcuac_only,NA,WP_065757796.1,1
pseudomonas aylmerensis,1869229;2083056;2796387;286;2971624;2991434,Pseudomonas;Pseudomonas aylmerensis;Pseudomonas sp. S5D5;Pseudomonas sp. TH21;Pseudomonas sp. 13B_2.1_Bac1;Pseudomonas sp. PS01298,0,1,pcuac_only,NA,WP_065907662.1,1
pseudomonas salomonii,1844108;191391;286;191391,Pseudomonas salomonii,0,1,pcuac_only,NA,WP_065929574.1,1
campylobacter ornithocola,1848766,Campylobacter ornithocola,0,1,pcuac_only,NA,WP_066006812.1,1
pseudooceanicola marinus,1193142;1850250;1889770;204455;2211117;2794833;3425949;396013;1679449;3425949;396013;31989;3388424;396013;396013,Pseudooceanicola marinus;Pseudooceanicola;Pseudooceanicola sp. 200-1SW,0,1,pcuac_only,NA,WP_198431832.1,1
hydrogenophaga crassostreae,1763535,Hydrogenophaga crassostreae,0,1,pcuac_only,NA,WP_066086807.1,1
bordetella ansorpii,288768,Bordetella ansorpii,0,1,pcuac_only,NA,WP_066125112.1,1
haematospirillum jordaniae,1549855,Haematospirillum jordaniae,0,1,pcuac_only,NA,WP_066134065.1,1
hydrogenophaga pseudoflava,1349792;47421;1882399;47420;47421;47421,Hydrogenophaga pseudoflava,0,1,pcuac_only,NA,WP_066158680.1,1
aliarcobacter skirrowii,1032239;28200;28200,Aliarcobacter skirrowii,0,1,pcuac_only,NA,WP_066160045.1,1
arcobacter porcinus,1935204,Arcobacter porcinus,0,1,pcuac_only,NA,WP_066170943.1,1
aliarcobacter thereius,1032240;544718;544718,Aliarcobacter thereius;Aliarcobacter thereius LMG 24486,0,1,pcuac_only,NA,WP_066181967.1,1
parahoeflea olei,1480615,Parahoeflea olei,0,1,pcuac_only,NA,WP_066184639.1,1
hydrogenophaga flava,1349752;65657,Hydrogenophaga flava;Hydrogenophaga flava NBRC 102514,0,1,pcuac_only,NA,WP_084383109.1,1
hydrogenophaga palleronii,1349791;65655;65655,Hydrogenophaga palleronii,0,1,pcuac_only,NA,WP_066273589.1,1
azohydromonas lata,1314749;45677;45677,Azohydromonas lata,0,1,pcuac_only,NA,WP_066330493.1,1
halomonas chromatireducens,507626,Halomonas chromatireducens,0,1,pcuac_only,NA,WP_066445206.1,1
comamonas terrae,673548,Comamonas terrae,0,1,pcuac_only,NA,WP_066480172.1,1
bradyrhizobium macuxiense,1755647;1755647;374;418598,Bradyrhizobium;Bradyrhizobium sp. INPA03-11B;Bradyrhizobium macuxiense,0,1,pcuac_only,NA,WP_066505383.1,1
celeribacter halophilus,576117,Celeribacter halophilus,0,1,pcuac_only,NA,WP_066604155.1,1
crenobacter luteus,1452487,Crenobacter luteus,0,1,pcuac_only,NA,WP_066614885.1,1
brevundimonas vesicularis,1349759;41276,Brevundimonas vesicularis;Brevundimonas vesicularis NBRC 12165,0,1,pcuac_only,NA,WP_066623260.1,1
bordetella flabilis,463014,Bordetella flabilis,0,1,pcuac_only,NA,WP_066663644.1,1
curvibacter delicatus,1349763;80879,Curvibacter delicatus;Curvibacter delicatus NBRC 14919,0,1,pcuac_only,NA,WP_066705275.1,1
celeribacter ethanolicus,1758178,Celeribacter ethanolicus,0,1,pcuac_only,NA,WP_096806874.1,1
sphingomonas pituitosa,1219051;99597,Sphingomonas pituitosa;Sphingomonas pituitosa NBRC 102491,0,1,pcuac_only,NA,WP_066720007.1,1
campylobacter hepaticus,1813019,Campylobacter hepaticus,0,1,pcuac_only,NA,WP_066778373.1,1
frigidibacter mobilis,1335048,Frigidibacter mobilis,0,1,pcuac_only,NA,WP_066809807.1,1
sinorhizobium saheli,36856,Sinorhizobium saheli,0,1,pcuac_only,NA,WP_066870532.1,1
rhizorhabdus dicambivorans,1850238,Rhizorhabdus dicambivorans,0,1,pcuac_only,NA,WP_066969714.1,1
marinomonas gallaica,1806667,Marinomonas gallaica,0,1,pcuac_only,NA,WP_417504994.1,1
marinomonas atlantica,1806668,Marinomonas atlantica,0,1,pcuac_only,NA,WP_067094261.1,1
marinomonas aquimarina,295068,Marinomonas aquimarina,0,1,pcuac_only,NA,WP_067211456.1,1
stappia indica,538381,Stappia indica,0,1,pcuac_only,NA,WP_067216117.1,1
devosia elaeis,1770058,Devosia elaeis,0,1,pcuac_only,NA,WP_067451253.1,1
endozoicomonas ascidiicola,1698521,Endozoicomonas ascidiicola,0,1,pcuac_only,NA,WP_067518646.1,1
oceanibaculum pacificum,580166,Oceanibaculum pacificum,0,1,pcuac_only,NA,WP_067552582.1,1
eikenella longinqua,1795827;2866577;538,Eikenella;Eikenella longinqua;Eikenella sp. Marseille-P7795,0,1,pcuac_only,NA,WP_067589990.1,1
unclassified sulfitobacter,1822224;1822226;1822251;196795;1822225;1822232;1822268;196795;1822238;196795;2575437;2731150;2731151;2731152;2731153;2731154;2821105;3368582;3368583;3368584;3368585;3368586;1903071;196795;1968541;3079556;1903071;196795;3472676;196795;1968541;2867024;196795;2731155;2731156;2731157;2731158;2731159;2731160;2731161;2731162;2731164;2731165;2731166;2731167;2731168;2731169;2731170;2731171;2731172;2731173;2731174;2731175;2731176;2731177;2731178;2731179;2731180;2731181;196795;3368589;3368590;3368591;196795;3368593;3368595;3368596,unclassified Sulfitobacter;Sulfitobacter sp.;Sulfitobacter sp. L-8,0,1,pcuac_only,NA,WP_276152243.1,1
agrobacterium bohemicum,2052828,Agrobacterium bohemicum,0,1,pcuac_only,NA,WP_067644171.1,1
orrella dioscoreae,1851544,Orrella dioscoreae,0,1,pcuac_only,NA,WP_067756190.1,1
nocardia amikacinitolerans,1379680;756689;756689,Nocardia amikacinitolerans,0,1,pcuac_only,NA,WP_067783235.1,1
nocardia lijiangensis,1210083;299618;299618,Nocardia lijiangensis,0,1,pcuac_only,NA,WP_067834446.1,1
uncultured sulfitobacter,1903071;191468;196795;2735435;3421172;1903071;191468;3158557;60136;191468,uncultured Sulfitobacter sp.,0,1,pcuac_only,NA,WP_299871101.1,1
aminobacter aminovorans,1870862;2666139;31988;83263;83263,Aminobacter aminovorans,0,1,pcuac_only,NA,WP_067956022.1,1
nocardia xishanensis,1210101;238964;238964,Nocardia xishanensis,0,1,pcuac_only,NA,WP_068053429.1,1
kordiimonas lipolytica,1662421,Kordiimonas lipolytica,0,1,pcuac_only,NA,WP_068143457.1,1
hydrogenophaga taeniospiralis,1281780;65656;65656,Hydrogenophaga taeniospiralis,0,1,pcuac_only,NA,WP_068167251.1,1
tritonibacter horizontis,1768241,Tritonibacter horizontis,0,1,pcuac_only,NA,WP_068242345.1,1
kordiimonas lacus,1946675;288021;637679;637679,Kordiimonas;Kordiimonas lacus;Kordiimonas sp. UBA4487,0,1,pcuac_only,NA,WP_068301610.1,1
polycladidibacter hongkongensis,1647556,Polycladidibacter hongkongensis,0,1,pcuac_only,NA,WP_068318302.1,1
polynucleobacter yangtzensis,1743159,Polynucleobacter yangtzensis,0,1,pcuac_only,NA,WP_068323631.1,1
photobacterium jeanii,858640,Photobacterium jeanii,0,1,pcuac_only,NA,WP_068332940.1,1
ruegeria profundi,1685378,Ruegeria profundi,0,1,pcuac_only,NA,WP_068337512.1,1
ruegeria marisrubri,1685379;1685379;2690707;97050,Ruegeria;Ruegeria marisrubri;Ruegeria sp. HKCCD6157,0,1,pcuac_only,NA,WP_068348766.1,1
magnetospirillum moscoviense,1437059,Magnetospirillum moscoviense,0,1,pcuac_only,NA,WP_068501771.1,1
thalassospira povalilytica,168934;1769751;732237;732237,Thalassospira povalilytica,0,1,pcuac_only,NA,WP_101248136.1,1
thalassotalea crassostreae,1763536,Thalassotalea crassostreae,0,1,pcuac_only,NA,WP_068544251.1,1
thauera butanivorans,1219356;86174,Thauera butanivorans;Thauera butanivorans NBRC 103042,0,1,pcuac_only,NA,WP_068639574.1,1
rhodobacter xanthinilyticus,1850250,Rhodobacter xanthinilyticus,0,1,pcuac_only,NA,WP_068765831.1,1
thauera phenolivorans,1792543,Thauera phenolivorans,0,1,pcuac_only,NA,WP_068807295.1,1
perlucidibaca aquatica,1852776,Perlucidibaca aquatica,0,1,pcuac_only,NA,WP_068860401.1,1
paramesorhizobium deserti,1494590,Paramesorhizobium deserti,0,1,pcuac_only,NA,WP_068880216.1,1
veronia pacifica,1080227,Veronia pacifica,0,1,pcuac_only,NA,WP_068899039.1,1
polynucleobacter wuianus,1743168;1743168;1855601;44013,Polynucleobacter wuianus,0,1,pcuac_only,NA,WP_068948854.1,1
pararhizobium polonicum,1612624,Pararhizobium polonicum,0,1,pcuac_only,NA,WP_068958592.1,1
unclassified allobosea,1842539;1871050;2653178;2038386;2653178;2653179;2653180;2653181;2653182;2768848;2768849;2768850;2653178;3237478;3238448;3238463;3238464;3238466;3238606;3238613,unclassified Allobosea;Allobosea sp. 2YAB26;Allobosea sp. 01N443;Allobosea sp. 05T422_2;Allobosea sp. 05T433;Allobosea sp. 05T439;Allobosea sp. P4_B12;Allobosea sp. P4_E12,0,1,pcuac_only,NA,WP_152016290.1,1
terasakiella magnetica,1867952,Terasakiella magnetica,0,1,pcuac_only,NA,WP_069189590.1,1
methylobrevis pamukkalensis,1439726,Methylobrevis pamukkalensis,0,1,pcuac_only,NA,WP_069305571.1,1
cereibacter johrii,445629,Cereibacter johrii,0,1,pcuac_only,NA,WP_069332450.1,1
methyloceanibacter methanicus,1774968,Methyloceanibacter methanicus,0,1,pcuac_only,NA,WP_069437258.1,1
methyloceanibacter stevinii,1774970,Methyloceanibacter stevinii,0,1,pcuac_only,NA,WP_069444653.1,1
sinorhizobium alkalisoli,1752398,Sinorhizobium alkalisoli,0,1,pcuac_only,NA,WP_069457397.1,1
pseudomonas cuatrocienegasensis,1843690;286;543360,Pseudomonas;Pseudomonas cuatrocienegasensis;Pseudomonas sp. 21C1,0,1,pcuac_only,NA,WP_069520571.1,1
rhizobium mayense,1312184;1312184;1860096;2653122;2795216;82115,Rhizobium mayense,0,1,pcuac_only,NA,WP_069610166.1,1
magnetovibrio blakemorei,28181,Magnetovibrio blakemorei,0,1,pcuac_only,NA,WP_069958992.1,1
marisediminitalea lipolytica,1856405,Marisediminitalea lipolytica,0,1,pcuac_only,NA,WP_070178406.1,1
phytopseudomonas seleniipraecipitans,640205,Phytopseudomonas seleniipraecipitans,0,1,pcuac_only,NA,WP_070880750.1,1
phytopseudomonas argentinensis,289370,Phytopseudomonas argentinensis,0,1,pcuac_only,NA,WP_070884300.1,1
vibrio sonorensis,1004316,Vibrio sonorensis,0,1,pcuac_only,NA,WP_070966150.1,1
cupriavidus malaysiensis,367825,Cupriavidus malaysiensis,0,1,pcuac_only,NA,WP_071068567.1,1
chromobacterium sphagni,1903179,Chromobacterium sphagni,0,1,pcuac_only,NA,WP_071111919.1,1
unclassified polynucleobacter,1743167;1855606;2640945;1758364;2640945;3108275;1801989;2029855;2640945;1855625;2640945;2770234;1855910;2081050;2640945;2689105;3108276;1970425;1970428;2640945,Polynucleobacter sp. GWA2_45_21;Polynucleobacter sp.;unclassified Polynucleobacter,0,1,pcuac_only,NA,WP_293598656.1,1
pseudomonas extremorientalis,1566209;1566215;1566249;169669;286;2870840,Pseudomonas;Pseudomonas extremorientalis;Pseudomonas sp. NFPP11;Pseudomonas sp. NFPP04;Pseudomonas sp. NFR09;Pseudomonas sp. DR208,0,1,pcuac_only,NA,WP_071491715.1,1
bathymodiolus thermophilus,235205;2360;32036;2360,Bathymodiolus thermophilus thioautotrophic gill symbiont,0,1,pcuac_only,NA,WP_071563378.1,1
poseidonibacter lekithochrous,1904463,Poseidonibacter lekithochrous,0,1,pcuac_only,NA,WP_071626220.1,1
brucella cytisi,407152,Brucella cytisi,0,1,pcuac_only,NA,WP_071632025.1,1
nioella nitratireducens,1287720,Nioella nitratireducens,0,1,pcuac_only,NA,WP_071672846.1,1
nioella sediminis,1912092,Nioella sediminis,0,1,pcuac_only,NA,WP_071690966.1,1
natronohydrobacter thiooxidans,87172,Natronohydrobacter thiooxidans,0,1,pcuac_only,NA,WP_071794962.1,1
pararhizobium antarcticum,1798805,Pararhizobium antarcticum,0,1,pcuac_only,NA,WP_071834468.1,1
atopomonas hussainii,1429083,Atopomonas hussainii,0,1,pcuac_only,NA,WP_071871501.1,1
halomonas aestuarii,1897729,Halomonas aestuarii,0,1,pcuac_only,NA,WP_071942100.1,1
roseibaca calidilacus,1666912,Roseibaca calidilacus,0,1,pcuac_only,NA,WP_072247792.1,1
marinospirillum alkaliphilum,1122209;148454,Marinospirillum alkaliphilum;Marinospirillum alkaliphilum DSM 21637,0,1,pcuac_only,NA,WP_072324783.1,1
rhizobium tibeticum,501024,Rhizobium tibeticum,0,1,pcuac_only,NA,WP_072373705.1,1
ectopseudomonas toyotomiensis,554344,Ectopseudomonas toyotomiensis,0,1,pcuac_only,NA,WP_072424343.1,1
phaeobacter porticola,1844006,Phaeobacter porticola,0,1,pcuac_only,NA,WP_072505127.1,1
aquibium oceanicum,1670800;1670800;2872591;356,Hyphomicrobiales;Aquibium oceanicum;Oricola indica,0,1,pcuac_only,NA,WP_223479546.1,1
planktotalea frisia,204455;2883100;696762,Rhodobacterales;Planktotalea frisia;Pseudosulfitobacter sp. DSM 107133,0,1,pcuac_only,NA,WP_072629855.1,1
donghicola eburneus,393278,Donghicola eburneus,0,1,pcuac_only,NA,WP_072705111.1,1
marivita hallyeonensis,996342,Marivita hallyeonensis,0,1,pcuac_only,NA,WP_072776334.1,1
duganella sacchari,2692172;551987;75654,Duganella;Duganella sacchari;Duganella sp. CY15W,0,1,pcuac_only,NA,WP_072787429.1,1
cognatishimia maritima,870908,Cognatishimia maritima,0,1,pcuac_only,NA,WP_072791245.1,1
marinobacter antarcticus,564117,Marinobacter antarcticus,0,1,pcuac_only,NA,WP_072799116.1,1
bradyrhizobium erythrophlei,1437360,Bradyrhizobium erythrophlei,0,1,pcuac_only,NA,WP_092114622.1,1
cognatiyoonia sediminum,1508389,Cognatiyoonia sediminum,0,1,pcuac_only,NA,WP_072901345.1,1
roseibium suaedae,735517,Roseibium suaedae,0,1,pcuac_only,NA,WP_073008974.1,1
roseovarius pacificus,337701,Roseovarius pacificus,0,1,pcuac_only,NA,WP_073035524.1,1
kaistia soli,1122133;446684,Kaistia soli;Kaistia soli DSM 19436,0,1,pcuac_only,NA,WP_073051553.1,1
paracoccus solventivorans,53463,Paracoccus solventivorans,0,1,pcuac_only,NA,WP_073068611.1,1
roseovarius marisflavi,1054996,Roseovarius marisflavi,0,1,pcuac_only,NA,WP_073199785.1,1
shimia gijangensis,1470563,Shimia gijangensis,0,1,pcuac_only,NA,WP_073251377.1,1
phytopseudomonas punonensis,1220495,Phytopseudomonas punonensis,0,1,pcuac_only,NA,WP_073262076.1,1
wenxinia saemankumensis,1447782,Wenxinia saemankumensis,0,1,pcuac_only,NA,WP_073331472.1,1
pseudoxanthobacter soli,1123029;433840,Pseudoxanthobacter soli;Pseudoxanthobacter soli DSM 19599,0,1,pcuac_only,NA,WP_073628536.1,1
vannielia litorea,1217970,Vannielia litorea,0,1,pcuac_only,NA,WP_074257483.1,1
ectopseudomonas alcaliphila,101564;101564;1215093,Ectopseudomonas alcaliphila,0,1,pcuac_only,NA,WP_074679304.1,1
lysobacter enzymogenes,69,Lysobacter enzymogenes,0,1,pcuac_only,NA,WP_078997031.1,1
pseudomonas graminis,158627;158627;286;3080331,Pseudomonas;Pseudomonas graminis;Pseudomonas sp. Ps21-P2,0,1,pcuac_only,NA,WP_074890419.1,1
thauera chlorobenzoica,96773,Thauera chlorobenzoica,0,1,pcuac_only,NA,WP_075149773.1,1
pararhizobium arenae,1856850,Pararhizobium arenae,0,1,pcuac_only,NA,WP_075291152.1,1
methylobacterium phyllosphaerae,418223,Methylobacterium phyllosphaerae,0,1,pcuac_only,NA,WP_075381342.1,1
rhodoferax antarcticus,1111071;81479,Rhodoferax antarcticus;Rhodoferax antarcticus ANT.BR,0,1,pcuac_only,NA,WP_075587182.1,1
gillisella taibaishanensis,887144,Gillisella taibaishanensis,0,1,pcuac_only,NA,WP_075614810.1,1
rhizobium oryziradicis,1867956,Rhizobium oryziradicis,0,1,pcuac_only,NA,WP_075640748.1,1
photobacterium proteolyticum,1903952,Photobacterium proteolyticum,0,1,pcuac_only,NA,WP_075762855.1,1
aerophototrophica crusticola,1709002,Aerophototrophica crusticola,0,1,pcuac_only,NA,WP_075771245.1,1
thioclava nitratireducens,1915078;1973003;1973004;1973006;1973007;285107;1915078;1973004;285107,Thioclava;Thioclava nitratireducens;Thioclava sp. JM3,0,1,pcuac_only,NA,WP_075776202.1,1
rhodovulum visakhapatnamense,364297,Rhodovulum visakhapatnamense,0,1,pcuac_only,NA,WP_075785054.1,1
martinezella hainanensis,52131,Martinezella hainanensis,0,1,pcuac_only,NA,WP_075852855.1,1
ditibartonella apis,1686310;1686310;2751020;772;1686310;2751022;772,Ditibartonella apis,0,1,pcuac_only,NA,WP_075869621.1,1
vreelandella massiliensis,1816686,Vreelandella massiliensis,0,1,pcuac_only,NA,WP_075881007.1,1
pseudomonas reinekei,395598,Pseudomonas reinekei,0,1,pcuac_only,NA,WP_075947806.1,1
salaquimonas pukyongi,2712698,Salaquimonas pukyongi,0,1,pcuac_only,NA,WP_083649313.1,1
alteromonas abrolhosensis,1892904,Alteromonas abrolhosensis,0,1,pcuac_only,NA,WP_076011591.1,1
insolitispirillum peregrinum,80876,Insolitispirillum peregrinum,0,1,pcuac_only,NA,WP_076401833.1,1
shewanella morhuae,365591,Shewanella morhuae,0,1,pcuac_only,NA,WP_076501269.1,1
uncultured pseudacidovorax,1907403;679313;679313,uncultured Pseudacidovorax sp.,0,1,pcuac_only,NA,WP_076506342.1,1
paracoccus saliphilus,405559,Paracoccus saliphilus,0,1,pcuac_only,NA,WP_076524681.1,1
gemmobacter megaterium,1086013,Gemmobacter megaterium,0,1,pcuac_only,NA,WP_076532810.1,1
roseovarius nanhaiticus,573024,Roseovarius nanhaiticus,0,1,pcuac_only,NA,WP_076532389.1,1
aromatoleum tolulyticum,34027,Aromatoleum tolulyticum,0,1,pcuac_only,NA,WP_076601835.1,1
serpentinimonas barnesii,1458427,Serpentinimonas barnesii,0,1,pcuac_only,NA,WP_076607006.1,1
salipiger profundus,1229727;1229727;2364881;263377,Salipiger profundus,0,1,pcuac_only,NA,WP_076623680.1,1
tateyamaria omphalii,299262,Tateyamaria omphalii,0,1,pcuac_only,NA,WP_076626373.1,1
sulfitobacter delicatus,1250539;218672;2731150;2731151;2731152;2731153;2731154;2854170;2872037,Sulfitobacter delicatus;Salipiger abyssi;Sulfitobacter sp. KE28;Sulfitobacter sp. KE29;Sulfitobacter sp. KE31;Sulfitobacter sp. Ks38;Sulfitobacter sp. S46;Roseobacteraceae;Mesobacterium pallidum,0,1,pcuac_only,NA,WP_076695185.1,1
salipiger abyssi,1250539,Salipiger abyssi,0,1,pcuac_only,NA,WP_076705574.1,1
sphingomonas jeddahensis,1915074,Sphingomonas jeddahensis,0,1,pcuac_only,NA,WP_076745480.1,1
bradyrhizobium mercantei,1904807,Bradyrhizobium mercantei,0,1,pcuac_only,NA,WP_076857684.1,1
pseudooceanicola nitratireducens,1267768;31989;517719;204455;3028384;3092149;517719,Rhodobacterales;Pseudooceanicola nitratireducens;Dinoroseobacter sp. PD6;Thalassobacter sp. HA4-2,0,1,pcuac_only,NA,WP_076981270.1,1
catenovulum maritimum,1513271,Catenovulum maritimum,0,1,pcuac_only,NA,WP_077066479.1,1
agrobacterium rosae,1972867,Agrobacterium rosae,0,1,pcuac_only,NA,WP_077121060.1,1
thioalkalivibrio denitrificans,108003,Thioalkalivibrio denitrificans,0,1,pcuac_only,NA,WP_077277683.1,1
mesorhizobium prunaredense,1631249,Mesorhizobium prunaredense,0,1,pcuac_only,NA,WP_077380643.1,1
salinivibrio costicola,1909437;1909438;1909453;1909456;1909457;51366;51367;1909455;272773;51366;51367,Salinivibrio costicola,0,1,pcuac_only,NA,WP_077461358.1,1
ditibartonella apihabitans,2750929;2750929;2750930;772;2750929;2750931;2750932;2750935;2750936;2750937;772,Ditibartonella apihabitans,0,1,pcuac_only,NA,WP_077969897.1,1
rhizobium laguerreae,1076926;1076926;3075621;379;1076926;3377033;379,Rhizobium laguerreae,0,1,pcuac_only,NA,WP_221943479.1,1
agrobacterium salinitolerans,1183413;1183413;3017318;357;1183413;3020523;357;1183413;3020525;357,Agrobacterium salinitolerans,0,1,pcuac_only,NA,WP_142912201.1,1
rhizobium sophoriradicis,1535245;1535245;2020311;2035449;379,Rhizobium sophoriradicis,0,1,pcuac_only,NA,WP_077989199.1,1
ditibartonella choladocola,2750928;2750995;772;2750995;2750995;3403422;772,Ditibartonella choladocola,0,1,pcuac_only,NA,WP_077990406.1,1
unclassified ochrobactrum,1830124;239106;2823874;1920636;239106;2587041;2203419;239106;2920940;239106;2745275;3368622,unclassified Ochrobactrum;Ochrobactrum sp. MYb379;Ochrobactrum sp. EDr1-4,0,1,pcuac_only,NA,WP_078337803.1,1
xanthomonas axonopodis,487830;53413;487832;53413;487833;53413,Xanthomonas axonopodis;Xanthomonas axonopodis pv. maculifoliigardeniae,0,1,pcuac_only,NA,WP_454445396.1,1
unclassified thioclava,1915315;1933450;2621713,Thioclava sp. F28-4;Thioclava sp.;unclassified Thioclava,0,1,pcuac_only,NA,WP_078519733.1,1
thioclava sediminum,1915313;1915316;1915319;285107;3687495,Thioclava;Thioclava sp. DLFJ4-1;Thioclava sp. F36-6;Thioclava sediminum;Thioclava sp. PTB-PU3-1,0,1,pcuac_only,NA,WP_078546104.1,1
consotaella salsifontis,1365950,Consotaella salsifontis,0,1,pcuac_only,NA,WP_078709762.1,1
unclassified bartonella,1460967;1460972;2645622;3243424;3243425;3243426;3243427;3243428;3243429;3243430;3243431;3243432;3243436;3243437;3243440;3243443;3243465;3243466;3243468;3243470;3243471;3243473;3243476;3243477;3243478;3243479;3243480;3243481;3243482;3243483;3243484;3243485;3243490;3243491;3243493;3243496;3243497;3243499;3243500;3243501;3243502;3243503;3243505;3243507;3243511;3243514;3243545;3243546;3243547;3243548;1460985;1460997;2645622;3243554;3243556;3243559;1933906;1933907;2645622;2645622;2979320;2979321;2645622;3019090;3243475;3243509;3243510;3243515;3243516;3243517;3243518;3243519;3243520;3243521;3243522;3243523;3243524;3243525;3243526;3243527;3243528;3243529;3243530;3243531;3243532;3243533;3243534;3243535;3243536;3243537;3243538;3243539;3243540;3243541;3243542;3243551;2645622;3019092;3019094;2645622;3243433;3243435;3243438;3243439;3243441;3243467;3243469;3243474;3243487;3243488;3243489;3243492;3243494;3243504;3243506;3243512;3243513;3243550;3243552;3243553;3243562;2645622;3243442;3243444;3243448;3243454;3243455;3243457;3243458;3243459;3243460;3243464;3243472;3243495;2645622;3243445;3243446;3243463;2645622;3243447;3243449;3243451;3243452;3243453;3243461;3243464;2645622;3243450;3243456;2645622;3243508;3243544;2645622;3243560;3243571;3243574;3243575;2645622;3243576;3243577;2645622;3243578;3243579;3243581;2645622;3475616;3475617,unclassified Bartonella;Bartonella sp. EBT8;Bartonella sp. P12B,0,1,pcuac_only,NA,WP_262099314.1,1
oceanospirillum multiglobuliferum,64969,Oceanospirillum multiglobuliferum,0,1,pcuac_only,NA,WP_078746493.1,1
thiomonas intermedia,926,Thiomonas intermedia,0,1,pcuac_only,NA,WP_079416445.1,1
nitrobacter vulgaris,29421,Nitrobacter vulgaris,0,1,pcuac_only,NA,WP_079446666.1,1
bradyrhizobium sacchari,1399419,Bradyrhizobium sacchari,0,1,pcuac_only,NA,WP_080137289.1,1
photobacterium piscicola,1378299,Photobacterium piscicola,0,1,pcuac_only,NA,WP_080155837.1,1
photobacterium toruni,1935446,Photobacterium toruni,0,1,pcuac_only,NA,WP_080174044.1,1
agrobacterium genomosp.,1183419;1183428,Agrobacterium genomosp. 13;Agrobacterium genomosp. 13 str. CFBP 6927,0,1,pcuac_only,NA,WP_080834340.1,1
agrobacterium deltaense,1183425;2792015;357;1183426;3017319;357,Agrobacterium;Agrobacterium deltaense RV3;Agrobacterium sp. ST15.13.015,0,1,pcuac_only,NA,WP_080852087.1,1
pseudomonas denitrificans,135621;2769254;43306,Pseudomonas denitrificans (nom. rej.);Pseudomonadaceae;Pseudomonas sp. PDM20,0,1,pcuac_only,NA,WP_081515939.1,1
endozoicomonas elysicola,1121862;305900,Endozoicomonas elysicola;Endozoicomonas elysicola DSM 22380,0,1,pcuac_only,NA,WP_081622000.1,1
photobacterium halotolerans,1122959;265726;265726,Photobacterium halotolerans,0,1,pcuac_only,NA,WP_082095706.1,1
hydrogenovibrio marinus,1123513;28885,Hydrogenovibrio marinus;Hydrogenovibrio marinus DSM 11271,0,1,pcuac_only,NA,WP_081822773.1,1
serpentinimonas raichei,1458425,Serpentinimonas raichei,0,1,pcuac_only,NA,WP_082040046.1,1
candidatus methylopumilus,1581557;1581557;1679002;2588536;2588535;2588536,Candidatus Methylopumilus planktonicus,0,1,pcuac_only,NA,WP_082092814.1,1
levilinea saccharolytica,229921,Levilinea saccharolytica,0,1,pcuac_only,NA,WP_082142725.1,1
rhizobium oryzihabitans,2267833;2267833;379;391,Rhizobium;Rhizobium sp.;Rhizobium oryzihabitans,0,1,pcuac_only,NA,WP_082184220.1,1
cypionkella psychrotolerans,1678131,Cypionkella psychrotolerans,0,1,pcuac_only,NA,WP_082351508.1,1
gemmobacter nanjingensis,1095917;1529005;204456;488454;589035;2005166;31989;488454,Paracoccaceae;Gemmobacter nanjingensis;Tabrizicola sp.,0,1,pcuac_only,NA,WP_082400953.1,1
rubellimicrobium mesophilum,1123067;442562,Rubellimicrobium mesophilum DSM 19309;Rubellimicrobium mesophilum,0,1,pcuac_only,NA,WP_082484039.1,1
polycladidibacter stylochi,1807766,Polycladidibacter stylochi,0,1,pcuac_only,NA,WP_082735571.1,1
thioclava electrotropha,1549850;1549850;1915319;1933450;1947693;285107,Thioclava;Thioclava electrotropha;Thioclava sediminum;Thioclava sp.;Thioclava sp. UBA3469,0,1,pcuac_only,NA,WP_083079207.1,1
pseudomonas floridensis,1958950,Pseudomonas floridensis,0,1,pcuac_only,NA,WP_083183953.1,1
methyloligella halotolerans,1177755,Methyloligella halotolerans,0,1,pcuac_only,NA,WP_083226841.1,1
mongoliimonas terrestris,1709001,Mongoliimonas terrestris,0,1,pcuac_only,NA,WP_083656627.1,1
aromatoleum aromaticum,551760;551760;76114,Aromatoleum aromaticum,0,1,pcuac_only,NA,WP_083782994.1,1
balneola vulgaris,1121104;287535,Balneola vulgaris;Balneola vulgaris DSM 17893,0,1,pcuac_only,NA,WP_083902135.1,1
devosia geojensis,443610,Devosia geojensis,0,1,pcuac_only,NA,WP_083988690.1,1
andreprevotia lacus,1121000;1121001,Andreprevotia lacus;Andreprevotia lacus DSM 23236,0,1,pcuac_only,NA,WP_084093239.1,1
vibrio fortis,212667;212667;2836895;662;212667;2908536;662,Vibrio fortis,0,1,pcuac_only,NA,WP_084181867.1,1
polynucleobacter kasalickyi,1938817,Polynucleobacter kasalickyi,0,1,pcuac_only,NA,WP_084283427.1,1
phytopseudomonas flavescens,1215099;29435;135621;2940559;29435,Phytopseudomonas flavescens;Pseudomonadaceae;Pseudomonas sp. BIGb0408,0,1,pcuac_only,NA,WP_084304416.1,1
pseudomonas jinjuensis,1215105;198616,Pseudomonas jinjuensis;Pseudomonas jinjuensis NBRC 103047,0,1,pcuac_only,NA,WP_084315088.1,1
pseudomonas indica,1215103;137658,Pseudomonas indica;Pseudomonas indica NBRC 103045,0,1,pcuac_only,NA,WP_084333630.1,1
primorskyibacter flagellatus,1387277;1387277;204455;3434355,Rhodobacterales;Primorskyibacter flagellatus;Pseudooceanicola sp. C21-150M6,0,1,pcuac_only,NA,WP_432689037.1,1
pseudomonas mucidolens,1215111;46679;46679,Pseudomonas mucidolens,0,1,pcuac_only,NA,WP_084377842.1,1
brucella rhizosphaerae,1437448;571254;571254,Brucella rhizosphaerae,0,1,pcuac_only,NA,WP_094578672.1,1
azorhizobium doebereinerae,1038858;281091,Azorhizobium doebereinerae;Azorhizobium doebereinerae UFLA1-100,0,1,pcuac_only,NA,WP_084539921.1,1
halomonas cupida,44933,Halomonas cupida,0,1,pcuac_only,NA,WP_084541961.1,1
salibaculum halophilum,1914408,Salibaculum halophilum,0,1,pcuac_only,NA,WP_084862416.1,1
allosphingosinicella indica,941907,Allosphingosinicella indica,0,1,pcuac_only,NA,WP_085219088.1,1
pseudogulbenkiania subflava,1123014;451637,Pseudogulbenkiania subflava;Pseudogulbenkiania subflava DSM 22618,0,1,pcuac_only,NA,WP_085274568.1,1
colwellia chukchiensis,641665,Colwellia chukchiensis,0,1,pcuac_only,NA,WP_085285638.1,1
cognaticolwellia mytili,1888913,Cognaticolwellia mytili,0,1,pcuac_only,NA,WP_085300669.1,1
planktotalea arctica,1481893,Planktotalea arctica,0,1,pcuac_only,NA,WP_085306837.1,1
derxia lacustris,764842,Derxia lacustris,0,1,pcuac_only,NA,WP_085317958.1,1
aquidulcibacter paucihalophilus,1978549,Aquidulcibacter paucihalophilus,0,1,pcuac_only,NA,WP_085338617.1,1
neisseria canis,493,Neisseria canis,0,1,pcuac_only,NA,WP_085415541.1,1
pseudomonas asiatica,1756401;1756402;1756403;1981715;1981745;1981746;1981747;2219225;286;89774;2219225,Pseudomonas asiatica,0,1,pcuac_only,NA,WP_085592211.1,1
marivita cryptomonadis,2570353;3466779;505252;659428,Marivita cryptomonadis;Marivita;Marivita sp. LZ-15-2;Marivita sp. MB-28,0,1,pcuac_only,NA,WP_085631761.1,1
marivita geojedonensis,1123756,Marivita geojedonensis,0,1,pcuac_only,NA,WP_085636228.1,1
pseudomonas shirazica,1940636;1940636;1981714;2219225;286;1940636;286;3079932,Pseudomonas shirazica,0,1,pcuac_only,NA,WP_085663177.1,1
rhizobacter gummiphilus,946333,Rhizobacter gummiphilus,0,1,pcuac_only,NA,WP_085753452.1,1
ketogulonicigenium robustum,92947,Ketogulonicigenium robustum,0,1,pcuac_only,NA,WP_085785251.1,1
roseivivax jejudonensis,1529041,Roseivivax jejudonensis,0,1,pcuac_only,NA,WP_085792092.1,1
falsiruegeria litorea,1200284;1280831;1280831,Falsiruegeria litorea,0,1,pcuac_only,NA,WP_085794822.1,1
roseovarius albus,1247867,Roseovarius albus,0,1,pcuac_only,NA,WP_085806300.1,1
roseovarius halotolerans,505353,Roseovarius halotolerans,0,1,pcuac_only,NA,WP_085817135.1,1
roseovarius gaetbuli,1356575,Roseovarius gaetbuli,0,1,pcuac_only,NA,WP_085826172.1,1
aquimixticola soesokkakensis,1519096,Aquimixticola soesokkakensis,0,1,pcuac_only,NA,WP_085837930.1,1
pacificibacter marinus,1042323;3062658;658057;658057,Pacificibacter marinus;Pacificibacter;Pacificibacter sp. 1_MG-2023,0,1,pcuac_only,NA,WP_085847099.1,1
pseudooctadecabacter jejudonensis,1391910,Pseudooctadecabacter jejudonensis,0,1,pcuac_only,NA,WP_085864597.1,1
pseudoruegeria aquimaris,393663,Pseudoruegeria aquimaris,0,1,pcuac_only,NA,WP_085868517.1,1
roseisalinus antarcticus,254357,Roseisalinus antarcticus,0,1,pcuac_only,NA,WP_085877658.1,1
roseovarius litorisediminis,1312363,Roseovarius litorisediminis,0,1,pcuac_only,NA,WP_085893406.1,1
enhydrobacter aerosaccus,225324,Enhydrobacter aerosaccus,0,1,pcuac_only,NA,WP_085935709.1,1
vibrio syngnathi,3034029,Vibrio syngnathi,0,1,pcuac_only,NA,WP_086050571.1,1
bordetella genomosp.,1395607;1416803;1416804;1416808;1983456;463035;463040;463044,Bordetella genomosp. 13,0,1,pcuac_only,NA,WP_094844180.1,1
oceanibaculum nanhaiense,1903597;1909734;659693;1909734,Oceanibaculum nanhaiense,0,1,pcuac_only,NA,WP_086463991.1,1
oceanospirillum sanctuarii,1434821,Oceanospirillum sanctuarii,0,1,pcuac_only,NA,WP_086480047.1,1
vibrio pomeroyi,198832;2908540;662;678;198832;296199;662,Vibrio;Vibrio sp.;Vibrio pomeroyi;Vibrio sp. Isolate34,0,1,pcuac_only,NA,WP_086714853.1,1
agarilytica rhodophyticola,1737490,Agarilytica rhodophyticola,0,1,pcuac_only,NA,WP_086930955.1,1
thaumasiovibrio occultus,1891184,Thaumasiovibrio occultus,0,1,pcuac_only,NA,WP_086938256.1,1
thaumasiovibrio subtropicus,1891207,Thaumasiovibrio subtropicus,0,1,pcuac_only,NA,WP_087016464.1,1
brevundimonas diminuta,1255603;293;293;293;751586,Brevundimonas diminuta,0,1,pcuac_only,NA,WP_087140199.1,1
comamonas serinivorans,1082851,Comamonas serinivorans,0,1,pcuac_only,NA,WP_087276300.1,1
oleiphilus messinensis,141451,Oleiphilus messinensis,0,1,pcuac_only,NA,WP_087463762.1,1
unclassified pigmentiphaga,1002116;2008676;2626614;2488560;2626614;3134907,Pigmentiphaga sp. H8;unclassified Pigmentiphaga;Pigmentiphaga sp. YJ18,0,1,pcuac_only,NA,WP_087841066.1,1
photobacterium malacitanum,2204294,Photobacterium malacitanum,0,1,pcuac_only,NA,WP_087845376.1,1
photobacterium andalusiense,2204296,Photobacterium andalusiense,0,1,pcuac_only,NA,WP_159458235.1,1
polynucleobacter hirudinilacicola,1743166,Polynucleobacter hirudinilacicola,0,1,pcuac_only,NA,WP_087910257.1,1
polynucleobacter campilacus,1743163,Polynucleobacter campilacus,0,1,pcuac_only,NA,WP_088524741.1,1
polynucleobacter aenigmaticus,1743164,Polynucleobacter aenigmaticus,0,1,pcuac_only,NA,WP_088526799.1,1
sulfitobacter dubius,1317111;1387282;1775881;1903071;218673;2731127;2731128;2731129;2731130;2731131;2731132;2731133;2731134;2731135;2731136;2731137;2731138;2731140;2731141;2731142;2731143;2731144;2731145;2731146;2731147;2731148;2731149;2854170;3368558;3368559;3368560;3368565;3368566;3368568;3368569;3368570;3368573;3368575;3368577;3368578;3368580;3368581;3368587;3368588;3368592;3368593;3368596;3368597;3368598;3368599;1903071;1936156;2024842;218673;28211;2867026;3079556;3368594,Alphaproteobacteria;Sulfitobacter dubius;Sulfitobacter sp.;Roseibium sp.;Nisaea sp.;Sulfitobacter sp. W074;Sulfitobacter sp. LC.270.F.C4;Sulfitobacter sp. 1A12157,0,1,pcuac_only,NA,WP_088635912.1,1
marinibacterium profundimaris,1679460,Marinibacterium profundimaris,0,1,pcuac_only,NA,WP_088651870.1,1
pacificitalea manganoxidans,1411902,Pacificitalea manganoxidans,0,1,pcuac_only,NA,WP_088665015.1,1
halomonas campaniensis,213554,Halomonas campaniensis,0,1,pcuac_only,NA,WP_088698316.1,1
noviherbaspirillum denitrificans,1968433,Noviherbaspirillum denitrificans,0,1,pcuac_only,NA,WP_088708362.1,1
herbaspirillum aquaticum,2605746;568783;963;568783,Herbaspirillum;Herbaspirillum aquaticum;Herbaspirillum sp. CAH-3,0,1,pcuac_only,NA,WP_088756814.1,1
idiomarina piscisalsi,1096243,Idiomarina piscisalsi,0,1,pcuac_only,NA,WP_088767410.1,1
polynucleobacter victoriensis,2049319,Polynucleobacter victoriensis,0,1,pcuac_only,NA,WP_088812322.1,1
vibrio tarriae,2014742,Vibrio tarriae,0,1,pcuac_only,NA,WP_089070120.1,1
[luteovulum] sphaeroides,2052957;2595004;3055847;31989;418630;488454,Paracoccaceae;[Luteovulum] sphaeroides subsp. megalophilum;Gemmobacter nanjingensis;Pseudorhodobacter sp. MZDSW-24AT;Gemmobacter caeruleus;Tabrizicola sp. M-4,0,1,pcuac_only,NA,WP_089258459.1,1
puniceibacterium sediminis,1608407,Puniceibacterium sediminis,0,1,pcuac_only,NA,WP_089273317.1,1
paracoccus seriniphilus,184748,Paracoccus seriniphilus,0,1,pcuac_only,NA,WP_372803531.1,1
pseudomonas delhiensis,2202894;286;3114998;366289;75692;366289,Pseudomonas;Pseudomonas sp. 273;Pseudomonas delhiensis;Pseudomonas sp. RW407;Pseudomonas sp. JH-2,0,1,pcuac_only,NA,WP_089389486.1,1
noviherbaspirillum humi,1688639,Noviherbaspirillum humi,0,1,pcuac_only,NA,WP_089397664.1,1
polynucleobacter cosmopolitanus,351345,Polynucleobacter cosmopolitanus,0,1,pcuac_only,NA,WP_089515395.1,1
franzmannia pantelleriensis,48727,Franzmannia pantelleriensis,0,1,pcuac_only,NA,WP_089657318.1,1
billgrantia gudaonensis,376427,Billgrantia gudaonensis,0,1,pcuac_only,NA,WP_089682636.1,1
halomonas korlensis,463301,Halomonas korlensis,0,1,pcuac_only,NA,WP_089793075.1,1
salipiger marinus,1387277;204455;3434355;555512;555512,Salipiger marinus,0,1,pcuac_only,NA,WP_089850609.1,1
lentibacter algarum,1434014;2024994;576131;2024851;204455;576131;576131,Lentibacter algarum,0,1,pcuac_only,NA,WP_089889300.1,1
loktanella fryxellensis,245187,Loktanella fryxellensis,0,1,pcuac_only,NA,WP_089904649.1,1
unclassified limnohabitans,1100700;1100726;2626134;2626134;509112;509116,Limnohabitans sp. INBF004;Limnohabitans sp. TEGF002;unclassified Limnohabitans,0,1,pcuac_only,NA,WP_089952016.1,1
lutimaribacter saemankumensis,490829,Lutimaribacter saemankumensis,0,1,pcuac_only,NA,WP_090028443.1,1
celeribacter neptunius,588602,Celeribacter neptunius,0,1,pcuac_only,NA,WP_090062111.1,1
loktanella salsilacus,195913,Loktanella salsilacus,0,1,pcuac_only,NA,WP_090190856.1,1
pseudomonas pohangensis,364197,Pseudomonas pohangensis,0,1,pcuac_only,NA,WP_090193940.1,1
yoonia tamlensis,390270,Yoonia tamlensis,0,1,pcuac_only,NA,WP_090197749.1,1
geopseudomonas guangdongensis,1245526,Geopseudomonas guangdongensis,0,1,pcuac_only,NA,WP_090215184.1,1
pseudomonas kuykendallii,1007099;1007099;1947313;286;2991443,Pseudomonas;Pseudomonas kuykendallii;Pseudomonas sp. UBA3153;Pseudomonas sp. PS02288,0,1,pcuac_only,NA,WP_090225382.1,1
pseudomonas guineae,425504,Pseudomonas guineae,0,1,pcuac_only,NA,WP_090243514.1,1
pseudomonas panipatensis,428992,Pseudomonas panipatensis,0,1,pcuac_only,NA,WP_090261976.1,1
thalassovita taeanensis,657014,Thalassovita taeanensis,0,1,pcuac_only,NA,WP_090269226.1,1
pseudomonas linyingensis,915471,Pseudomonas linyingensis,0,1,pcuac_only,NA,WP_090312058.1,1
pseudomonas oryzae,1392877,Pseudomonas oryzae,0,1,pcuac_only,NA,WP_090348127.1,1
pseudomonas anguilliseptica,53406,Pseudomonas anguilliseptica,0,1,pcuac_only,NA,WP_090376951.1,1
pseudomonas grimontii,129847,Pseudomonas grimontii,0,1,pcuac_only,NA,WP_090400815.1,1
pseudomonas marincola,2579939;286;306;437900;437900,Pseudomonas;Pseudomonas sp.;Pseudomonas marincola;Pseudomonas sp. MS19,0,1,pcuac_only,NA,WP_090509094.1,1
belnapia rosea,938405,Belnapia rosea,0,1,pcuac_only,NA,WP_090564805.1,1
pelagibacterium luteolum,440168,Pelagibacterium luteolum,0,1,pcuac_only,NA,WP_090593036.1,1
azotobacter beijerinckii,170623,Azotobacter beijerinckii,0,1,pcuac_only,NA,WP_090622316.1,1
unclassified beijerinckia,1882748;2638183;3039852,Beijerinckia sp. 28-YEA-48;unclassified Beijerinckia;Beijerinckia sp. GAS462,0,1,pcuac_only,NA,WP_090707945.1,1
paracoccus homiensis,2065379;2599412;265;364199,Paracoccus;Paracoccus homiensis;Paracoccus jeotgali;Paracoccus aurantiacus,0,1,pcuac_only,NA,WP_090735042.1,1
paracoccus tibetensis,336292,Paracoccus tibetensis,0,1,pcuac_only,NA,WP_090747253.1,1
bauldia litoralis,665467,Bauldia litoralis,0,1,pcuac_only,NA,WP_090876392.1,1
palleronia marisminoris,315423,Palleronia marisminoris,0,1,pcuac_only,NA,WP_090929346.1,1
micromonospora haikouensis,686309,Micromonospora haikouensis,0,1,pcuac_only,NA,WP_091285911.1,1
gemmobacter aquatilis,933059,Gemmobacter aquatilis,0,1,pcuac_only,NA,WP_091299437.1,1
alkalimonas amylolytica,152573,Alkalimonas amylolytica,0,1,pcuac_only,NA,WP_091338230.1,1
ancylobacter rudongensis,177413,Ancylobacter rudongensis,0,1,pcuac_only,NA,WP_091435901.1,1
giesbergeria anulus,180197,Giesbergeria anulus,0,1,pcuac_only,NA,WP_091457094.1,1
methylophilus rhizosphaerae,492660,Methylophilus rhizosphaerae,0,1,pcuac_only,NA,WP_091470409.1,1
oryzisolibacter propanilivorax,1527607,Oryzisolibacter propanilivorax,0,1,pcuac_only,NA,WP_091570398.1,1
micromonospora sediminicola,946078,Micromonospora sediminicola,0,1,pcuac_only,NA,WP_091573977.1,1
mesorhizobium qingshengii,1165689,Mesorhizobium qingshengii,0,1,pcuac_only,NA,WP_091583377.1,1
mesorhizobium muleiense,1004279;1004279;3691811;68287,Mesorhizobium;Mesorhizobium muleiense;Mesorhizobium sp. WSM4847,0,1,pcuac_only,NA,WP_091595446.1,1
methylocapsa palsarum,1612308,Methylocapsa palsarum,0,1,pcuac_only,NA,WP_091676825.1,1
marinobacter persicus,930118,Marinobacter persicus,0,1,pcuac_only,NA,WP_104416696.1,1
methylobacterium phyllostachyos,582672,Methylobacterium phyllostachyos,0,1,pcuac_only,NA,WP_091712741.1,1
phenylobacterium immobile,21;31967,Phenylobacterium immobile;Phenylobacterium immobile (ATCC 35973),0,1,pcuac_only,NA,WP_091736770.1,1
marinobacter mobilis,488533,Marinobacter mobilis,0,1,pcuac_only,NA,WP_091814434.1,1
allobrachymonas denitrificans,1121117;28220;28219;28220;3569521;28220,Allobrachymonas denitrificans,0,1,pcuac_only,NA,WP_091816683.1,1
marinobacterium iners,1122198;3138931;48075;48076,Marinobacterium iners,0,1,pcuac_only,NA,WP_091826554.1,1
massilia yuzhufengensis,1164594,Massilia yuzhufengensis,0,1,pcuac_only,NA,WP_091871024.1,1
unclassified phyllobacterium,1882772;2638441;3233068;2638441;2995637;2995638;3695555,unclassified Phyllobacterium;Phyllobacterium sp. 0TCS1.6A;Phyllobacterium sp. 0TCS1.6C;Phyllobacterium sp. YNK-FB0058,0,1,pcuac_only,NA,WP_091878831.1,1
uncultured methylobacterium,157278;157278;1761800;2738439;407;157278;2584084,uncultured Methylobacterium sp.,0,1,pcuac_only,NA,WP_091884462.1,1
methylorubrum salsuginis,414703,Methylorubrum salsuginis,0,1,pcuac_only,NA,WP_091943711.1,1
bradyrhizobium shewense,1761772,Bradyrhizobium shewense,0,1,pcuac_only,NA,WP_091956472.1,1
marinospirillum celere,1122252,Marinospirillum celere,0,1,pcuac_only,NA,WP_091960552.1,1
marinobacter gudaonensis,375760,Marinobacter gudaonensis,0,1,pcuac_only,NA,WP_091991397.1,1
marinobacter flavimaris,1033846;262076;2742;1761793;262076;2742;3472709;50741;262076;2742;3472689,Marinobacter;Marinobacter flavimaris;Marinobacter adhaerens,0,1,pcuac_only,NA,WP_092030225.1,1
bradyrhizobium brasilense,1419277;1419277;2817700;2817705;3469641;3469669;3469683;374;1419277;2821406;374,Bradyrhizobium;Bradyrhizobium brasilense;Bradyrhizobium australafricanum,0,1,pcuac_only,NA,WP_168855893.1,1
cupriavidus campinensis,106589;151783;1855313;1855314;3232699;3232712;3232721;3232748;3232754;3232765;3232805;3232818;3232838;3232868;3232870;3232871;3232874;3232902;3232906;3232908;3232910;3232914;3232963;3232969;3232971;3233036;3233053,Cupriavidus;Cupriavidus campinensis;Cupriavidus sp. OV038;Cupriavidus sp. OV096;Cupriavidus sp. 01L49;Cupriavidus sp. 01N419;Cupriavidus sp. 01N43;Cupriavidus sp. 01T423;Cupriavidus sp. 01T430;Cupriavidus sp. 01T44;Cupriavidus sp. 05L45;Cupriavidus sp. 05N411;Cupriavidus sp. 05N45;Cupriavidus sp. 05T427;Cupriavidus sp. 05T429;Cupriavidus sp. 05T430;Cupriavidus sp. 05T437;Cupriavidus sp. 10L42;Cupriavidus sp. 10L425;Cupriavidus sp. 10L43_2;Cupriavidus sp. 10L45;Cupriavidus sp. 10L47;Cupriavidus sp. 10T424;Cupriavidus sp. 10T430;Cupriavidus sp. 10T45;Cupriavidus sp. KB_39;Cupriavidus sp. RAF20_2,0,1,pcuac_only,NA,WP_092291385.1,1
pseudomonas saponiphila,2052590;2052591;2052592;2052593;286;556534;556534,Pseudomonas;Pseudomonas saponiphila;Pseudomonas sp. TKO30;Pseudomonas sp. TKO29;Pseudomonas sp. TKO26;Pseudomonas sp. TKO14,0,1,pcuac_only,NA,WP_092314869.1,1
cribrihabitans marinus,1227549,Cribrihabitans marinus,0,1,pcuac_only,NA,WP_092362563.1,1
pseudomonas sihuiensis,1274359,Pseudomonas sihuiensis,0,1,pcuac_only,NA,WP_092377562.1,1
halopseudomonas salegens,1434072,Halopseudomonas salegens,0,1,pcuac_only,NA,WP_092385655.1,1
collimonas rhizosphaerae,1801619;202907;3126357,Collimonas;Collimonas sp. OK412;Collimonas rhizosphaerae,0,1,pcuac_only,NA,WP_092395131.1,1
alloyangia pacifica,311180,Alloyangia pacifica,0,1,pcuac_only,NA,WP_224898595.1,1
geopseudomonas sagittaria,1135990,Geopseudomonas sagittaria,0,1,pcuac_only,NA,WP_092430642.1,1
faunimonas pinastri,1855383,Faunimonas pinastri,0,1,pcuac_only,NA,WP_092495253.1,1
martinezella lusitana,293958,Martinezella lusitana,0,1,pcuac_only,NA,WP_092574731.1,1
roseospirillum parvum,83401,Roseospirillum parvum,0,1,pcuac_only,NA,WP_092621734.1,1
albimonas donghaensis,356660,Albimonas donghaensis,0,1,pcuac_only,NA,WP_092681631.1,1
martinezella multihospitum,410764,Martinezella multihospitum,0,1,pcuac_only,NA,WP_092707383.1,1
paracidovorax valerianellae,187868,Paracidovorax valerianellae,0,1,pcuac_only,NA,WP_092740807.1,1
rheinheimera pacifica,173990,Rheinheimera pacifica,0,1,pcuac_only,NA,WP_092793315.1,1
afifella marina,1080;1120955,Afifella marina;Afifella marina DSM 2698,0,1,pcuac_only,NA,WP_092816120.1,1
paracidovorax cattleyae,80868,Paracidovorax cattleyae,0,1,pcuac_only,NA,WP_092832862.1,1
roseovarius lutimaris,1005928;2038394;2038395;74030,Roseovarius;Roseovarius lutimaris;Roseovarius sp. EC-HK134;Roseovarius sp. EC-SD190,0,1,pcuac_only,NA,WP_092838916.1,1
pseudidiomarina donghaiensis,519452,Pseudidiomarina donghaiensis,0,1,pcuac_only,NA,WP_092840076.1,1
albimonas pacifica,1114924,Albimonas pacifica,0,1,pcuac_only,NA,WP_092866130.1,1
hyphomicrobium facile,51670,Hyphomicrobium facile,0,1,pcuac_only,NA,WP_092868894.1,1
roseicitreum antarcticum,564137,Roseicitreum antarcticum,0,1,pcuac_only,NA,WP_092884686.1,1
paracidovorax konjaci,32040,Paracidovorax konjaci,0,1,pcuac_only,NA,WP_092954851.1,1
thermus arciformis,270;275;482827,Thermus;Thermus sp.;Thermus arciformis,0,1,pcuac_only,NA,WP_093005085.1,1
roseivivax halotolerans,93684,Roseivivax halotolerans,0,1,pcuac_only,NA,WP_093015564.1,1
ruegeria marina,639004,Ruegeria marina,0,1,pcuac_only,NA,WP_093029890.1,1
roseovarius azorensis,1287727,Roseovarius azorensis,0,1,pcuac_only,NA,WP_093038429.1,1
unclassified variovorax,1882775;1884311;663243;1884385;3404058;3450237;663243;3053507;3053512;663243;3156435;3469737;663243,unclassified Variovorax;Variovorax sp. PvP013;Variovorax sp. PvP013_2,0,1,pcuac_only,NA,WP_429592388.1,1
thiothrix caldifontis,525918,Thiothrix caldifontis,0,1,pcuac_only,NA,WP_093067480.1,1
pseudomonas vancouverensis,95300,Pseudomonas vancouverensis,0,1,pcuac_only,NA,WP_427682268.1,1
rubrimonas cliftonensis,89524,Rubrimonas cliftonensis,0,1,pcuac_only,NA,WP_093251285.1,1
solimonas aquatica,489703,Solimonas aquatica,0,1,pcuac_only,NA,WP_093284082.1,1
shimia haliotis,1280847,Shimia haliotis,0,1,pcuac_only,NA,WP_093324337.1,1
tropicimonas isoalkanivorans,204455;2809051;441112,Rhodobacterales;Tropicimonas isoalkanivorans;Roseitranquillus sediminis,0,1,pcuac_only,NA,WP_093359460.1,1
halopseudomonas xinjiangensis,487184,Halopseudomonas xinjiangensis,0,1,pcuac_only,NA,WP_093392344.1,1
tranquillimonas alkanivorans,441119,Tranquillimonas alkanivorans,0,1,pcuac_only,NA,WP_093424547.1,1
thiohalospira halophila,1123397;381300,Thiohalospira halophila;Thiohalospira halophila DSM 15071,0,1,pcuac_only,NA,WP_093427277.1,1
phytopseudomonas straminea,135621;2572911;47882,Phytopseudomonas straminea;Pseudomonadaceae;Pseudomonas sp. AG1028,0,1,pcuac_only,NA,WP_093504179.1,1
sulfitobacter litoralis,335975,Sulfitobacter litoralis,0,1,pcuac_only,NA,WP_323804416.1,1
sulfitobacter marinus,394264,Sulfitobacter marinus,0,1,pcuac_only,NA,WP_093916894.1,1
sulfitobacter brevis,74348,Sulfitobacter brevis,0,1,pcuac_only,NA,WP_093924065.1,1
octadecabacter ascidiaceicola,1655543,Octadecabacter ascidiaceicola,0,1,pcuac_only,NA,WP_093995356.1,1
maliponia aquimaris,1673631,Maliponia aquimaris,0,1,pcuac_only,NA,WP_094022979.1,1
antarctobacter heliothermus,2854170;3046714;74033;74033,Antarctobacter heliothermus;Roseobacteraceae;Mameliella sp. MMSF_3455,0,1,pcuac_only,NA,WP_094037303.1,1
bacterioplanes sanyensis,1249553,Bacterioplanes sanyensis,0,1,pcuac_only,NA,WP_094060132.1,1
notoacmeibacter marinus,1876515,Notoacmeibacter marinus,0,1,pcuac_only,NA,WP_094075919.1,1
oceanimonas doudoroffii,84158,Oceanimonas doudoroffii,0,1,pcuac_only,NA,WP_094201612.1,1
thauera propionica,2019431,Thauera propionica,0,1,pcuac_only,NA,WP_094267992.1,1
acidovorax kalamii,2004485,Acidovorax kalamii,0,1,pcuac_only,NA,WP_094290340.1,1
brucella thiophenivorans,571255,Brucella thiophenivorans,0,1,pcuac_only,NA,WP_094506081.1,1
brucella lupini,255457,Brucella lupini,0,1,pcuac_only,NA,WP_094514604.1,1
brucella grignonensis,94627,Brucella grignonensis,0,1,pcuac_only,NA,WP_094541235.1,1
bradyrhizobium amphicarpaeae,1404768,Bradyrhizobium amphicarpaeae,0,1,pcuac_only,NA,WP_094891725.1,1
pseudomonas cichorii,136849;2995658;36746;2008905;286;36746;36746,Pseudomonas cichorii,0,1,pcuac_only,NA,WP_095068297.1,1
mesorhizobium sophorae,1300294,Mesorhizobium sophorae,0,1,pcuac_only,NA,WP_095084761.1,1
pseudomonas siliginis,2009003;2842346;286;306;3233475;3696434;2842346;2842346;286;2954080;2842346;286;3233421;3233493;2842346;286;3233472;3233478;2842346;286;3682013,Pseudomonas siliginis,0,1,pcuac_only,NA,WP_217851230.1,1
mesorhizobium carmichaelinearum,1208188,Mesorhizobium carmichaelinearum,0,1,pcuac_only,NA,WP_095199570.1,1
ochrobactrum quorumnocens,271865,Ochrobactrum quorumnocens,0,1,pcuac_only,NA,WP_095445827.1,1
mesorhizobium mediterraneum,1450516;43617;1871066;2493677;43617;68287,Mesorhizobium mediterraneum;Mesorhizobium mediterraneum CCBAU 01399,0,1,pcuac_only,NA,WP_095488303.1,1
mesorhizobium temperatum,241416,Mesorhizobium temperatum,0,1,pcuac_only,NA,WP_095493311.1,1
mesorhizobium wenxiniae,2014805,Mesorhizobium wenxiniae,0,1,pcuac_only,NA,WP_095520278.1,1
candidatus dactylopiibacterium,857335,Candidatus Dactylopiibacterium carminicum,0,1,pcuac_only,NA,WP_095524769.1,1
vandammella animalimorsus,2029117,Vandammella animalimorsus,0,1,pcuac_only,NA,WP_095556189.1,1
actibacterium pelagium,2029103,Actibacterium pelagium,0,1,pcuac_only,NA,WP_095595781.1,1
vreelandella alkaliphila,1176240;272774;3137766;2557993;272774;28256;2876583;3402864;2557993;272774;28256;3402864;272774;272774;2742616;2742617;28256;2951138,Vreelandella alkaliphila,0,1,pcuac_only,NA,WP_481939120.1,1
fodinibius salipaludis,2032627,Fodinibius salipaludis,0,1,pcuac_only,NA,WP_095605966.1,1
halomonas salipaludis,2032625,Halomonas salipaludis,0,1,pcuac_only,NA,WP_095620202.1,1
uncultured helicobacter,175537;175537;1848928;175537;218,Helicobacter sp.;uncultured Helicobacter sp.,0,1,pcuac_only,NA,WP_394960281.1,1
alloyangia mangrovi,1779329,Alloyangia mangrovi,0,1,pcuac_only,NA,WP_095881824.1,1
pseudomonas congelans,200452;200452;2806587;286,Pseudomonas;Pseudomonas congelans;Pseudomonas sp. PvP027,0,1,pcuac_only,NA,WP_096124921.1,1
variibacter gotjawalensis,1333996,Variibacter gotjawalensis,0,1,pcuac_only,NA,WP_096356287.1,1
pseudothioclava arenosa,1795308,Pseudothioclava arenosa,0,1,pcuac_only,NA,WP_096434350.1,1
thauera sinica,2665146,Thauera sinica,0,1,pcuac_only,NA,WP_096446431.1,1
vreelandella nigrificans,2042704,Vreelandella nigrificans,0,1,pcuac_only,NA,WP_096651077.1,1
polynucleobacter meluiroseus,1938814,Polynucleobacter meluiroseus,0,1,pcuac_only,NA,WP_096674466.1,1
delftia acidovorans,80866,Delftia acidovorans,0,1,pcuac_only,NA,WP_096914271.1,1
vibrio thalassae,1243014,Vibrio thalassae,0,1,pcuac_only,NA,WP_096993166.1,1
persephonella hydrogeniphila,198703,Persephonella hydrogeniphila,0,1,pcuac_only,NA,WP_097000540.1,1
cereibacter ovatus,439529,Cereibacter ovatus,0,1,pcuac_only,NA,WP_097029575.1,1
arsukibacterium tuosuense,1323745,Arsukibacterium tuosuense,0,1,pcuac_only,NA,WP_097111468.1,1
alysiella filiformis,1120981;194196,Alysiella filiformis;Alysiella filiformis DSM 16848,0,1,pcuac_only,NA,WP_097113949.1,1
rhizobium subbaraonis,908946,Rhizobium subbaraonis,0,1,pcuac_only,NA,WP_097141765.1,1
mesorhizobium sanjuanii,2037900,Mesorhizobium sanjuanii,0,1,pcuac_only,NA,WP_097574327.1,1
rhizobium croatiense,2035449;2867516;379;2867516,Rhizobium croatiense,0,1,pcuac_only,NA,WP_097583871.1,1
rhizobium chutanense,2035448,Rhizobium chutanense,0,1,pcuac_only,NA,WP_097612759.1,1
candidatus viridilinea,2024553,Candidatus Viridilinea mediisalina,0,1,pcuac_only,NA,WP_097644409.1,1
candidatus chloroploca,1506545;2496869;2528176,Candidatus Chloroploca mongolica,0,1,pcuac_only,NA,WP_129672898.1,1
isoptericola jiangsuensis,548579,Isoptericola jiangsuensis,0,1,pcuac_only,NA,WP_098463941.1,1
marinicella litoralis,644220,Marinicella litoralis,0,1,pcuac_only,NA,WP_099019273.1,1
vibrio alfacsensis,1074311;1074311;1583451;1583767;3416290;3416291;3416292;3416293;3416294;3416295;3416296;3416297;662;1074311;3416298;3416299;3416300;662;1074311;3416301;662,Vibrio;Vibrio alfacsensis;Vibrio sp. PNB22_4_2;Vibrio sp. PNB22_3_1;Vibrio sp. PNB22_2_2,0,1,pcuac_only,NA,WP_128813391.1,1
teichococcus rhizosphaerae,125216;1335062;2038730;2479201;1335062,Teichococcus rhizosphaerae,0,1,pcuac_only,NA,WP_245870126.1,1
pseudomonas pergaminensis,2054917;2054918;2853159;286;3681994;2853159,Pseudomonas pergaminensis,0,1,pcuac_only,NA,WP_099491718.1,1
microvirga ossetica,1882682,Microvirga ossetica,0,1,pcuac_only,NA,WP_099510016.1,1
pseudomonas sediminis,1691904;1691904;286;3078196,Pseudomonas sediminis,0,1,pcuac_only,NA,WP_099526192.1,1
marinobacter guineae,2742;2961995;3472680;432303,Marinobacter;Marinobacter guineae;Marinobacter metalliresistant;Marinobacter sp. B-21,0,1,pcuac_only,NA,WP_099619232.1,1
pseudomonas vlassakiae,1751969;1947331;2800904;286;306;3454502;485888;485888,Pseudomonas vlassakiae,0,1,pcuac_only,NA,WP_099813408.1,1
roseateles chitinivorans,2917965,Roseateles chitinivorans,0,1,pcuac_only,NA,WP_431287053.1,1
methylobacterium frigidaeris,2038277,Methylobacterium frigidaeris,0,1,pcuac_only,NA,WP_099899052.1,1
methylobacterium currus,2051553,Methylobacterium currus,0,1,pcuac_only,NA,WP_099953958.1,1
pseudooceanicola lipolyticus,2029104;2029104;3050036;31989,Pseudooceanicola lipolyticus,0,1,pcuac_only,NA,WP_100164941.1,1
bradyrhizobium nitroreducens,1141168;374;709803;709803,Bradyrhizobium;Bradyrhizobium nitroreducens;Bradyrhizobium sp. UNPF46,0,1,pcuac_only,NA,WP_100176471.1,1
reinekea forsetii,1336806;1970455;230494,Reinekea;Reinekea forsetii;Reinekea sp.,0,1,pcuac_only,NA,WP_100255697.1,1
epibacterium ulvae,1156985,Epibacterium ulvae,0,1,pcuac_only,NA,WP_215263730.1,1
yoonia maricola,420999,Yoonia maricola,0,1,pcuac_only,NA,WP_100367295.1,1
sediminihabitans luteus,1138585,Sediminihabitans luteus,0,1,pcuac_only,NA,WP_100422501.1,1
stenotrophomonas lactitubi,2045214;2045214;2759658;3711945;40323;2045214;3051115;3051116;3051117;3051118;40323;2045214;3135236;3135237;40323,Stenotrophomonas lactitubi,0,1,pcuac_only,NA,WP_100551851.1,1
marinobacter salexigens,1925763,Marinobacter salexigens,0,1,pcuac_only,NA,WP_100639960.1,1
neoalteromonas flava,2048003,Neoalteromonas flava,0,1,pcuac_only,NA,WP_100658095.1,1
vibrio salilacus,1323749,Vibrio salilacus,0,1,pcuac_only,NA,WP_100752722.1,1
candidatus thiodictyon,1166950;572262,Candidatus Thiodictyon syntrophicum str. Cad16;Candidatus Thiodictyon syntrophicum,0,1,pcuac_only,NA,WP_100920338.1,1
macromonas nakdongensis,1843082,Macromonas nakdongensis,0,1,pcuac_only,NA,WP_101050191.1,1
roseovarius salinarum,1981892,Roseovarius salinarum,0,1,pcuac_only,NA,WP_101067758.1,1
vreelandella arctica,2058321;28256;3126499,Halomonadaceae;Halomonas sp. MES3-P3E;Vreelandella arctica,0,1,pcuac_only,NA,WP_101146922.1,1
thalassospira marina,2048283,Thalassospira marina,0,1,pcuac_only,NA,WP_101263830.1,1
thalassospira lohafexi,744227,Thalassospira lohafexi,0,1,pcuac_only,NA,WP_101301899.1,1
colwellia echini,1982103,Colwellia echini,0,1,pcuac_only,NA,WP_101343132.1,1
cupriavidus pauculus,82633,Cupriavidus pauculus,0,1,pcuac_only,NA,WP_101679857.1,1
caulobacter zeae,2055137,Caulobacter zeae,0,1,pcuac_only,NA,WP_101716026.1,1
endozoicomonas acroporae,1701104,Endozoicomonas acroporae,0,1,pcuac_only,NA,WP_101744839.1,1
paracoccus zhejiangensis,1077935,Paracoccus zhejiangensis,0,1,pcuac_only,NA,WP_101753328.1,1
photobacterium carnosum,2023717,Photobacterium carnosum,0,1,pcuac_only,NA,WP_101768874.1,1
pasteurella oralis,1071947,Pasteurella oralis,0,1,pcuac_only,NA,WP_101776172.1,1
luteimonas rhizosphaerae,1912093;2683586;83614,Luteimonas;Luteimonas rhizosphaerae;Luteimonas cellulosilyticus,0,1,pcuac_only,NA,WP_101926799.1,1
unclassified uliginosibacterium,2067453;2621521;3062781,Uliginosibacterium sp. TH139;unclassified Uliginosibacterium;Uliginosibacterium sp. 31-12,0,1,pcuac_only,NA,WP_101941355.1,1
acidimangrovimonas sediminis,2056283,Acidimangrovimonas sediminis,0,1,pcuac_only,NA,WP_102225038.1,1
pseudazoarcus pumilus,2067960,Pseudazoarcus pumilus,0,1,pcuac_only,NA,WP_102247161.1,1
uncultured ottowia,1898956;219181;3040346;543067;2045302;543067,Ottowia;uncultured Ottowia sp.;Ottowia sp.;Ottowia cancrivicina,0,1,pcuac_only,NA,WP_102283271.1,1
ottowia massiliensis,2045302,Ottowia massiliensis,0,1,pcuac_only,NA,WP_102283538.1,1
vibrio cyclitrophicus,47951,Vibrio cyclitrophicus,0,1,pcuac_only,NA,WP_102385079.1,1
halomonas heilongjiangensis,1387883;2745;3043293,Halomonas;Halomonas heilongjiangensis;Halomonas kalidii,0,1,pcuac_only,NA,WP_102626569.1,1
billgrantia endophytica,2033802,Billgrantia endophytica,0,1,pcuac_only,NA,WP_102653804.1,1
achromobacter pulmonis,134375;1389932;222;1389932;1389932;1416886;222;3698346;1389932;222;3679876;3679877;3692508;3698346,Achromobacter pulmonis,0,1,pcuac_only,NA,WP_102775195.1,1
bowmanella denitrificans,366582,Bowmanella denitrificans,0,1,pcuac_only,NA,WP_102798798.1,1
pseudomonas phenolilytica,135621;2746321;2968968,Pseudomonadaceae;Pseudomonas phenolilytica;Stutzerimonas degradans,0,1,pcuac_only,NA,WP_102828453.1,1
vibrio plantisponsor,664643,Vibrio plantisponsor,0,1,pcuac_only,NA,WP_102939997.1,1
mangrovicella endophytica,2066697,Mangrovicella endophytica,0,1,pcuac_only,NA,WP_102959869.1,1
roseibium marinum,281252,Roseibium marinum,0,1,pcuac_only,NA,WP_103221346.1,1
tabrizicola aquatica,909926,Tabrizicola aquatica,0,1,pcuac_only,NA,WP_103256852.1,1
chromobacterium sinusclupearum,2077146;2795110;535,Chromobacterium;Chromobacterium sinusclupearum;Chromobacterium sp. ASV23,0,1,pcuac_only,NA,WP_103321795.1,1
aquitalea palustris,2480983,Aquitalea palustris,0,1,pcuac_only,NA,WP_103522952.1,1
vibrio hangzhouensis,462991,Vibrio hangzhouensis,0,1,pcuac_only,NA,WP_103880886.1,1
thalassococcus halodurans,373675,Thalassococcus halodurans,0,1,pcuac_only,NA,WP_103911569.1,1
marinobacterium lutimaris,568106,Marinobacterium lutimaris,0,1,pcuac_only,NA,WP_104001264.1,1
jhaorihella thermophila,488547,Jhaorihella thermophila,0,1,pcuac_only,NA,WP_104008810.1,1
roseovarius nitratireducens,2044597,Roseovarius nitratireducens,0,1,pcuac_only,NA,WP_104019609.1,1
albidovulum inexpectatum,196587,Albidovulum inexpectatum,0,1,pcuac_only,NA,WP_104069933.1,1
pokkaliibacter plantistimulans,1635171,Pokkaliibacter plantistimulans,0,1,pcuac_only,NA,WP_104154178.1,1
billgrantia saliphila,1848458,Billgrantia saliphila,0,1,pcuac_only,NA,WP_104202210.1,1
kaistia algarum,2083279,Kaistia algarum,0,1,pcuac_only,NA,WP_104217620.1,1
caldimonas caldifontis,1452508,Caldimonas caldifontis,0,1,pcuac_only,NA,WP_104303217.1,1
caldimonas thermodepolymerans,215580,Caldimonas thermodepolymerans,0,1,pcuac_only,NA,WP_104358930.1,1
pseudomonas orientalis,76758,Pseudomonas orientalis,0,1,pcuac_only,NA,WP_104503281.1,1
xanthomonas hortorum,453602;56454;453603;56454;56454,Xanthomonas hortorum,0,1,pcuac_only,NA,WP_104550327.1,1
unclassified xanthomonas,1591156;2643310;3035309;1591157;2643310;2663864;1891621;2082399;2643310;1891621;2082399;2643310;487525;2643310;2971235;487541;2643310;3059649;3059650;3161561;3161562;2643310;3682048;3682049;3682050;3682051;3682052;3682053;3682054;3682055,unclassified Xanthomonas;Xanthomonas sp. AC230;Xanthomonas sp. AC341;Xanthomonas sp. AC342;Xanthomonas sp. AC348a;Xanthomonas sp. AC349;Xanthomonas sp. AC357;Xanthomonas sp. AC360;Xanthomonas sp. AC370,0,1,pcuac_only,NA,WP_104581320.1,1
xanthomonas cucurbitae,56453,Xanthomonas cucurbitae,0,1,pcuac_only,NA,WP_104602964.1,1
xanthomonas dyei,3073639;3073640;3073641;3073642;3073643;3073644;3073645;3073646;3073647;3073648;3073649;3073650;3073651;338;743699;3243405;3243406;338;3698923;487533;743699;487864;743699,Xanthomonas;Xanthomonas sp. NCPPB 1560;Xanthomonas dyei;Xanthomonas sp. NCPPB 4468;Xanthomonas sp. NCPPB 4467;Xanthomonas sp. NCPPB 4466,0,1,pcuac_only,NA,WP_104617658.1,1
helicobacter equorum,361872,Helicobacter equorum,0,1,pcuac_only,NA,WP_104694594.1,1
brucella oryzae,335286,Brucella oryzae,0,1,pcuac_only,NA,WP_104756574.1,1
rhizobium cerradonense,2048897;3021406;3138255;379,Rhizobium;Rhizobium sp. NXC24;Rhizobium cerradonense;Rhizobium sp. CB3060,0,1,pcuac_only,NA,WP_104823190.1,1
devosia indica,2079253;2079253;2083786;46913,Devosia indica,0,1,pcuac_only,NA,WP_104892384.1,1
pontimonas salivibrio,1159327,Pontimonas salivibrio,0,1,pcuac_only,NA,WP_104913277.1,1
pseudomonas alloputida,2069256;2093743;286;2093743;2093743;286;3390197,Pseudomonas;Pseudomonas alloputida;Pseudomonas sp. SMN11,0,1,pcuac_only,NA,WP_104962108.1,1
photobacterium angustum,661,Photobacterium angustum,0,1,pcuac_only,NA,WP_105061527.1,1
aestuarium zhoushanense,2820523,Aestuarium zhoushanense,0,1,pcuac_only,NA,WP_105235738.1,1
idiomarina aquatica,1327752;135575;2100422,Idiomarina;Idiomarina aquatica;Idiomarina sp. OT37-5b,0,1,pcuac_only,NA,WP_105307332.1,1
thermus tenuipuniceus,2078690,Thermus tenuipuniceus,0,1,pcuac_only,NA,WP_105317808.1,1
pseudomonas frederiksbergensis,104087;104087;286;3688111,Pseudomonas;Pseudomonas frederiksbergensis;Pseudomonas sp. TE3728,0,1,pcuac_only,NA,WP_105340417.1,1
albidovulum denitrificans,404881,Albidovulum denitrificans,0,1,pcuac_only,NA,WP_105515999.1,1
pseudomonas trivialis,1848738;200450;286;200450,Pseudomonas trivialis,0,1,pcuac_only,NA,WP_105525192.1,1
solimicrobium silvestre,2099400,Solimicrobium silvestre,0,1,pcuac_only,NA,WP_105531363.1,1
ochrobactrum vermis,1827297,Ochrobactrum vermis,0,1,pcuac_only,NA,WP_105540799.1,1
phyllobacterium phragmitis,2670329,Phyllobacterium phragmitis,0,1,pcuac_only,NA,WP_407863578.1,1
malikia granosa,263067,Malikia granosa,0,1,pcuac_only,NA,WP_105747681.1,1
labrys okinawensis,346911,Labrys okinawensis,0,1,pcuac_only,NA,WP_105862883.1,1
alteromonas gracilis,1479524,Alteromonas gracilis,0,1,pcuac_only,NA,WP_105930479.1,1
marisediminitalea alba,2079529,Marisediminitalea alba,0,1,pcuac_only,NA,WP_105936159.1,1
candidatus pandoraea,1808959,Candidatus Pandoraea novymonadis,0,1,pcuac_only,NA,WP_106182988.1,1
jezberella montanilacus,323426,Jezberella montanilacus,0,1,pcuac_only,NA,WP_106227705.1,1
halomonas ventosae,229007,Halomonas ventosae,0,1,pcuac_only,NA,WP_133637708.1,1
donghicola tyrosinivorans,1652492,Donghicola tyrosinivorans,0,1,pcuac_only,NA,WP_106263008.1,1
alsobacter soli,2109933,Alsobacter soli,0,1,pcuac_only,NA,WP_106335982.1,1
yoonia maritima,1435347,Yoonia maritima,0,1,pcuac_only,NA,WP_106355418.1,1
pukyongiella litopenaei,2605946,Pukyongiella litopenaei,0,1,pcuac_only,NA,WP_106473052.1,1
marinobacterium halophilum,267374,Marinobacterium halophilum,0,1,pcuac_only,NA,WP_106591993.1,1
marinobacter shengliensis,1389223;1389223;2570350;1389223;2742;50741,Marinobacter shengliensis,0,1,pcuac_only,NA,WP_106693604.1,1
phyllobacterium brassicacearum,314235,Phyllobacterium brassicacearum,0,1,pcuac_only,NA,WP_106712360.1,1
phyllobacterium endophyticum,1149773,Phyllobacterium endophyticum,0,1,pcuac_only,NA,WP_106715104.1,1
phreatobacter cathodiphilus,1868589,Phreatobacter cathodiphilus,0,1,pcuac_only,NA,WP_106750345.1,1
kumtagia ephedrae,2116701,Kumtagia ephedrae,0,1,pcuac_only,NA,WP_106770975.1,1
martinezella paranaensis,1650438;3040015;82115,Rhizobiaceae;Martinezella paranaensis;Rhizobium sp. BR 317,0,1,pcuac_only,NA,WP_107108159.1,1
thauera aromatica,44139;59405;59405,Thauera aromatica,0,1,pcuac_only,NA,WP_107221633.1,1
photobacterium frigidiphilum,264736,Photobacterium frigidiphilum,0,1,pcuac_only,NA,WP_107242593.1,1
photobacterium indicum,81447,Photobacterium indicum,0,1,pcuac_only,NA,WP_107251760.1,1
photobacterium lipolyticum,266810,Photobacterium lipolyticum,0,1,pcuac_only,NA,WP_107283358.1,1
photobacterium rosenbergii,294936,Photobacterium rosenbergii,0,1,pcuac_only,NA,WP_107297030.1,1
photobacterium lutimaris,388278,Photobacterium lutimaris,0,1,pcuac_only,NA,WP_107349063.1,1
pseudothauera lacus,2136175,Pseudothauera lacus,0,1,pcuac_only,NA,WP_107491922.1,1
mesorhizobium helmanticense,1776423,Mesorhizobium helmanticense,0,1,pcuac_only,NA,WP_107651212.1,1
nocardia suismassiliense,2077092,Nocardia suismassiliense,0,1,pcuac_only,NA,WP_107656742.1,1
pseudogemmobacter blasticus,1075;1075;1188250,Pseudogemmobacter blasticus,0,1,pcuac_only,NA,WP_107672367.1,1
agrobacterium radiobacter,2055153;357;362;2137762;227290;2499627;362;362,Agrobacterium radiobacter,0,1,pcuac_only,NA,WP_107675529.1,1
pararhodobacter aggregans,28211;3032581;3121537;404875;589035;404875,Pararhodobacter aggregans,0,1,pcuac_only,NA,WP_107751282.1,1
chromobacterium rhizoryzae,1778675;1778675;2161826;2735795;2957805;3234025;3406682;535,Chromobacterium rhizoryzae,0,1,pcuac_only,NA,WP_107797803.1,1
celeribacter persicus,1651082,Celeribacter persicus,0,1,pcuac_only,NA,WP_107814656.1,1
rhodovulum imhoffii,365340,Rhodovulum imhoffii,0,1,pcuac_only,NA,WP_107891734.1,1
sphingomonas faeni,185950,Sphingomonas faeni,0,1,pcuac_only,NA,WP_107952753.1,1
sphingomonas aurantiaca,185949,Sphingomonas aurantiaca,0,1,pcuac_only,NA,WP_107959529.1,1
breoghania corrubedonensis,665038,Breoghania corrubedonensis,0,1,pcuac_only,NA,WP_107987777.1,1
mycoplana dimorpha,28320,Mycoplana dimorpha,0,1,pcuac_only,NA,WP_108000958.1,1
pseudomonas mangrovi,2161748,Pseudomonas mangrovi,0,1,pcuac_only,NA,WP_108107956.1,1
phreatobacter oligotrophus,1122261,Phreatobacter oligotrophus,0,1,pcuac_only,NA,WP_108179583.1,1
mangrovicoccus ximenensis,1911570,Mangrovicoccus ximenensis,0,1,pcuac_only,NA,WP_108259086.1,1
limnohabitans parvus,1293052;540061,Limnohabitans parvus;Limnohabitans parvus II-B4,0,1,pcuac_only,NA,WP_240606635.1,1
yoonia sediminilitoris,1286148,Yoonia sediminilitoris,0,1,pcuac_only,NA,WP_108386469.1,1
falsigemmobacter faecalis,2488730,Falsigemmobacter faecalis,0,1,pcuac_only,NA,WP_108437553.1,1
halomonas denitrificans,370769,Halomonas denitrificans,0,1,pcuac_only,NA,WP_108445800.1,1
polynucleobacter difficilis,556054,Polynucleobacter difficilis,0,1,pcuac_only,NA,WP_108468714.1,1
bradyrhizobium algeriense,3117030;374;634784;634784,Bradyrhizobium;Bradyrhizobium algeriense;Bradyrhizobium sp. AZCC 1678,0,1,pcuac_only,NA,WP_334481123.1,1
orrella marina,2163011,Orrella marina,0,1,pcuac_only,NA,WP_108619923.1,1
pontivivens insulae,1639689,Pontivivens insulae,0,1,pcuac_only,NA,WP_108783368.1,1
ascidiaceihabitans donghaensis,1510460,Ascidiaceihabitans donghaensis,0,1,pcuac_only,NA,WP_108827544.1,1
aliiroseovarius pelagivivens,1639690,Aliiroseovarius pelagivivens,0,1,pcuac_only,NA,WP_108857367.1,1
pseudoprimorskyibacter insulae,1695997,Pseudoprimorskyibacter insulae,0,1,pcuac_only,NA,WP_108885793.1,1
shewanella halifaxensis,271098,Shewanella halifaxensis,0,1,pcuac_only,NA,WP_108945441.1,1
parazoarcus communis,41977,Parazoarcus communis,0,1,pcuac_only,NA,WP_108948582.1,1
candidatus phycosocius,1445552;2815099,Candidatus Phycosocius spiralis,0,1,pcuac_only,NA,WP_284358518.1,1
massilia oculi,945844,Massilia oculi,0,1,pcuac_only,NA,WP_109343523.1,1
ochrobactrum soli,2448455;2448455;2826938;3045175;3045176;3075478,Ochrobactrum soli,0,1,pcuac_only,NA,WP_109368100.1,1
salibaculum griseiflavum,1914409,Salibaculum griseiflavum,0,1,pcuac_only,NA,WP_109386685.1,1
roseovarius carneus,2853164,Roseovarius carneus,0,1,pcuac_only,NA,WP_109387573.1,1
albibacillus kandeliae,2174228,Albibacillus kandeliae,0,1,pcuac_only,NA,WP_109465950.1,1
uncultured maritimibacter,2184063;991866;991866,uncultured Maritimibacter sp.,0,1,pcuac_only,NA,WP_298496569.1,1
pseudaminobacter salicylatoxidans,93369,Pseudaminobacter salicylatoxidans,0,1,pcuac_only,NA,WP_109613638.1,1
roseicyclus mahoneyensis,164332,Roseicyclus mahoneyensis,0,1,pcuac_only,NA,WP_109667075.1,1
falsochrobactrum shanghaiense,2201899,Falsochrobactrum shanghaiense,0,1,pcuac_only,NA,WP_109704786.1,1
pseudomonas bijieensis,1602166;1761894;2681983;286;2681983,Pseudomonas bijieensis,0,1,pcuac_only,NA,WP_109752221.1,1
meridianimarinicoccus roseus,2072018,Meridianimarinicoccus roseus,0,1,pcuac_only,NA,WP_109812582.1,1
leucothrix pacifica,1247513,Leucothrix pacifica,0,1,pcuac_only,NA,WP_109838801.1,1
methylobacterium durans,2202825,Methylobacterium durans,0,1,pcuac_only,NA,WP_109887578.1,1
zavarzinia aquatilis,2211142,Zavarzinia aquatilis,0,1,pcuac_only,NA,WP_109905170.1,1
zavarzinia compransoris,1264899,Zavarzinia compransoris,0,1,pcuac_only,NA,WP_109920428.1,1
methylobacterium radiodurans,2202828,Methylobacterium radiodurans,0,1,pcuac_only,NA,WP_109950998.1,1
methylobacterium terrae,2202827,Methylobacterium terrae,0,1,pcuac_only,NA,WP_109959189.1,1
hoeflea marina,274592,Hoeflea marina,0,1,pcuac_only,NA,WP_110031770.1,1
halomonas alkalicola,1930622;1930622;2183985;2745;1930622;2306583;2745,Halomonas alkalicola,0,1,pcuac_only,NA,WP_119022254.1,1
pseudidiomarina tainanensis,2800384;2965078;3237706;3425124;502365;519453;502365,Pseudidiomarina tainanensis,0,1,pcuac_only,NA,WP_110075904.1,1
chelatococcus asaccharovorans,28210,Chelatococcus asaccharovorans,0,1,pcuac_only,NA,WP_110374513.1,1
sphaerotilus hippei,744406,Sphaerotilus hippei,0,1,pcuac_only,NA,WP_110399657.1,1
xylophilus ampelinus,54067,Xylophilus ampelinus,0,1,pcuac_only,NA,WP_110464052.1,1
herpetosiphon llansteffanensis,2094568,Herpetosiphon llansteffanensis,0,1,pcuac_only,NA,WP_110516416.1,1
unclassified meiothermus,2740565;370471;873128,unclassified Meiothermus;Meiothermus sp. Pnk-1;Meiothermus sp. PNK-Is4,0,1,pcuac_only,NA,WP_110524712.1,1
idiomarina fontislapidosi,263723,Idiomarina fontislapidosi,0,1,pcuac_only,NA,WP_110573695.1,1
pseudomonas jessenii,77298,Pseudomonas jessenii,0,1,pcuac_only,NA,WP_110657385.1,1
peteryoungia wuzhouensis,1986026,Peteryoungia wuzhouensis,0,1,pcuac_only,NA,WP_110793143.1,1
litorivita pollutaquae,2200892,Litorivita pollutaquae,0,1,pcuac_only,NA,WP_110794742.1,1
rhodobacter viridis,1054202,Rhodobacter viridis,0,1,pcuac_only,NA,WP_110805891.1,1
duganella dendranthematis,2728021,Duganella dendranthematis,0,1,pcuac_only,NA,WP_110847568.1,1
pseudomonas bohemica,2044872,Pseudomonas bohemica,0,1,pcuac_only,NA,WP_110951093.1,1
pseudomonas huaxiensis,2213017,Pseudomonas huaxiensis,0,1,pcuac_only,NA,WP_110970905.1,1
pseudomonas sichuanensis,2213015;2213015;286;2894079;3136794;3404807;3424775;2213015;286;3078199,Pseudomonas sichuanensis,0,1,pcuac_only,NA,WP_110996176.1,1
azospirillum ramasamyi,682998,Azospirillum ramasamyi,0,1,pcuac_only,NA,WP_111069363.1,1
aestuariivirga litoralis,2650924,Aestuariivirga litoralis,0,1,pcuac_only,NA,WP_111197472.1,1
micromonospora craterilacus,1655439,Micromonospora craterilacus,0,1,pcuac_only,NA,WP_111217229.1,1
arminella tumorigenes,2041385,Arminella tumorigenes,0,1,pcuac_only,NA,WP_111221070.1,1
pseudomonas tohonis,2213080;2725477;286;3088134;3478290;2725477;2725477;2731552;286,Pseudomonas tohonis,0,1,pcuac_only,NA,WP_111259192.1,1
rhodoplanes elegans,29408,Rhodoplanes elegans,0,1,pcuac_only,NA,WP_201159699.1,1
aquicoccus porphyridii,1852029,Aquicoccus porphyridii,0,1,pcuac_only,NA,WP_111366052.1,1
humitalea rosea,990373,Humitalea rosea,0,1,pcuac_only,NA,WP_111399318.1,1
meridianimarinicoccus zhengii,2056810;2917831;3466782,Meridianimarinicoccus zhengii;Meridianimarinicoccus;Meridianimarinicoccus sp. RP-17,0,1,pcuac_only,NA,WP_111405374.1,1
cupriavidus phytorum,3024399,Cupriavidus phytorum,0,1,pcuac_only,NA,WP_111521661.1,1
palleronia aestuarii,568105,Palleronia aestuarii,0,1,pcuac_only,NA,WP_111536727.1,1
mesorhizobium kowhaii,1300272,Mesorhizobium kowhaii,0,1,pcuac_only,NA,WP_111548837.1,1
paracoccus sediminilitoris,2202419,Paracoccus sediminilitoris,0,1,pcuac_only,NA,WP_111558280.1,1
aliidiomarina maris,531312,Aliidiomarina maris,0,1,pcuac_only,NA,WP_111570595.1,1
falsochrobactrum ovis,1293442,Falsochrobactrum ovis,0,1,pcuac_only,NA,WP_111573829.1,1
roseovarius amoyensis,2211448,Roseovarius amoyensis,0,1,pcuac_only,NA,WP_111734449.1,1
mesorhizobium hawassense,1209954,Mesorhizobium hawassense,0,1,pcuac_only,NA,WP_112096641.1,1
mesorhizobium atlanticum,2233532,Mesorhizobium atlanticum,0,1,pcuac_only,NA,WP_112126326.1,1
nitrincola tibetensis,2219697,Nitrincola tibetensis,0,1,pcuac_only,NA,WP_112158693.1,1
pseudomonas canadensis,2219057;2750625;286;915099;2496849;286;306;915099;2745402;2804604;286;915099;915099,Pseudomonas canadensis,0,1,pcuac_only,NA,WP_112196180.1,1
pseudomonas inefficax,2078786;2078786;2078787;286;2078786;2219225;286;306;2078786;2813559;286;2078786;286;3086079,Pseudomonas inefficax,0,1,pcuac_only,NA,WP_112252369.1,1
martinezella miluonensis,2587080;411945;82115;411945,Martinezella miluonensis,0,1,pcuac_only,NA,WP_112337037.1,1
microvirga flavescens,2249811,Microvirga flavescens,0,1,pcuac_only,NA,WP_112664281.1,1
microvirgula curvata,1817962;2183901;57479,Microvirgula;Microvirgula curvata;Microvirgula sp. AG722,0,1,pcuac_only,NA,WP_112692856.1,1
cupriavidus alkaliphilus,942866,Cupriavidus alkaliphilus,0,1,pcuac_only,NA,WP_112777346.1,1
paracoccus mutanolyticus,1499308,Paracoccus mutanolyticus,0,1,pcuac_only,NA,WP_223251981.1,1
herminiimonas fonticola,303380,Herminiimonas fonticola,0,1,pcuac_only,NA,WP_112990777.1,1
agrobacterium cavarae,2528239;2528239;3453872;357,Agrobacterium cavarae,0,1,pcuac_only,NA,WP_113260612.1,1
martinezella dioscoreae,2572677;2653122;2802287;3702244;3702249;82115;2653122,Rhizobiaceae;Rhizobium sp. ERR 1071;Martinezella dioscoreae;Rhizobium sp. AG207R;Martinezella sp. CNPSo 3694;Martinezella sp. CNPSo 3893,0,1,pcuac_only,NA,WP_113350747.1,1
paenirhizobium cremeum,2813827,Paenirhizobium cremeum,0,1,pcuac_only,NA,WP_113448512.1,1
aliarcobacter vitoriensis,2011099,Aliarcobacter vitoriensis,0,1,pcuac_only,NA,WP_113895225.1,1
paenirhodobacter hankyongi,2294033,Paenirhodobacter hankyongi,0,1,pcuac_only,NA,WP_121533668.1,1
brevibacterium sanguinis,232444,Brevibacterium sanguinis,0,1,pcuac_only,NA,WP_113902378.1,1
roseovarius dicentrarchi,2250573,Roseovarius dicentrarchi,0,1,pcuac_only,NA,WP_113912273.1,1
spongiactinospora rosea,2248750,Spongiactinospora rosea,0,1,pcuac_only,NA,WP_113983462.1,1
chromobacterium phragmitis,2202141,Chromobacterium phragmitis,0,1,pcuac_only,NA,WP_114061247.1,1
paracoccus suum,2259340,Paracoccus suum,0,1,pcuac_only,NA,WP_114074716.1,1
microvirga aerophila,670291,Microvirga aerophila,0,1,pcuac_only,NA,WP_114189037.1,1
thioalbus denitrificans,547122,Thioalbus denitrificans,0,1,pcuac_only,NA,WP_114278000.1,1
candidatus colwellia,2267621,Candidatus Colwellia aromaticivorans,0,1,pcuac_only,NA,WP_114327539.1,1
paracoccus lutimaris,1490030,Paracoccus lutimaris,0,1,pcuac_only,NA,WP_114349689.1,1
rhodopseudomonas pentothenatexigens,1073;999699;999700,Rhodopseudomonas;Rhodopseudomonas pentothenatexigens;Rhodopseudomonas thermotolerans,0,1,pcuac_only,NA,WP_114356122.1,1
paramesorhizobium salinisoli,1899321,Paramesorhizobium salinisoli,0,1,pcuac_only,NA,WP_114439371.1,1
pseudorhodoferax soli,545864,Pseudorhodoferax soli,0,1,pcuac_only,NA,WP_114472780.1,1
billgrantia montanilacus,2282305,Billgrantia montanilacus,0,1,pcuac_only,NA,WP_114477233.1,1
polynucleobacter necessarius,576610,Polynucleobacter necessarius,0,1,pcuac_only,NA,WP_114652334.1,1
pelagibacterium lacus,2282655,Pelagibacterium lacus,0,1,pcuac_only,NA,WP_114644195.1,1
pseudothauera hydrothermalis,2184083,Pseudothauera hydrothermalis,0,1,pcuac_only,NA,WP_114649708.1,1
motiliproteus coralliicola,2283196,Motiliproteus coralliicola,0,1,pcuac_only,NA,WP_114696688.1,1
brevundimonas bullata,13160,Brevundimonas bullata,0,1,pcuac_only,NA,WP_114816912.1,1
allobosea caraganae,2763117,Allobosea caraganae,0,1,pcuac_only,NA,WP_114832147.1,1
halarcobacter bivalviorum,663364,Halarcobacter bivalviorum,0,1,pcuac_only,NA,WP_114839670.1,1
acidibrevibacterium fodinaquatile,1969806;2603324;2606776,Acidibrevibacterium fodinaquatile;Acidibrevibacterium;Acidibrevibacterium sp.,0,1,pcuac_only,NA,WP_114912617.1,1
microvirga calopogonii,2078013,Microvirga calopogonii,0,1,pcuac_only,NA,WP_114943613.1,1
flaviflagellibacter deserti,2267266,Flaviflagellibacter deserti,0,1,pcuac_only,NA,WP_114958329.1,1
unclassified idiomarina,2183988;2614829;3418369,Idiomarina sp. 017G;unclassified Idiomarina;Idiomarina sp. ST20R2A10,0,1,pcuac_only,NA,WP_114981643.1,1
pseudomonas wadenswilerensis,1785161;1785161;2078785;286;2899115;3158969;3452161,Pseudomonas wadenswilerensis,0,1,pcuac_only,NA,WP_458979309.1,1
cupriavidus lacunae,2666307,Cupriavidus lacunae,0,1,pcuac_only,NA,WP_115212102.1,1
crenobacter cavernae,2290923,Crenobacter cavernae,0,1,pcuac_only,NA,WP_115432703.1,1
marinomonas piezotolerans,2213058,Marinomonas piezotolerans,0,1,pcuac_only,NA,WP_115467231.1,1
undibacter mobilis,2292256,Undibacter mobilis,0,1,pcuac_only,NA,WP_115518055.1,1
alteromonas aestuariivivens,1938339,Alteromonas aestuariivivens,0,1,pcuac_only,NA,WP_115592598.1,1
aestuariispira insulae,1461337,Aestuariispira insulae,0,1,pcuac_only,NA,WP_115937676.1,1
rhodosalinus sediminis,1940533,Rhodosalinus sediminis,0,1,pcuac_only,NA,WP_115980403.1,1
thalassotalea euphylliae,1655234,Thalassotalea euphylliae,0,1,pcuac_only,NA,WP_115998936.1,1
cupriavidus smyrnaeus,106589;2027911;2897324;701108,Cupriavidus;Cupriavidus smyrnaeus;Cupriavidus sp. P-10;Cupriavidus sp. Agwp_2,0,1,pcuac_only,NA,WP_116316878.1,1
pararhodobacter oceanensis,2172121,Pararhodobacter oceanensis,0,1,pcuac_only,NA,WP_116558279.1,1
primorskyibacter marinus,1977320,Primorskyibacter marinus,0,1,pcuac_only,NA,WP_116598070.1,1
steroidobacter cummioxidans,1803913,Steroidobacter cummioxidans,0,1,pcuac_only,NA,WP_116807518.1,1
pseudomonas capsici,2810614,Pseudomonas capsici,0,1,pcuac_only,NA,WP_117185369.1,1
thermus sediminis,1761908,Thermus sediminis,0,1,pcuac_only,NA,WP_117237877.1,1
nioella halotolerans,2303578,Nioella halotolerans,0,1,pcuac_only,NA,WP_117296674.1,1
unclassified phaeobacter,1454807;1454808;2621772;3112463;3112471;3112472;3112483;3112486;3112488;3112493;3112500;3112503;2621772;2907239;681157;2621772;3029979;3029980;3029981,Phaeobacter sp. JH57H1;Phaeobacter sp. JH57H2;unclassified Phaeobacter;Phaeobacter sp. JH20_04;Phaeobacter sp. JH20_12;Phaeobacter sp. JH20_13;Phaeobacter sp. JH20_26;Phaeobacter sp. JH20_29;Phaeobacter sp. JH20_31;Phaeobacter sp. JH20_36;Phaeobacter sp. JH20_43;Phaeobacter sp. JH204B,0,1,pcuac_only,NA,WP_118068338.1,1
novosphingobium colocasiae,1016987;1256513;1507448;1908224;204457;1256513,Novosphingobium colocasiae,0,1,pcuac_only,NA,WP_118072630.1,1
pseudotabrizicola alkalilacus,2305252,Pseudotabrizicola alkalilacus,0,1,pcuac_only,NA,WP_118149368.1,1
vibrio superstes,1219062;198815,Vibrio superstes;Vibrio superstes NBRC 103154,0,1,pcuac_only,NA,WP_119008155.1,1
simplicispira metamorpha,80881,Simplicispira metamorpha,0,1,pcuac_only,NA,WP_119012357.1,1
gemmobacter lutimaris,2306023,Gemmobacter lutimaris,0,1,pcuac_only,NA,WP_119133391.1,1
pseudomonas reidholzensis,1785162,Pseudomonas reidholzensis,0,1,pcuac_only,NA,WP_119141010.1,1
caldimonas tepidiphila,2315841,Caldimonas tepidiphila,0,1,pcuac_only,NA,WP_119156606.1,1
taklimakanibacter deserti,2267839,Taklimakanibacter deserti,0,1,pcuac_only,NA,WP_119270319.1,1
calidithermus roseus,1644118,Calidithermus roseus,0,1,pcuac_only,NA,WP_119278792.1,1
dongia deserti,2268030,Dongia deserti,0,1,pcuac_only,NA,WP_119303545.1,1
calidithermus terrae,1408545,Calidithermus terrae,0,1,pcuac_only,NA,WP_119316156.1,1
meiothermus hypogaeus,1227553;884155;884155,Meiothermus hypogaeus,0,1,pcuac_only,NA,WP_119341166.1,1
meiothermus granaticius,1227551;863370,Meiothermus granaticius;Meiothermus granaticius NBRC 107808,0,1,pcuac_only,NA,WP_119356627.1,1
meiothermus luteus,2026184,Meiothermus luteus,0,1,pcuac_only,NA,WP_119360040.1,1
pseudooceanicola sediminis,2211117,Pseudooceanicola sediminis,0,1,pcuac_only,NA,WP_119400320.1,1
pseudomonas jilinensis,2078689,Pseudomonas jilinensis,0,1,pcuac_only,NA,WP_119701169.1,1
paracoccus onubensis,1675788,Paracoccus onubensis,0,1,pcuac_only,NA,WP_119752128.1,1
noviherbaspirillum saxi,2320863,Noviherbaspirillum saxi,0,1,pcuac_only,NA,WP_119771882.1,1
paracoccus aurantiacus,2283626;2599412;265;2599412,Paracoccus aurantiacus,0,1,pcuac_only,NA,WP_119806489.1,1
azospirillum cavernae,2320860,Azospirillum cavernae,0,1,pcuac_only,NA,WP_119832705.1,1
pseudooceanicola algae,1537215,Pseudooceanicola algae,0,1,pcuac_only,NA,WP_119840578.1,1
paracoccus aestuarii,453842,Paracoccus aestuarii,0,1,pcuac_only,NA,WP_119887895.1,1
pseudomonas cavernae,2320867,Pseudomonas cavernae,0,1,pcuac_only,NA,WP_119892120.1,1
pseudomonas cavernicola,2320866,Pseudomonas cavernicola,0,1,pcuac_only,NA,WP_119953747.1,1
mesorhizobium waimense,1300307,Mesorhizobium waimense,0,1,pcuac_only,NA,WP_120014075.1,1
bartonella kosoyi,2133959,Bartonella kosoyi,0,1,pcuac_only,NA,WP_120100245.1,1
bartonella krasnovii,2267275,Bartonella krasnovii,0,1,pcuac_only,NA,WP_120121580.1,1
unclassified tardiphaga,2631404;3232646;3232655;3240760;2631404;3240377;3240378;3240775;3240778;3240784;2631404;3240763;3240764;3240777;2631404;3240766;3240767;3240768;2631404;3240779;3240788;3240789;2631404;3240780;3240781;3240782,unclassified Tardiphaga;Tardiphaga sp. P5_C10;Tardiphaga sp. P5_C7;Tardiphaga sp. 813_E8_N1_3,0,1,pcuac_only,NA,WP_120287256.1,1
photobacterium salinisoli,1616783,Photobacterium salinisoli,0,1,pcuac_only,NA,WP_120512367.1,1
unclassified ruegeria,1213543;2625375;3437713;3437717;3437718;3437813;3437814;3437815;1879320;2107578;2625375;2625375;2682980;2682982;2682996;3437498;2625375;2682981;2682997;2625375;2682983;2683007;2683008;2683013;2683014;2794828;2794829;2625375;2682984;2682985;2682986;2683009;3458248;2625375;2682987;2683012;2683015;2625375;2682988;2682990;2682991;2683016;2683017;3437543;3437566;2625375;2682993;2682994;2683000;2683001;3437729;2625375;2683003;2683005;3437788;2625375;2683010;2683011;2625375;2683018;2683019;2683020;2683021;3437568;3437592;3437598;3437601;2625375;2793010;3437413;2625375;2794830;3437441;3437456;3437486;3437531;3437689;3437782;3437799;2625375;2794833;2794834;3437432;3437437;3437439;3437442;3437446;3437447;3437477;3437487;3437488;3437613;3437658;3437665;3437667;3437769;3437772;3437776;3437778;3437781;3437783;3437785;3437786;3437789;3437791;3437795;3437796;3437797;3437801;3437804;3437806;3437807;3437809;2625375;2821109;2821110;2625375;3437399;3437433;3437496;3437500;3437695;2625375;3437401;3437403;3437484;2625375;3437402;3437418;2625375;3437404;3437645;2625375;3437405;3437414;3437425;3437472;3437474;3437533;3437537;3437538;3437539;3437699;3437701;3437703;3437707;3437711;3437712;2625375;3437417;3437443;3437452;3437596;3437597;3437693;2625375;3437424;3437426;3437706;2625375;3437431;3437438;3437445;3437764;3437802;3437805;2625375;3437435;3437457;3437774;3437775;2625375;3437448;3437451;3437476;3437611;3437612;3437771;3437792;3437793;3437794;3437803;2625375;3437453;3437779;2625375;3437454;3437462;3437550;3437557;3437579;3437628;3437657;3437726;2625375;3437461;3437721;3437723;3437741;2625375;3437473;3437475;2625375;3437478;3437522;3437523;3437532;3437580;3437581;3437582;3437605;3437742;3437743;3437747;3437748;3437749;3437750;3437751;3437752;3437753;3437754;3437755;3437756;3437757;3437758;3437759;3437760;3437762;3437816;3437817;2625375;3437482;3437763;2625375;3437501;3437508;3437510;3437511;3437513;3437514;3437515;3437516;3437519;3437520;3437521;3437526;3437529;2625375;3437506;3437507;2625375;3437524;3437599;3437627;3437784;3437800;2625375;3437534;3437540;3437541;2625375;3437545;3437629;2625375;3437553;3437646;2625375;3437587;3437589;2625375;3437603;3437670;2625375;3437644;3437722;3437777;3437798;2625375;3437652;3437696;3437812;2625375;3437671;3437672;3437675;3437676;3437677;3437680;3437685;2625375;3437673;3437683;2625375;3437714;3437720;2625375;3437732;3437734;2625375;3437735;3437736;3437738;3437740,unclassified Ruegeria;Ruegeria sp. HKCCD5871-2;Ruegeria sp. HKCCD6426,0,1,pcuac_only,NA,WP_120633381.1,1
martinezella jaguaris,1312183,Martinezella jaguaris,0,1,pcuac_only,NA,WP_120704266.1,1
thiocapsa rosea,69360,Thiocapsa rosea,0,1,pcuac_only,NA,WP_120798650.1,1
vogesella indigofera,45465,Vogesella indigofera,0,1,pcuac_only,NA,WP_465010637.1,1
stutzerimonas urumqiensis,638269,Stutzerimonas urumqiensis,0,1,pcuac_only,NA,WP_120995267.1,1
litoreibacter meonggei,1049199;1631240;204455,Rhodobacterales;Litoreibacter meonggei;Sedimentitalea todarodis,0,1,pcuac_only,NA,WP_121028000.1,1
roseinatronobacter ekhonensis,254356,Roseinatronobacter ekhonensis,0,1,pcuac_only,NA,WP_121093660.1,1
tropicibacter alexandrii,2267683,Tropicibacter alexandrii,0,1,pcuac_only,NA,WP_121630738.1,1
alcaligenes aquatilis,2991054;323284;507;323284,Alcaligenes aquatilis,0,1,pcuac_only,NA,WP_121738647.1,1
parashewanella curva,2338552,Parashewanella curva,0,1,pcuac_only,NA,WP_121839474.1,1
rhodophyticola porphyridii,1852017;1852017;204455;2763261,Rhodobacterales;Rhodophyticola porphyridii;Boseongicola sp. H5,0,1,pcuac_only,NA,WP_121896470.1,1
paracoccus alkanivorans,2116655,Paracoccus alkanivorans,0,1,pcuac_only,NA,WP_122114472.1,1
stutzerimonas zhaodongensis,1176257;1176257;2901164;3439498,Stutzerimonas zhaodongensis,0,1,pcuac_only,NA,WP_122166490.1,1
bradyrhizobium vignae,1549949;374;578928,Bradyrhizobium;Bradyrhizobium sp. STM 3566;Bradyrhizobium vignae,0,1,pcuac_only,NA,WP_122406640.1,1
campylobacter showae,194;204;205;204,Campylobacter showae,0,1,pcuac_only,NA,WP_122861838.1,1
corynebacterium alimapuense,1576874,Corynebacterium alimapuense,0,1,pcuac_only,NA,WP_123047325.1,1
massilia aurea,373040,Massilia aurea,0,1,pcuac_only,NA,WP_367611878.1,1
mesorhizobium delmotii,1631247,Mesorhizobium delmotii,0,1,pcuac_only,NA,WP_123151683.1,1
brevundimonas halotolerans,69670,Brevundimonas halotolerans,0,1,pcuac_only,NA,WP_123287133.1,1
marisediminitalea oceani,2071609,Marisediminitalea oceani,0,1,pcuac_only,NA,WP_123327261.1,1
pseudomonas monsensis,2056843;2745509;286;3480026;2745509;2745509;286;2871493;3031121,Pseudomonas monsensis,0,1,pcuac_only,NA,WP_123462832.1,1
sinobacterium caligoides,933926,Sinobacterium caligoides,0,1,pcuac_only,NA,WP_123712304.1,1
pseudomonas poae,200451;200451;2518647;2518648;2518649;2518650;286;2929055,Pseudomonas poae,0,1,pcuac_only,NA,WP_123716067.1,1
pacificibacter maritimus,762213,Pacificibacter maritimus,0,1,pcuac_only,NA,WP_123793113.1,1
paralteromonas sediminis,2259342,Paralteromonas sediminis,0,1,pcuac_only,NA,WP_124027676.1,1
tibeticola sediminis,1917811,Tibeticola sediminis,0,1,pcuac_only,NA,WP_124222964.1,1
pseudomonas sessilinigenes,2795724;286;658629,Pseudomonas;Pseudomonas sessilinigenes;Pseudomonas sp. MPFS,0,1,pcuac_only,NA,WP_124347670.1,1
rhizobacter terrae,2496871,Rhizobacter terrae,0,1,pcuac_only,NA,WP_124542788.1,1
mesorhizobium tamadayense,425306,Mesorhizobium tamadayense,0,1,pcuac_only,NA,WP_125004817.1,1
tabrizicola piscis,2494374;2494374;2699202;2852097;3066345;31989,Paracoccaceae;Tabrizicola piscis;Stagnihabitans tardus;Paragemmobacter amnigenus;Albidovulum sediminis,0,1,pcuac_only,NA,WP_125326449.1,1
vreelandella venusta,1255602;2742614;28256;44935;507763;44935,Vreelandella venusta,0,1,pcuac_only,NA,WP_404344140.1,1
pseudomonas saudiphocaensis,1499686,Pseudomonas saudiphocaensis,0,1,pcuac_only,NA,WP_125837060.1,1
rhizobium pisi,574561,Rhizobium pisi,0,1,pcuac_only,NA,WP_125845698.1,1
devosia equisanguinis,2490941,Devosia equisanguinis,0,1,pcuac_only,NA,WP_126149932.1,1
bradyrhizobium frederickii,2341115;2560054;3466037;374;2560054,Bradyrhizobium frederickii,0,1,pcuac_only,NA,WP_126257359.1,1
blastochloris tepida,2233851,Blastochloris tepida,0,1,pcuac_only,NA,WP_126396644.1,1
oharaeibacter diazotrophicus,1920512,Oharaeibacter diazotrophicus,0,1,pcuac_only,NA,WP_126541530.1,1
aquibium carbonis,2495581,Aquibium carbonis,0,1,pcuac_only,NA,WP_126699773.1,1
pseudidiomarina marina,502366,Pseudidiomarina marina,0,1,pcuac_only,NA,WP_126760383.1,1
aliidiomarina iranensis,1434071,Aliidiomarina iranensis,0,1,pcuac_only,NA,WP_126767283.1,1
aliidiomarina sanyensis,1249555,Aliidiomarina sanyensis,0,1,pcuac_only,NA,WP_126777330.1,1
idiomarina ramblicola,263724,Idiomarina ramblicola,0,1,pcuac_only,NA,WP_126782204.1,1
idiomarina seosinensis,281739,Idiomarina seosinensis,0,1,pcuac_only,NA,WP_126785033.1,1
aliidiomarina shirensis,1048642,Aliidiomarina shirensis,0,1,pcuac_only,NA,WP_126808295.1,1
rhizobium fabae,573179,Rhizobium fabae,0,1,pcuac_only,NA,WP_126822926.1,1
rhizobium vallis,634290,Rhizobium vallis,0,1,pcuac_only,NA,WP_126921286.1,1
vreelandella andesensis,447567,Vreelandella andesensis,0,1,pcuac_only,NA,WP_126947688.1,1
frigidibacter oleivorans,2487129,Frigidibacter oleivorans,0,1,pcuac_only,NA,WP_126979380.1,1
rhodomicrobium lacus,2498452,Rhodomicrobium lacus,0,1,pcuac_only,NA,WP_303484461.1,1
aquabacter cavernae,2496029,Aquabacter cavernae,0,1,pcuac_only,NA,WP_127090462.1,1
pararhodobacter zhoushanensis,1097465;2479545;3466949;2479545,Pararhodobacter;Pararhodobacter zhoushanensis;Pararhodobacter sp. KJ81-7,0,1,pcuac_only,NA,WP_127109047.1,1
arsenicitalea aurantiaca,1783274,Arsenicitalea aurantiaca,0,1,pcuac_only,NA,WP_127186689.1,1
mesorhizobium abyssinicae,1209958;1209958;1871066;2496649;68287,Mesorhizobium abyssinicae,0,1,pcuac_only,NA,WP_127282995.1,1
nioella ostreopsis,2448479,Nioella ostreopsis,0,1,pcuac_only,NA,WP_127557986.1,1
nitratireductor alexandrii,2448161,Nitratireductor alexandrii,0,1,pcuac_only,NA,WP_127600834.1,1
alexandriicola marinus,2081710,Alexandriicola marinus,0,1,pcuac_only,NA,WP_127657031.1,1
inhella crocodyli,2499851,Inhella crocodyli,0,1,pcuac_only,NA,WP_127683869.1,1
rheinheimera riviphila,1834037,Rheinheimera riviphila,0,1,pcuac_only,NA,WP_127700692.1,1
piscinibacter defluvii,1796922,Piscinibacter defluvii,0,1,pcuac_only,NA,WP_128000757.1,1
paenirhodobacter ferrireducens,1215032,Paenirhodobacter ferrireducens,0,1,pcuac_only,NA,WP_128147841.1,1
paenirhodobacter huangdaonensis,2501515,Paenirhodobacter huangdaonensis,0,1,pcuac_only,NA,WP_128155768.1,1
rubrivivax albus,2499835,Rubrivivax albus,0,1,pcuac_only,NA,WP_128198420.1,1
falsirhodobacter deserti,1365611,Falsirhodobacter deserti,0,1,pcuac_only,NA,WP_128255352.1,1
afifella aestuarii,1909496,Afifella aestuarii,0,1,pcuac_only,NA,WP_128294159.1,1
xanthomonas populi,53414,Xanthomonas populi,0,1,pcuac_only,NA,WP_128417125.1,1
neorhizobium lilium,2503024,Neorhizobium lilium,0,1,pcuac_only,NA,WP_128440855.1,1
methylobacterium crusticola,1697972,Methylobacterium crusticola,0,1,pcuac_only,NA,WP_128563873.1,1
hansschlegelia zhihuaiae,405005,Hansschlegelia zhihuaiae,0,1,pcuac_only,NA,WP_128777429.1,1
bradyrhizobium nanningense,1141174;1325118;374;1325118,Bradyrhizobium nanningense,0,1,pcuac_only,NA,WP_128917860.1,1
bradyrhizobium guangxiense,1325115,Bradyrhizobium guangxiense,0,1,pcuac_only,NA,WP_128925985.1,1
bradyrhizobium zhanjiangense,1325107;1325107;3395913;3395914;374,Bradyrhizobium zhanjiangense,0,1,pcuac_only,NA,WP_128933466.1,1
candidatus marinarcus,2044504,Candidatus Marinarcus aquaticus,0,1,pcuac_only,NA,WP_128994722.1,1
halarcobacter mediterraneus,2023153,Halarcobacter mediterraneus,0,1,pcuac_only,NA,WP_129062523.1,1
modicisalibacter coralii,2304602,Modicisalibacter coralii,0,1,pcuac_only,NA,WP_129140893.1,1
achromobacter aloeverae,1750518,Achromobacter aloeverae,0,1,pcuac_only,NA,WP_129151851.1,1
achromobacter veterisilvae,2069367,Achromobacter veterisilvae,0,1,pcuac_only,NA,WP_129240370.1,1
achromobacter agilis,1353888,Achromobacter agilis,0,1,pcuac_only,NA,WP_129525568.1,1
aliivibrio finisterrensis,3028427;511678;511998;3028428;3028429;511678;511998;511998,Aliivibrio finisterrensis,0,1,pcuac_only,NA,WP_130043641.1,1
pseudoduganella lutea,321985,Pseudoduganella lutea,0,1,pcuac_only,NA,WP_130185416.1,1
bradyrhizobium genosp.,508868;83626;83637;83641,Bradyrhizobium genosp. P,0,1,pcuac_only,NA,WP_426418412.1,1
pseudomonas tructae,2518644,Pseudomonas tructae,0,1,pcuac_only,NA,WP_130265231.1,1
advenella incenata,267800,Advenella incenata,0,1,pcuac_only,NA,WP_130303518.1,1
pigmentiphaga kullae,151784,Pigmentiphaga kullae,0,1,pcuac_only,NA,WP_130358778.1,1
cupriavidus agavae,1001822,Cupriavidus agavae,0,1,pcuac_only,NA,WP_130392041.1,1
sphaerotilus mobilis,47994,Sphaerotilus mobilis,0,1,pcuac_only,NA,WP_130481066.1,1
spiribacter vilamensis,531306,Spiribacter vilamensis,0,1,pcuac_only,NA,WP_130503908.1,1
pseudoxanthomonas winnipegensis,2480810;2480810;3041776;83618;2480810;3081297;83618,Pseudoxanthomonas;Pseudoxanthomonas winnipegensis;Pseudoxanthomonas sp. USHLN014,0,1,pcuac_only,NA,WP_130515707.1,1
thiomicrorhabdus indica,2267253,Thiomicrorhabdus indica,0,1,pcuac_only,NA,WP_130537187.1,1
sphingobium xenophagum,121428;121428;165695;1912891;121428;1660120;1874826;204457,Sphingobium xenophagum;Sphingomonadales;Novosphingobium sp. SCN 63-17;Novosphingobium sp.,0,1,pcuac_only,NA,WP_130752916.1,1
paracoccus subflavus,2528244,Paracoccus subflavus,0,1,pcuac_only,NA,WP_130989376.1,1
lichenihabitans psoromatis,2528642,Lichenihabitans psoromatis,0,1,pcuac_only,NA,WP_131114368.1,1
pseudoduganella albidiflava,321983,Pseudoduganella albidiflava,0,1,pcuac_only,NA,WP_131146881.1,1
egibacter rhizosphaerae,1670831,Egibacter rhizosphaerae,0,1,pcuac_only,NA,WP_131154939.1,1
phytopseudomonas dryadis,2487520,Phytopseudomonas dryadis,0,1,pcuac_only,NA,WP_131175850.1,1
phytopseudomonas daroniae,2487519,Phytopseudomonas daroniae,0,1,pcuac_only,NA,WP_131178752.1,1
stutzerimonas kirkiae,2211392,Stutzerimonas kirkiae,0,1,pcuac_only,NA,WP_131183793.1,1
siculibacillus lacustris,1549641,Siculibacillus lacustris,0,1,pcuac_only,NA,WP_131309749.1,1
parasulfuritortus cantonensis,2528202,Parasulfuritortus cantonensis,0,1,pcuac_only,NA,WP_131446799.1,1
oricola cellulosilytica,1429082,Oricola cellulosilytica,0,1,pcuac_only,NA,WP_131568287.1,1
paracoccus nototheniae,2489002,Paracoccus nototheniae,0,1,pcuac_only,NA,WP_131573414.1,1
roseitalea porphyridii,1852022,Roseitalea porphyridii,0,1,pcuac_only,NA,WP_131615304.1,1
paracoccus marinus,288426,Paracoccus marinus,0,1,pcuac_only,NA,WP_131674004.1,1
ancylobacter aquaticus,100,Ancylobacter aquaticus,0,1,pcuac_only,NA,WP_131836124.1,1
aquabacter spiritensis,933073,Aquabacter spiritensis,0,1,pcuac_only,NA,WP_132029321.1,1
primorskyibacter sedentarius,745311,Primorskyibacter sedentarius,0,1,pcuac_only,NA,WP_132246162.1,1
methylobacterium segetis,2488750,Methylobacterium segetis,0,1,pcuac_only,NA,WP_132249415.1,1
marinobacterium mangrovicola,1476959,Marinobacterium mangrovicola,0,1,pcuac_only,NA,WP_132297462.1,1
nonomuraea longispora,1848320,Nonomuraea longispora,0,1,pcuac_only,NA,WP_132336722.1,1
sulfitobacter indolifex,225422;2679961;60136,Sulfitobacter;Sulfitobacter indolifex;Sulfitobacter profundi,0,1,pcuac_only,NA,WP_132444622.1,1
nonomuraea diastatica,1848329,Nonomuraea diastatica,0,1,pcuac_only,NA,WP_132516212.1,1
rhodovulum euryhalinum,35805,Rhodovulum euryhalinum,0,1,pcuac_only,NA,WP_132540182.1,1
nonomuraea deserti,1848322,Nonomuraea deserti,0,1,pcuac_only,NA,WP_132596160.1,1
nonomuraea mesophila,2530382,Nonomuraea mesophila,0,1,pcuac_only,NA,WP_132632241.1,1
rhizobium azibense,1136135,Rhizobium azibense,0,1,pcuac_only,NA,WP_132662478.1,1
rhodovulum steppense,540251,Rhodovulum steppense,0,1,pcuac_only,NA,WP_132694837.1,1
stenotrophomonas oleivorans,2282124,Stenotrophomonas oleivorans,0,1,pcuac_only,NA,WP_132809567.1,1
antarcticimicrobium sediminis,2546227,Antarcticimicrobium sediminis,0,1,pcuac_only,NA,WP_132827788.1,1
rhodovulum bhavnagarense,992286,Rhodovulum bhavnagarense,0,1,pcuac_only,NA,WP_132949992.1,1
thiobaca trueperi,127458,Thiobaca trueperi,0,1,pcuac_only,NA,WP_132978374.1,1
shinella granuli,323621,Shinella granuli,0,1,pcuac_only,NA,WP_133037179.1,1
delftia tsuruhatensis,180282,Delftia tsuruhatensis,0,1,pcuac_only,NA,WP_133074046.1,1
pseudohoeflea suaedae,877384,Pseudohoeflea suaedae,0,1,pcuac_only,NA,WP_133283588.1,1
sapientia aquatica,1549640,Sapientia aquatica,0,1,pcuac_only,NA,WP_133327722.1,1
meridianimarinicoccus aquatilis,2552766,Meridianimarinicoccus aquatilis,0,1,pcuac_only,NA,WP_133344662.1,1
antarcticimicrobium luteum,2547397,Antarcticimicrobium luteum,0,1,pcuac_only,NA,WP_133361325.1,1
palleronia sediminis,2547833,Palleronia sediminis,0,1,pcuac_only,NA,WP_133398102.1,1
stakelama pacifica,517720,Stakelama pacifica,0,1,pcuac_only,NA,WP_133495240.1,1
cognatilysobacter terrigena,2488749,Cognatilysobacter terrigena,0,1,pcuac_only,NA,WP_133501303.1,1
marinomonas balearica,491947,Marinomonas balearica,0,1,pcuac_only,NA,WP_133503875.1,1
marinomonas communis,28254,Marinomonas communis,0,1,pcuac_only,NA,WP_133561058.1,1
tepidicella xavieri,360241,Tepidicella xavieri,0,1,pcuac_only,NA,WP_133596049.1,1
rheinheimera aquimaris,412437,Rheinheimera aquimaris,0,1,pcuac_only,NA,WP_134051975.1,1
psychromonas algarum,2555643,Psychromonas algarum,0,1,pcuac_only,NA,WP_134276360.1,1
psychromonas algicola,2555642,Psychromonas algicola,0,1,pcuac_only,NA,WP_134291057.1,1
pseudoduganella plicata,321984,Pseudoduganella plicata,0,1,pcuac_only,NA,WP_134387720.1,1
microvirga pakistanensis,1682650,Microvirga pakistanensis,0,1,pcuac_only,NA,WP_134500837.1,1
shinella sumterensis,1967501;1967501;2871820;323620,Shinella sumterensis,0,1,pcuac_only,NA,WP_134651716.1,1
jiella endophytica,2558362,Jiella endophytica,0,1,pcuac_only,NA,WP_134762566.1,1
unclassified leisingera,2508306;2614906;2818496,Leisingera sp. NJS201;unclassified Leisingera;Leisingera sp. HS039,0,1,pcuac_only,NA,WP_134829123.1,1
bradyrhizobium niftali,2560055;2560055;3232492;374,Bradyrhizobium niftali,0,1,pcuac_only,NA,WP_135175994.1,1
duganella callida,2561932,Duganella callida,0,1,pcuac_only,NA,WP_135204291.1,1
ramlibacter humi,2530451,Ramlibacter humi,0,1,pcuac_only,NA,WP_135250158.1,1
thermus caldilimi,2483360,Thermus caldilimi,0,1,pcuac_only,NA,WP_135257310.1,1
ramlibacter henchirensis,204072,Ramlibacter henchirensis,0,1,pcuac_only,NA,WP_135262993.1,1
streptomyces palmae,1701085,Streptomyces palmae,0,1,pcuac_only,NA,WP_135337440.1,1
methylobacterium nonmethylotrophicum,1141884,Methylobacterium nonmethylotrophicum,0,1,pcuac_only,NA,WP_135412540.1,1
tabrizicola caldifontis,2528036,Tabrizicola caldifontis,0,1,pcuac_only,NA,WP_135448947.1,1
crenalkalicoccus roseus,1485588,Crenalkalicoccus roseus,0,1,pcuac_only,NA,WP_135470278.1,1
natronospirillum operosum,2759953,Natronospirillum operosum,0,1,pcuac_only,NA,WP_135483050.1,1
roseovarius aestuariivivens,1888910,Roseovarius aestuariivivens,0,1,pcuac_only,NA,WP_135505923.1,1
sphingomonas gei,1395960,Sphingomonas gei,0,1,pcuac_only,NA,WP_135965038.1,1
sphingomonas naasensis,1344951,Sphingomonas naasensis,0,1,pcuac_only,NA,WP_135987429.1,1
thalassobius vesicularis,1294297;1294297;2003365;2854170,Thalassobius vesicularis;Marivita sp.;Roseobacteraceae,0,1,pcuac_only,NA,WP_136337325.1,1
pseudothauera nasutitermitis,2565930,Pseudothauera nasutitermitis,0,1,pcuac_only,NA,WP_136346742.1,1
aliigemmobacter aestuarii,1445661,Aliigemmobacter aestuarii,0,1,pcuac_only,NA,WP_136395784.1,1
pacificoceanicola onchidii,2562685,Pacificoceanicola onchidii,0,1,pcuac_only,NA,WP_136440796.1,1
sphingomonas olei,1886787,Sphingomonas olei,0,1,pcuac_only,NA,WP_136451814.1,1
aliishimia ponticola,2499833,Aliishimia ponticola,0,1,pcuac_only,NA,WP_136463626.1,1
peteryoungia ipomoeae,1210932,Peteryoungia ipomoeae,0,1,pcuac_only,NA,WP_136597195.1,1
mesorhizobium norvegicum,1085774;1085775;68287,Mesorhizobium;Mesorhizobium norvegicum;Mesorhizobium sp. 10.2.3,0,1,pcuac_only,NA,WP_136617248.1,1
marinobacter salsuginis,418719,Marinobacter salsuginis,0,1,pcuac_only,NA,WP_136629613.1,1
paracoccus aeridis,1966466,Paracoccus aeridis,0,1,pcuac_only,NA,WP_136652126.1,1
pseudomonas leptonychotis,2448482,Pseudomonas leptonychotis,0,1,pcuac_only,NA,WP_136665374.1,1
chitiniphilus eburneus,2571148,Chitiniphilus eburneus,0,1,pcuac_only,NA,WP_136771482.1,1
cereibacter changlensis,1188249;402884;402884,Cereibacter changlensis,0,1,pcuac_only,NA,WP_136793557.1,1
ferrimonas sediminicola,2569538,Ferrimonas sediminicola,0,1,pcuac_only,NA,WP_136850933.1,1
paracoccus hibiscisoli,1660154;2023261;265;2023261,Paracoccus hibiscisoli,0,1,pcuac_only,NA,WP_136855418.1,1
rhodobacter capsulatus,1061,Rhodobacter capsulatus,0,1,pcuac_only,NA,WP_136905977.1,1
pseudorhodobacter turbinis,2500533,Pseudorhodobacter turbinis,0,1,pcuac_only,NA,WP_137195769.1,1
pseudomonas lactis,1615674,Pseudomonas lactis,0,1,pcuac_only,NA,WP_137204838.1,1
pseudomonas mercuritolerans,2184009;286;2951809;2951809,Pseudomonas mercuritolerans,0,1,pcuac_only,NA,WP_137215874.1,1
marimonas lutisalis,2545756,Marimonas lutisalis,0,1,pcuac_only,NA,WP_137699411.1,1
methylorubrum suomiense,144191,Methylorubrum suomiense,0,1,pcuac_only,NA,WP_137829523.1,1
mesorhizobium comanense,2502215,Mesorhizobium comanense,0,1,pcuac_only,NA,WP_137932751.1,1
streptomyces vilmorinianum,3051092,Streptomyces vilmorinianum,0,1,pcuac_only,NA,WP_137994497.1,1
shimia litoralis,420403,Shimia litoralis,0,1,pcuac_only,NA,WP_138015232.1,1
bathymodiolus heckerae,1052212,Bathymodiolus heckerae thiotrophic gill symbiont,0,1,pcuac_only,NA,WP_138145662.1,1
microbulbifer harenosus,2576840,Microbulbifer harenosus,0,1,pcuac_only,NA,WP_138234988.1,1
thalassotalea litorea,2020715,Thalassotalea litorea,0,1,pcuac_only,NA,WP_138320327.1,1
rhizobium indicum,2583231,Rhizobium indicum,0,1,pcuac_only,NA,WP_138329352.1,1
xanthobacter autotrophicus,279;280;3380644;280;280;3119915;280;3119916,Xanthobacter autotrophicus;Xanthobacter autotrophicus ATCC 700551,0,1,pcuac_only,NA,WP_282639257.1,1
marinobacter alexandrii,2570351,Marinobacter alexandrii,0,1,pcuac_only,NA,WP_138440719.1,1
pseudomonas nicosulfuronedens,2571105,Pseudomonas nicosulfuronedens,0,1,pcuac_only,NA,WP_138525016.1,1
thiomicrorhabdus sediminis,2580412,Thiomicrorhabdus sediminis,0,1,pcuac_only,NA,WP_138564498.1,1
paroceanicella profunda,2579971,Paroceanicella profunda,0,1,pcuac_only,NA,WP_138577052.1,1
colwellia ponticola,2304625,Colwellia ponticola,0,1,pcuac_only,NA,WP_138620471.1,1
brucella haematophila,419474,Brucella haematophila,0,1,pcuac_only,NA,WP_138783973.1,1
ruegeria sediminis,2583820,Ruegeria sediminis,0,1,pcuac_only,NA,WP_138839813.1,1
inhella inkyongensis,392593,Inhella inkyongensis,0,1,pcuac_only,NA,WP_138856333.1,1
neptunomonas concharum,1031538,Neptunomonas concharum,0,1,pcuac_only,NA,WP_138988513.1,1
methylobacterium terricola,2583531,Methylobacterium terricola,0,1,pcuac_only,NA,WP_139038137.1,1
rubellimicrobium roseum,687525,Rubellimicrobium roseum,0,1,pcuac_only,NA,WP_139083355.1,1
bartonella mastomydis,1820002,Bartonella mastomydis,0,1,pcuac_only,NA,WP_139412645.1,1
bradyrhizobium ivorense,2511166,Bradyrhizobium ivorense,0,1,pcuac_only,NA,WP_139483876.1,1
vreelandella piezotolerans,2585770;2609667;28256;2917738;2917739;2609667,Vreelandella piezotolerans,0,1,pcuac_only,NA,WP_139525963.1,1
thiotrophic endosymbiont,343240,thiotrophic endosymbiont of Bathymodiolus puteoserpentis (Logatchev),0,1,pcuac_only,NA,WP_139682878.1,1
emcibacter nanhaiensis,1505037,Emcibacter nanhaiensis,0,1,pcuac_only,NA,WP_139940773.1,1
brucella pecoris,867683,Brucella pecoris,0,1,pcuac_only,NA,WP_140020688.1,1
ochrobactrum teleogrylli,2479765,Ochrobactrum teleogrylli,0,1,pcuac_only,NA,WP_140024509.1,1
mesorhizobium maamorense,2589897;2589910;2589911;2589913;2589914;2589916;2589919;2589920;2589922;2589928;2589929;2589938;2589939;2589940;2589942;2589944;2589945;2589955;2589956;2589966;2589968;2589969;2589970;2589973;2589974;2589980;2589982;2589983;2876648;2876666;2876667;2876668;2876671;3376989;68287,Mesorhizobium;Mesorhizobium sp. B3-1-1;Mesorhizobium sp. B2-6-7;Mesorhizobium sp. B2-6-6;Mesorhizobium sp. B2-6-4;Mesorhizobium sp. B2-6-3;Mesorhizobium sp. B2-6-1;Mesorhizobium sp. B2-5-11;Mesorhizobium sp. B2-5-10;Mesorhizobium sp. B2-5-8;Mesorhizobium sp. B2-5-2;Mesorhizobium sp. B2-5-1;Mesorhizobium sp. B2-4-11;Mesorhizobium sp. B2-4-10;Mesorhizobium sp. B2-4-9;Mesorhizobium sp. B2-4-7;Mesorhizobium sp. B2-4-5;Mesorhizobium sp. B2-4-4;Mesorhizobium sp. B2-3-8;Mesorhizobium sp. B2-3-7;Mesorhizobium sp. B2-1-9;Mesorhizobium sp. B2-1-6;Mesorhizobium sp. B2-1-5;Mesorhizobium sp. B2-1-4;Mesorhizobium sp. B2-1-2;Mesorhizobium sp. B2-1-1;Mesorhizobium sp. B1-1-4;Mesorhizobium sp. B1-1-2;Mesorhizobium sp. B1-1-1;Mesorhizobium sp. BR1-1-6;Mesorhizobium sp. B264B2A;Mesorhizobium sp. B264B1B;Mesorhizobium sp. B264B1A;Mesorhizobium sp. B261B1A;Mesorhizobium maamorense,0,1,pcuac_only,NA,WP_140522558.1,1
maribrevibacterium harenarium,2589817,Maribrevibacterium harenarium,0,1,pcuac_only,NA,WP_140588068.1,1
litorilituus lipolyticus,2491017,Litorilituus lipolyticus,0,1,pcuac_only,NA,WP_140602799.1,1
peteryoungia glycinendophytica,2589807,Peteryoungia glycinendophytica,0,1,pcuac_only,NA,WP_140827284.1,1
brucella gallinifaecis,215590,Brucella gallinifaecis,0,1,pcuac_only,NA,WP_140904830.1,1
vibrio comitans,1219078;413401,Vibrio comitans;Vibrio comitans NBRC 102076,0,1,pcuac_only,NA,WP_141271271.1,1
vibrio inusitatus,1219070;413402,Vibrio inusitatus;Vibrio inusitatus NBRC 102082,0,1,pcuac_only,NA,WP_141345045.1,1
zoogloea ramigera,350,Zoogloea ramigera,0,1,pcuac_only,NA,WP_141354191.1,1
marilutibacter aestuarii,1706195,Marilutibacter aestuarii,0,1,pcuac_only,NA,WP_141517632.1,1
nocardia bhagyanarayanae,1215925,Nocardia bhagyanarayanae,0,1,pcuac_only,NA,WP_141810426.1,1
leisingera aquaemixtae,1396826;1396826;1813816;191028,Leisingera aquaemixtae,0,1,pcuac_only,NA,WP_141889194.1,1
roseinatronobacter monicus,393481,Roseinatronobacter monicus,0,1,pcuac_only,NA,WP_142083794.1,1
bartonella massiliensis,929795,Bartonella massiliensis,0,1,pcuac_only,NA,WP_142416198.1,1
thalassovita litoralis,1010611,Thalassovita litoralis,0,1,pcuac_only,NA,WP_142493087.1,1
microbispora hainanensis,2005;2592812;2720026;568844;568844,Microbispora hainanensis,0,1,pcuac_only,NA,WP_142648826.1,1
paracoccus laeviglucosivorans,1197861,Paracoccus laeviglucosivorans,0,1,pcuac_only,NA,WP_142661248.1,1
campylobacter troglodytis,654363,Campylobacter troglodytis,0,1,pcuac_only,NA,WP_142693746.1,1
exilibacterium tricleocarpae,2591008,Exilibacterium tricleocarpae,0,1,pcuac_only,NA,WP_142928498.1,1
devosia enhydra,665118,Devosia enhydra,0,1,pcuac_only,NA,WP_143145862.1,1
pseudomonas mangiferae,2593654,Pseudomonas mangiferae,0,1,pcuac_only,NA,WP_143489354.1,1
mesorhizobium intechi,537601,Mesorhizobium intechi,0,1,pcuac_only,NA,WP_143975863.1,1
pseudomonas persica,2093744,Pseudomonas persica,0,1,pcuac_only,NA,WP_144172078.1,1
denitromonas ohlonensis,3078508,Denitromonas ohlonensis,0,1,pcuac_only,NA,WP_144176354.1,1
shewanella donghaensis,238836,Shewanella donghaensis,0,1,pcuac_only,NA,WP_144211268.1,1
chitinimonas arctica,2594795,Chitinimonas arctica,0,1,pcuac_only,NA,WP_144278291.1,1
rhodoligotrophos appendicifer,987056,Rhodoligotrophos appendicifer,0,1,pcuac_only,NA,WP_144291397.1,1
denitromonas halophila,1629404,Denitromonas halophila,0,1,pcuac_only,NA,WP_144308201.1,1
ancylobacter moscoviensis,2597768,Ancylobacter moscoviensis,0,1,pcuac_only,NA,WP_144342184.1,1
spiribacter roseus,1335745;1855875;1866884;1335745;1855875;1935996;1855875,Spiribacter roseus,0,1,pcuac_only,NA,WP_144346759.1,1
vogesella urethralis,2592656,Vogesella urethralis,0,1,pcuac_only,NA,WP_144370972.1,1
azomonas agilis,116849,Azomonas agilis,0,1,pcuac_only,NA,WP_144571513.1,1
bartonella saheliensis,1457016,Bartonella saheliensis,0,1,pcuac_only,NA,WP_144753368.1,1
methylobacterium dankookense,560405,Methylobacterium dankookense,0,1,pcuac_only,NA,WP_144764047.1,1
marinobacter piscis,1562308,Marinobacter piscis,0,1,pcuac_only,NA,WP_144822867.1,1
luteimonas cucumeris,985012,Luteimonas cucumeris,0,1,pcuac_only,NA,WP_144898520.1,1
cereibacter sediminicola,2584941,Cereibacter sediminicola,0,1,pcuac_only,NA,WP_145104618.1,1
pseudomonas duriflava,459528,Pseudomonas duriflava,0,1,pcuac_only,NA,WP_145136833.1,1
pseudoalteromonas neustonica,1840331;2518973;2760946;2760958;53246,Pseudoalteromonas;Pseudoalteromonas neustonica;Pseudoalteromonas rhizosphaerae;Pseudoalteromonas sp. SR41-8;Pseudoalteromonas sp. SG44-8,0,1,pcuac_only,NA,WP_145234669.1,1
roseibium hamelinense,150831,Roseibium hamelinense,0,1,pcuac_only,NA,WP_145344504.1,1
paracoccus sulfuroxidans,384678,Paracoccus sulfuroxidans,0,1,pcuac_only,NA,WP_145399378.1,1
pseudoduganella lurida,1036180,Pseudoduganella lurida,0,1,pcuac_only,NA,WP_145647795.1,1
mesorhizobium tianshanense,39844,Mesorhizobium tianshanense,0,1,pcuac_only,NA,WP_145718260.1,1
nitrospirillum amazonense,28077,Nitrospirillum amazonense,0,1,pcuac_only,NA,WP_145748624.1,1
gemmobacter aquaticus,490185,Gemmobacter aquaticus,0,1,pcuac_only,NA,WP_146285149.1,1
devosia ginsengisoli,400770,Devosia ginsengisoli,0,1,pcuac_only,NA,WP_146292485.1,1
falsiphaeobacter marinintestinus,1492905,Falsiphaeobacter marinintestinus,0,1,pcuac_only,NA,WP_146344133.1,1
colwellia demingiae,89401,Colwellia demingiae,0,1,pcuac_only,NA,WP_146783913.1,1
colwellia hornerae,89402,Colwellia hornerae,0,1,pcuac_only,NA,WP_146798796.1,1
methylobacterium oxalidis,944322,Methylobacterium oxalidis,0,1,pcuac_only,NA,WP_147027802.1,1
methylobacterium gnaphalii,1010610,Methylobacterium gnaphalii,0,1,pcuac_only,NA,WP_147046515.1,1
nocardia ninae,1210091;356145,Nocardia ninae;Nocardia ninae NBRC 108245,0,1,pcuac_only,NA,WP_147128053.1,1
rickettsia asiatica,238800,Rickettsia asiatica,0,1,pcuac_only,NA,WP_147142972.1,1
reyranella soli,1230389,Reyranella soli,0,1,pcuac_only,NA,WP_147145266.1,1
paradevosia tibetensis,1447062,Paradevosia tibetensis,0,1,pcuac_only,NA,WP_147656128.1,1
vogesella perlucida,450366,Vogesella perlucida,0,1,pcuac_only,NA,WP_147688151.1,1
vogesella mureinivorans,657276,Vogesella mureinivorans,0,1,pcuac_only,NA,WP_147695103.1,1
pelomicrobium methylotrophicum,2602750,Pelomicrobium methylotrophicum,0,1,pcuac_only,NA,WP_147798668.1,1
methylobacterium thuringiense,1003091;2603898;407,Methylobacterium;Methylobacterium thuringiense;Methylobacterium sp. WL9,0,1,pcuac_only,NA,WP_147820253.1,1
methylobacterium bullatum,2603896;407;570505;570505,Methylobacterium bullatum,0,1,pcuac_only,NA,WP_147832811.1,1
massilia arenae,2603288,Massilia arenae,0,1,pcuac_only,NA,WP_147934274.1,1
maritimibacter fusiformis,2603819,Maritimibacter fusiformis,0,1,pcuac_only,NA,WP_148378846.1,1
chitinolyticbacter meiyuanensis,682798,Chitinolyticbacter meiyuanensis,0,1,pcuac_only,NA,WP_148716992.1,1
bradyrhizobium hipponense,2605638,Bradyrhizobium hipponense,0,1,pcuac_only,NA,WP_148743187.1,1
bradyrhizobium cytisi,3156386;3156428;3156429;374;515489,Bradyrhizobium;Bradyrhizobium cytisi;Bradyrhizobium sp. S3.12.5;Bradyrhizobium sp. S3.2.6;Bradyrhizobium sp. S3.3.6,0,1,pcuac_only,NA,WP_148753664.1,1
bradyrhizobium rifense,515499,Bradyrhizobium rifense,0,1,pcuac_only,NA,WP_148773673.1,1
pigmentiphaga aceris,1940612,Pigmentiphaga aceris,0,1,pcuac_only,NA,WP_148817437.1,1
luteimonas viscosa,1132694,Luteimonas viscosa,0,1,pcuac_only,NA,WP_149101905.1,1
gemmobacter caeruleus,2595004,Gemmobacter caeruleus,0,1,pcuac_only,NA,WP_149140942.1,1
aureimonas fodinaquatilis,2565783,Aureimonas fodinaquatilis,0,1,pcuac_only,NA,WP_149297678.1,1
halopseudomonas laoshanensis,2268758,Halopseudomonas laoshanensis,0,1,pcuac_only,NA,WP_149331682.1,1
sphaerotilus sulfidivorans,2913396;34102;639200;639200,Sphaerotilus sulfidivorans,0,1,pcuac_only,NA,WP_149503812.1,1
xanthobacter oligotrophicus,2607286,Xanthobacter oligotrophicus,0,1,pcuac_only,NA,WP_149575282.1,1
tabrizicola flagellatus,2593021,Tabrizicola flagellatus,0,1,pcuac_only,NA,WP_149588218.1,1
marinobacter salinexigens,2919747,Marinobacter salinexigens,0,1,pcuac_only,NA,WP_149601082.1,1
pseudohalioglobus sediminis,2606449,Pseudohalioglobus sediminis,0,1,pcuac_only,NA,WP_149611488.1,1
roseivivax sediminis,936889,Roseivivax sediminis,0,1,pcuac_only,NA,WP_149755526.1,1
neomesorhizobium albiziae,335020,Neomesorhizobium albiziae,0,1,pcuac_only,NA,WP_149759162.1,1
ruegeria intermedia,996115,Ruegeria intermedia,0,1,pcuac_only,NA,WP_149775684.1,1
roseovarius litoreus,1155722,Roseovarius litoreus,0,1,pcuac_only,NA,WP_149780316.1,1
lutimaribacter pacificus,391948,Lutimaribacter pacificus,0,1,pcuac_only,NA,WP_149788744.1,1
salinarimonas soli,1638099,Salinarimonas soli,0,1,pcuac_only,NA,WP_149820200.1,1
roseibium aestuarii,2600299,Roseibium aestuarii,0,1,pcuac_only,NA,WP_149891063.1,1
pseudoalteromonas rhizosphaerae,2518973;2518973;2760927;2760934;2760948;2760964;2760966;2760972;2760975;2760978;53246,Pseudoalteromonas rhizosphaerae,0,1,pcuac_only,NA,WP_149983239.1,1
iodidimonas gelatinilytica,1236966,Iodidimonas gelatinilytica,0,1,pcuac_only,NA,WP_149999770.1,1
rhodovastum atsumiense,504468,Rhodovastum atsumiense,0,1,pcuac_only,NA,WP_150042313.1,1
xanthomonas sontii,2650745,Xanthomonas sontii,0,1,pcuac_only,NA,WP_150410406.1,1
stenotrophomonas cyclobalanopsidis,2771362,Stenotrophomonas cyclobalanopsidis,0,1,pcuac_only,NA,WP_150455919.1,1
roseibium aquae,1323746,Roseibium aquae,0,1,pcuac_only,NA,WP_150496665.1,1
roseibium sediminis,1775174,Roseibium sediminis,0,1,pcuac_only,NA,WP_150524394.1,1
pandoraea aquatica,2508290,Pandoraea aquatica,0,1,pcuac_only,NA,WP_150575122.1,1
pandoraea eparura,2508291,Pandoraea eparura,0,1,pcuac_only,NA,WP_150588664.1,1
pandoraea captiosa,2508302,Pandoraea captiosa,0,1,pcuac_only,NA,WP_150624289.1,1
pandoraea commovens,2508289,Pandoraea commovens,0,1,pcuac_only,NA,WP_150663920.1,1
pandoraea iniqua,2508288,Pandoraea iniqua,0,1,pcuac_only,NA,WP_150682750.1,1
pandoraea capi,2094120;2508286;93217,Pandoraea;Pandoraea sp. LA3;Pandoraea capi,0,1,pcuac_only,NA,WP_150720808.1,1
pandoraea anapnoica,2508301,Pandoraea anapnoica,0,1,pcuac_only,NA,WP_150736414.1,1
methylobacterium planeticum,2615211,Methylobacterium planeticum,0,1,pcuac_only,NA,WP_150961958.1,1
methylobacterium soli,553447,Methylobacterium soli,0,1,pcuac_only,NA,WP_150996908.1,1
metapseudomonas lalkuanensis,2604832,Metapseudomonas lalkuanensis,0,1,pcuac_only,NA,WP_151138542.1,1
pseudochrobactrum saccharolyticum,354352,Pseudochrobactrum saccharolyticum,0,1,pcuac_only,NA,WP_151158747.1,1
halomonas lysinitropha,2607506,Halomonas lysinitropha,0,1,pcuac_only,NA,WP_151443012.1,1
brucella tritici,94626,Brucella tritici,0,1,pcuac_only,NA,WP_151557065.1,1
noviherbaspirillum aerium,2588497,Noviherbaspirillum aerium,0,1,pcuac_only,NA,WP_151635455.1,1
unclassified hoeflea,2038388;2614931;3388653,Hoeflea sp. EC-HK425;unclassified Hoeflea;Hoeflea sp. Naph1,0,1,pcuac_only,NA,WP_152007134.1,1
uncultured xanthomonas,152831;152831;1591131;152831;1591134,uncultured Xanthomonas sp.,0,1,pcuac_only,NA,WP_295925676.1,1
azotobacter salinestris,69964,Azotobacter salinestris,0,1,pcuac_only,NA,WP_152386121.1,1
roseibium porphyridii,2587861;2821832;2866279,Labrenzia sp. THAF82;Stappiaceae;Roseibium porphyridii,0,1,pcuac_only,NA,WP_152502998.1,1
unclassified labrenzia,2587864;2587866;2587867;2648686,Labrenzia sp. THAF187b;Labrenzia sp. THAF191a;Labrenzia sp. THAF191b;unclassified Labrenzia,0,1,pcuac_only,NA,WP_152511746.1,1
sandarakinorhabdus fusca,1439888,Sandarakinorhabdus fusca,0,1,pcuac_only,NA,WP_152578275.1,1
microvirga tunisiensis,2108360,Microvirga tunisiensis,0,1,pcuac_only,NA,WP_152716524.1,1
unclassified agarivorans,2636026;2652721;3082387;3680074;2636026;3421430;3421432;3421434;2636026;3421431;3421433;3421435,unclassified Agarivorans;Agarivorans sp. QJM3NY_25;Agarivorans sp. QJM3NY_33;Agarivorans sp. Z349TD_8,0,1,pcuac_only,NA,WP_152784167.1,1
vibrio antiquarius,150340;150340;1507977;2419839;662,Vibrio antiquarius,0,1,pcuac_only,NA,WP_152814408.1,1
rugamonas aquatica,2743357,Rugamonas aquatica,0,1,pcuac_only,NA,WP_152839624.1,1
mammaliicoccus sciuri,1296,Mammaliicoccus sciuri,0,1,pcuac_only,NA,WP_152996955.1,1
tritonibacter litoralis,2662264,Tritonibacter litoralis,0,1,pcuac_only,NA,WP_153214857.1,1
glaciimonas soli,2590999,Glaciimonas soli,0,1,pcuac_only,NA,WP_153233867.1,1
magnetovirga frankeli,947516,Magnetovirga frankeli,0,1,pcuac_only,NA,WP_153294370.1,1
vibrio algicola,2662262;2720225;662,Vibrio;Vibrio algicola;Vibrio sp. S11_S32,0,1,pcuac_only,NA,WP_153448917.1,1
segnochrobactrum spirostomi,2608987,Segnochrobactrum spirostomi,0,1,pcuac_only,NA,WP_153479663.1,1
shewanella intestini,2017544,Shewanella intestini,0,1,pcuac_only,NA,WP_153661697.1,1
spiribacter salilacus,2664894,Spiribacter salilacus,0,1,pcuac_only,NA,WP_153719974.1,1
rhodovulum strictum,58314,Rhodovulum strictum,0,1,pcuac_only,NA,WP_153748530.1,1
thermochromatium tepidum,1050;316276,Thermochromatium tepidum;Thermochromatium tepidum ATCC 43061,0,1,pcuac_only,NA,WP_153975621.1,1
roseovarius bejariae,2576383,Roseovarius bejariae,0,1,pcuac_only,NA,WP_154152244.1,1
duganella aquatilis,2666082,Duganella aquatilis,0,1,pcuac_only,NA,WP_154356932.1,1
paracoccus shanxieyensis,2675752,Paracoccus shanxieyensis,0,1,pcuac_only,NA,WP_155044202.1,1
pseudovibrio flavus,2529854,Pseudovibrio flavus,0,1,pcuac_only,NA,WP_155133165.1,1
roseibium denhamense,76305,Roseibium denhamense,0,1,pcuac_only,NA,WP_155190376.1,1
pseudoduganella ginsengisoli,1462440,Pseudoduganella ginsengisoli,0,1,pcuac_only,NA,WP_155439713.1,1
allochromatium palmeri,231048,Allochromatium palmeri,0,1,pcuac_only,NA,WP_155448836.1,1
pseudidiomarina andamanensis,1940690,Pseudidiomarina andamanensis,0,1,pcuac_only,NA,WP_156267343.1,1
bartonella refiksaydamii,2654951,Bartonella refiksaydamii,0,1,pcuac_only,NA,WP_156850646.1,1
marinobacter algicola,236100;236100;443152,Marinobacter algicola,0,1,pcuac_only,NA,WP_157132724.1,1
azohydromonas aeria,2590212,Azohydromonas aeria,0,1,pcuac_only,NA,WP_157271111.1,1
bradyrhizobium cajani,1928661,Bradyrhizobium cajani,0,1,pcuac_only,NA,WP_157334535.1,1
algicola sagamiensis,1120963;163869;163869,Algicola sagamiensis,0,1,pcuac_only,NA,WP_157369024.1,1
ramlibacter pinisoli,2682844,Ramlibacter pinisoli,0,1,pcuac_only,NA,WP_157401049.1,1
roseovarius faecimaris,2494550,Roseovarius faecimaris,0,1,pcuac_only,NA,WP_157705769.1,1
methyloceanibacter marginalis,1774971,Methyloceanibacter marginalis,0,1,pcuac_only,NA,WP_158007916.1,1
colwellia polaris,28228;326537;3459208;326537,Colwellia;Colwellia polaris;Colwellia sp. NW0002-52-1,0,1,pcuac_only,NA,WP_158088513.1,1
tamilnaduibacter salinus,1484056,Tamilnaduibacter salinus,0,1,pcuac_only,NA,WP_158222322.1,1
motilimonas pumila,2303987,Motilimonas pumila,0,1,pcuac_only,NA,WP_158587104.1,1
lautropia dentalis,2490857,Lautropia dentalis,0,1,pcuac_only,NA,WP_158615812.1,1
ketobacter alkanivorans,1917421,Ketobacter alkanivorans,0,1,pcuac_only,NA,WP_158643343.1,1
terricaulis silvestris,2686094,Terricaulis silvestris,0,1,pcuac_only,NA,WP_158764839.1,1
unclassified acidisoma,1641850;1747225;2634065,Acidisoma sp. L85;Acidisoma sp. S159;unclassified Acidisoma,0,1,pcuac_only,NA,WP_158805018.1,1
chachezhania sediminis,2599291,Chachezhania sediminis,0,1,pcuac_only,NA,WP_158965312.1,1
polynucleobacter rarus,556055,Polynucleobacter rarus,0,1,pcuac_only,NA,WP_159077522.1,1
sneathiella glossodoripedis,1236958;418853,Sneathiella glossodoripedis;Sneathiella glossodoripedis JCM 23214,0,1,pcuac_only,NA,WP_159104381.1,1
zhongshania aliphaticivorans,1470434,Zhongshania aliphaticivorans,0,1,pcuac_only,NA,WP_159267364.1,1
chelativorans xinjiangensis,2681485,Chelativorans xinjiangensis,0,1,pcuac_only,NA,WP_159589043.1,1
starkeya nomas,2666134,Starkeya nomas,0,1,pcuac_only,NA,WP_159598823.1,1
litoreibacter roseus,2601869,Litoreibacter roseus,0,1,pcuac_only,NA,WP_159804407.1,1
aquitalea denitrificans,519081,Aquitalea denitrificans,0,1,pcuac_only,NA,WP_159880252.1,1
roseobacter cerasinus,2602289,Roseobacter cerasinus,0,1,pcuac_only,NA,WP_159981004.1,1
billgrantia desiderata,1191209;52021;52021,Billgrantia desiderata,0,1,pcuac_only,NA,WP_160113352.1,1
sphingosinicella microcystinivorans,335406,Sphingosinicella microcystinivorans,0,1,pcuac_only,NA,WP_271258308.1,1
pseudomonas xionganensis,2654845,Pseudomonas xionganensis,0,1,pcuac_only,NA,WP_160343643.1,1
unclassified bordetella,2572246;2630031;2683195,Bordetella sp. 15P40C-2;unclassified Bordetella;Bordetella sp. 02P26C-1,0,1,pcuac_only,NA,WP_160349885.1,1
pyruvatibacter mobilis,1712261,Pyruvatibacter mobilis,0,1,pcuac_only,NA,WP_160588908.1,1
sphingomonas changnyeongensis,2698679,Sphingomonas changnyeongensis,0,1,pcuac_only,NA,WP_160593084.1,1
photobacterium alginatilyticum,1775171,Photobacterium alginatilyticum,0,1,pcuac_only,NA,WP_160658127.1,1
stappia sediminis,2692190,Stappia sediminis,0,1,pcuac_only,NA,WP_160776245.1,1
shewanella insulae,2681496,Shewanella insulae,0,1,pcuac_only,NA,WP_160797070.1,1
oceanomicrobium pacificus,2692916,Oceanomicrobium pacificus,0,1,pcuac_only,NA,WP_160856182.1,1
shinella kummerowiae,417745,Shinella kummerowiae,0,1,pcuac_only,NA,WP_160861465.1,1
rhodococcus rhodochrous,1827;1829;3413280;3692753,Rhodococcus;Rhodococcus rhodochrous;Rhodococcus sp. AB351;Rhodococcus sp. S3,0,1,pcuac_only,NA,WP_160877065.1,1
brevibacterium rongguiense,1696;2695267;2999062,Brevibacterium;Brevibacterium rongguiense;Brevibacterium sp. BRM-1,0,1,pcuac_only,NA,WP_160953868.1,1
thalassovita mangrovi,2692236,Thalassovita mangrovi,0,1,pcuac_only,NA,WP_160974558.1,1
duganella flavida,2692175,Duganella flavida,0,1,pcuac_only,NA,WP_161009886.1,1
duganella rivi,2666083,Duganella rivi,0,1,pcuac_only,NA,WP_161014255.1,1
duganella levis,2692169,Duganella levis,0,1,pcuac_only,NA,WP_161057955.1,1
photobacterium lucens,2562949,Photobacterium lucens,0,1,pcuac_only,NA,WP_161118635.1,1
malikia spinosa,86180,Malikia spinosa,0,1,pcuac_only,NA,WP_161125934.1,1
halomonas alimentaria,147248,Halomonas alimentaria,0,1,pcuac_only,NA,WP_161431077.1,1
pannonibacter tanglangensis,2750084,Pannonibacter tanglangensis,0,1,pcuac_only,NA,WP_161676330.1,1
novosphingobium ovatum,1908523,Novosphingobium ovatum,0,1,pcuac_only,NA,WP_161718974.1,1
paragemmobacter ruber,1985673;1985673;2005166;31989,Paracoccaceae;Paragemmobacter ruber;Tabrizicola sp.,0,1,pcuac_only,NA,WP_161766976.1,1
steroidobacter agaridevorans,2695856,Steroidobacter agaridevorans,0,1,pcuac_only,NA,WP_161810400.1,1
algicella marina,2683284,Algicella marina,0,1,pcuac_only,NA,WP_161863291.1,1
pseudomonas yangonensis,2579922,Pseudomonas yangonensis,0,1,pcuac_only,NA,WP_161867285.1,1
simplicispira sedimenti,2699468;2919500;80864,Comamonadaceae;Acidovorax sp. 210-6;Simplicispira sedimenti,0,1,pcuac_only,NA,WP_162015016.1,1
vibrio taketomensis,2572923,Vibrio taketomensis,0,1,pcuac_only,NA,WP_162047758.1,1
fluviibacter phosphoraccumulans,1751046,Fluviibacter phosphoraccumulans,0,1,pcuac_only,NA,WP_162048985.1,1
phyllobacterium trifolii,300193,Phyllobacterium trifolii,0,1,pcuac_only,NA,WP_162701803.1,1
sphingomonas ginsengisoli,13687;363835;386874,Sphingomonas;Sphingomonas ginsengisoli (ex An et al. 2013);Sphingomonas sediminicola,0,1,pcuac_only,NA,WP_162789137.1,1
paracoccus indicus,2079229,Paracoccus indicus,0,1,pcuac_only,NA,WP_162798946.1,1
aurantimonas aggregata,2047720,Aurantimonas aggregata,0,1,pcuac_only,NA,WP_163042569.1,1
ancylobacter pratisalsi,1745854,Ancylobacter pratisalsi,0,1,pcuac_only,NA,WP_163073936.1,1
agarivorans aestuarii,1563703;1563703;2305992;261825,Agarivorans aestuarii,0,1,pcuac_only,NA,WP_163133211.1,1
unclassified arhodomonas,2621637;2679915;3344194,unclassified Arhodomonas;Arhodomonas sp. KWT;Arhodomonas sp. KWT2,0,1,pcuac_only,NA,WP_163143891.1,1
bradyrhizobium uaiense,2594946,Bradyrhizobium uaiense,0,1,pcuac_only,NA,WP_163153485.1,1
chelativorans alearensis,2681495,Chelativorans alearensis,0,1,pcuac_only,NA,WP_163269273.1,1
ideonella livida,2707176,Ideonella livida,0,1,pcuac_only,NA,WP_163457778.1,1
jiella pacifica,2696469,Jiella pacifica,0,1,pcuac_only,NA,WP_163466103.1,1
halomonas faecis,1562110,Halomonas faecis,0,1,pcuac_only,NA,WP_163578007.1,1
sheuella amnicola,2707330,Sheuella amnicola,0,1,pcuac_only,NA,WP_163651595.1,1
magnetospirillum aberrantis,1105283;908842,Magnetospirillum aberrantis SpK;Magnetospirillum aberrantis,0,1,pcuac_only,NA,WP_163679815.1,1
paenirhizobium daejeonense,240521,Paenirhizobium daejeonense,0,1,pcuac_only,NA,WP_163899346.1,1
pseudomonas laurentiana,2364649,Pseudomonas laurentiana,0,1,pcuac_only,NA,WP_163938113.1,1
unclassified salipiger,2640570;2706776;2706884,unclassified Salipiger;Salipiger sp. PrR003;Salipiger sp. PrR007,0,1,pcuac_only,NA,WP_164189571.1,1
wenzhouxiangella limi,2707351,Wenzhouxiangella limi,0,1,pcuac_only,NA,WP_164212253.1,1
sulfitobacter sediminilitoris,2698830,Sulfitobacter sediminilitoris,0,1,pcuac_only,NA,WP_164353255.1,1
unclassified rhodopseudomonas,1078;2269369;2638247;2638247;2991972;3457549,unclassified Rhodopseudomonas;Rhodopseudomonas sp. P2A-2r;Rhodopseudomonas sp. RCAM05734,0,1,pcuac_only,NA,WP_164604404.1,1
tabrizicola oligotrophica,2710650,Tabrizicola oligotrophica,0,1,pcuac_only,NA,WP_164626954.1,1
vibrio astriarenae,1481923,Vibrio astriarenae,0,1,pcuac_only,NA,WP_164650787.1,1
photobacterium chitinilyticum,2485123,Photobacterium chitinilyticum,0,1,pcuac_only,NA,WP_164918486.1,1
aquifex aeolicus,224324;63363,Aquifex aeolicus;Aquifex aeolicus VF5,0,1,pcuac_only,NA,WP_164930690.1,1
paragemmobacter kunshanensis,2583234,Paragemmobacter kunshanensis,0,1,pcuac_only,NA,WP_165053257.1,1
methylobacterium alsaeris,2709665;3344826;407,Methylobacterium;Methylobacterium sp. DB0501;Methylobacterium alsaeris,0,1,pcuac_only,NA,WP_165089303.1,1
pikeienuella piscinae,2748098,Pikeienuella piscinae,0,1,pcuac_only,NA,WP_165102870.1,1
mesorhizobium zhangyense,1776730,Mesorhizobium zhangyense,0,1,pcuac_only,NA,WP_165121460.1,1
affinirhizobium pseudoryzae,379684,Affinirhizobium pseudoryzae,0,1,pcuac_only,NA,WP_165219723.1,1
rhizorhabdus phycosphaerae,2711156,Rhizorhabdus phycosphaerae,0,1,pcuac_only,NA,WP_165322949.1,1
lichenibacterium ramalinae,2316527,Lichenibacterium ramalinae,0,1,pcuac_only,NA,WP_165361345.1,1
paremcibacter congregatus,2043170,Paremcibacter congregatus,0,1,pcuac_only,NA,WP_165776926.1,1
phenylobacterium kunshanense,1445034,Phenylobacterium kunshanense,0,1,pcuac_only,NA,WP_165843895.1,1
varunaivibrio sulfuroxidans,1773489,Varunaivibrio sulfuroxidans,0,1,pcuac_only,NA,WP_165886258.1,1
reinekea marinisedimentorum,230495,Reinekea marinisedimentorum,0,1,pcuac_only,NA,WP_165901765.1,1
methylorubrum aminovorans,269069,Methylorubrum aminovorans,0,1,pcuac_only,NA,WP_166058839.1,1
duganella aceris,2703883,Duganella aceris,0,1,pcuac_only,NA,WP_166101800.1,1
pontivivens nitratireducens,2758038,Pontivivens nitratireducens,0,1,pcuac_only,NA,WP_430693254.1,1
bradyrhizobium septentrionale,1404411,Bradyrhizobium septentrionale,0,1,pcuac_only,NA,WP_166205384.1,1
marinobacter caseinilyticus,2692195,Marinobacter caseinilyticus,0,1,pcuac_only,NA,WP_166268988.1,1
paracoccus xiamenensis,2714901,Paracoccus xiamenensis,0,1,pcuac_only,NA,WP_166328930.1,1
pseudomonas akapageensis,2609961,Pseudomonas akapageensis,0,1,pcuac_only,NA,WP_166360300.1,1
rhodobacter calidifons,2715277,Rhodobacter calidifons,0,1,pcuac_only,NA,WP_166404507.1,1
cochlodiniinecator piscidefendens,2715756,Cochlodiniinecator piscidefendens,0,1,pcuac_only,NA,WP_166417579.1,1
pseudomonas serbica,2965074,Pseudomonas serbica,0,1,pcuac_only,NA,WP_166619456.1,1
xanthomonas euroxanthea,2259622,Xanthomonas euroxanthea,0,1,pcuac_only,NA,WP_166766776.1,1
iodobacter violaceini,3044271,Iodobacter violaceini,0,1,pcuac_only,NA,WP_166825894.1,1
rheinheimera pleomorphica,2703963,Rheinheimera pleomorphica,0,1,pcuac_only,NA,WP_166837087.1,1
pseudoteredinibacter isoporae,570281,Pseudoteredinibacter isoporae,0,1,pcuac_only,NA,WP_166853222.1,1
telluria antibiotica,2717319,Telluria antibiotica,0,1,pcuac_only,NA,WP_166863321.1,1
pseudomaricurvus alkylphenolicus,1306991,Pseudomaricurvus alkylphenolicus,0,1,pcuac_only,NA,WP_166988275.1,1
xanthomonas rydalmerensis,2587154;3046274;338,Xanthomonas;Xanthomonas sp. F4;Xanthomonas rydalmerensis,0,1,pcuac_only,NA,WP_167087352.1,1
sphingomonas oligoaromativorans,575322,Sphingomonas oligoaromativorans,0,1,pcuac_only,NA,WP_167100841.1,1
billgrantia bachuensis,2717286,Billgrantia bachuensis,0,1,pcuac_only,NA,WP_167116665.1,1
pelagibius litoralis,374515,Pelagibius litoralis,0,1,pcuac_only,NA,WP_167226553.1,1
marivivens donghaensis,1699413,Marivivens donghaensis,0,1,pcuac_only,NA,WP_249945885.1,1
vitreimonas flagellata,2560861,Vitreimonas flagellata,0,1,pcuac_only,NA,WP_167755716.1,1
sphingopyxis italica,1129133,Sphingopyxis italica,0,1,pcuac_only,NA,WP_167922213.1,1
falsiroseomonas frigidaquae,487318,Falsiroseomonas frigidaquae,0,1,pcuac_only,NA,WP_168046521.1,1
glaciimonas immobilis,728004,Glaciimonas immobilis,0,1,pcuac_only,NA,WP_168056063.1,1
sphingomonas kaistensis,298708,Sphingomonas kaistensis,0,1,pcuac_only,NA,WP_168070127.1,1
rhizobium binae,1138190,Rhizobium binae,0,1,pcuac_only,NA,WP_168297055.1,1
rhizobium sophorae,1535242,Rhizobium sophorae,0,1,pcuac_only,NA,WP_168311380.1,1
rhizobium changzhiense,2692317,Rhizobium changzhiense,0,1,pcuac_only,NA,WP_240603215.1,1
oleiagrimonas citrea,1665687,Oleiagrimonas citrea,0,1,pcuac_only,NA,WP_168608360.1,1
roseicyclus persicicus,2650661,Roseicyclus persicicus,0,1,pcuac_only,NA,WP_168621784.1,1
marichromatium bheemlicum,365339,Marichromatium bheemlicum,0,1,pcuac_only,NA,WP_168667774.1,1
ningiella ruwaisensis,2364274,Ningiella ruwaisensis,0,1,pcuac_only,NA,WP_168711072.1,1
lampropedia aestuarii,2562762,Lampropedia aestuarii,0,1,pcuac_only,NA,WP_168797292.1,1
vibrio agarilyticus,2726741,Vibrio agarilyticus,0,1,pcuac_only,NA,WP_168834941.1,1
leeia aquatica,2725557,Leeia aquatica,0,1,pcuac_only,NA,WP_168878301.1,1
candidatus accumulibacter,2211374;2211374;327159;327160;2823332;327160,Candidatus Accumulibacter meliphilus,0,1,pcuac_only,NA,WP_291998516.1,1
comamonas suwonensis,2606214,Comamonas suwonensis,0,1,pcuac_only,NA,WP_169107871.1,1
aromatoleum anaerobium,182180,Aromatoleum anaerobium,0,1,pcuac_only,NA,WP_169119314.1,1
aromatoleum evansii,59406,Aromatoleum evansii,0,1,pcuac_only,NA,WP_169131192.1,1
aromatoleum toluolicum,90060,Aromatoleum toluolicum,0,1,pcuac_only,NA,WP_169139410.1,1
zoogloea dura,2728840,Zoogloea dura,0,1,pcuac_only,NA,WP_169147361.1,1
aromatoleum bremense,76115,Aromatoleum bremense,0,1,pcuac_only,NA,WP_169202564.1,1
aromatoleum petrolei,76116,Aromatoleum petrolei,0,1,pcuac_only,NA,WP_169205071.1,1
alteromonas ponticola,2720613,Alteromonas ponticola,0,1,pcuac_only,NA,WP_169210673.1,1
candidatus competibacter,221280,Candidatus Competibacter phosphatis,0,1,pcuac_only,NA,WP_169247368.1,1
aromatoleum toluvorans,92002,Aromatoleum toluvorans,0,1,pcuac_only,NA,WP_169254699.1,1
aromatoleum diolicum,75796,Aromatoleum diolicum,0,1,pcuac_only,NA,WP_169260688.1,1
woodsholea maritima,1123503;240237,Woodsholea maritima;Woodsholea maritima DSM 17123,0,1,pcuac_only,NA,WP_169336702.1,1
pseudomonas azadiae,2725411;2843612;286,Pseudomonas;Pseudomonas sp. SWRI 103;Pseudomonas azadiae,0,1,pcuac_only,NA,WP_169377322.1,1
marinobacter orientalis,1928859,Marinobacter orientalis,0,1,pcuac_only,NA,WP_169450012.1,1
massilia polaris,2728846,Massilia polaris,0,1,pcuac_only,NA,WP_169466000.1,1
sneathiella aquimaris,2599305,Sneathiella aquimaris,0,1,pcuac_only,NA,WP_169546262.1,1
sneathiella limimaris,1964213,Sneathiella limimaris,0,1,pcuac_only,NA,WP_169566070.1,1
rhizobium terricola,2728849,Rhizobium terricola,0,1,pcuac_only,NA,WP_169588271.1,1
pacificispira spongiicola,2729598,Pacificispira spongiicola,0,1,pcuac_only,NA,WP_169623816.1,1
pseudidiomarina aestuarii,624146,Pseudidiomarina aestuarii,0,1,pcuac_only,NA,WP_169931630.1,1
unclassified campylobacter,1705726;1705727;1705728;2593542;2593542;2993734;2994322;2994323,unclassified Campylobacter;Campylobacter sp. MIT 21-1682;Campylobacter sp. MIT 21-1684;Campylobacter sp. MIT 21-1685,0,1,pcuac_only,NA,WP_169974460.1,1
uliginosibacterium aquaticum,2731212,Uliginosibacterium aquaticum,0,1,pcuac_only,NA,WP_170020783.1,1
pseudomonas anuradhapurensis,2729423;286;485870;2800477;286;485870,Pseudomonas;Pseudomonas anuradhapurensis;Pseudomonas sp. LAM2023,0,1,pcuac_only,NA,WP_170029273.1,1
litorimonas taeanensis,568099,Litorimonas taeanensis,0,1,pcuac_only,NA,WP_170144976.1,1
ruegeria arenilitoris,1173585;1173585;3437604;3437606;3437607;3437608;3437609;3437610;97050;1173585;3437634;97050,Ruegeria arenilitoris,0,1,pcuac_only,NA,WP_170326825.1,1
halomonas daqiaonensis,650850,Halomonas daqiaonensis,0,1,pcuac_only,NA,WP_170840091.1,1
mesorhizobium denitrificans,2294114;2294114;2562308;68287,Mesorhizobium denitrificans,0,1,pcuac_only,NA,WP_245415999.1,1
marinobacter panjinensis,2576384,Marinobacter panjinensis,0,1,pcuac_only,NA,WP_170979090.1,1
telluria aromaticivorans,2725995,Telluria aromaticivorans,0,1,pcuac_only,NA,WP_171079894.1,1
klebsiella pneumoniae,573,Klebsiella pneumoniae,0,1,pcuac_only,NA,WP_171489087.1,1
unclassified roseobacter,196798;2690493;2690494;2690495;2690496;2690497;2690498;2690499;2690500;2690501;2690502;2690503;2690504;2690505;2690506;2690507;2690508;2690509;2690510;2690511;2690512;2690513;2690514;2690515;2690516;2690517;2690518;2690519;2690520;2690521;2690522;2690523;2690524;2690525;2690526;2690527;2690528;2690529;2690530;2690531;2690532;2690533;2690534;2690535;2690536;2690537;2690538;2690539;2690540;2690541;2690542;2690543;2690544;2690545;2690546;2690547;2690548;2690549;2690550;2690551;2690552;2690553;2690554;2690555;2690556;2690557;2690558;2690559;2690560;2690561;2690562;2690563;2690564;2690565;2690566;2690567;2690568;2690569;2690570;2690571;2690572;2690573;2690574;2690575;2690576;2690577;2690578;2690579;2690580;2690581;2690582;2690583;2690584;2690585;2690586;2690587;2690588;2690589;2690590;2690591;2690592;2690593;2690594;2690595;2690596;2690597;2690598;2690599;2690600;2690601;2690602;2690603;2690604;2690605;2690606;2690607;2690608;2690609;2690610;2690611;2690612;2690613;2690614;2690615;2690616;2690617;2690618;2690619;2690620;2690621;2690622;2690623;2690624;2690625;2690626;2690627;2690628;2690629;2690630;2690631;2690632;2690633;2690634;2690635;2690636;2690637;2690638;2690639;2690640;2690641;2690642;2690643;2690644;2690645;2690646;2690647;2690648;2690649;2690650;2690651;2690652;2690653;2690654;2690655;2690656;2690657;2690658;2690659;2690660;2690661;2690662;2690663;2690664;2690665;2690666;2690667;2690668;2690669;2690670;2690671;2690672;2690673;2690674;2690675;2690676;2690677;2690678;2690679;2690680;2690681;2690682;2690683;2690684;2690685;2690686;2690687;2690688;2690689;2690690;2690691;2690692;2690693;2690694;2690695;2690696;2690697;2690698;2690699;2690700;2690701;2690702;2690703;2690704;2690705;2690706;196798;3120337;3120338;3120339;196798;3120340;3120341,unclassified Roseobacter;Roseobacter sp. HKCC-CH-9324;Roseobacter sp. HKCC-CH-9351,0,1,pcuac_only,NA,WP_340254432.1,1
bradyrhizobium australiense,2721161,Bradyrhizobium australiense,0,1,pcuac_only,NA,WP_171581878.1,1
bradyrhizobium archetypum,2721160,Bradyrhizobium archetypum,0,1,pcuac_only,NA,WP_171712545.1,1
bradyrhizobium aeschynomenes,2734909,Bradyrhizobium aeschynomenes,0,1,pcuac_only,NA,WP_172109583.1,1
hongsoonwoonella zoysiae,2821844,Hongsoonwoonella zoysiae,0,1,pcuac_only,NA,WP_172890119.1,1
thiomicrorhabdus aquaedulcis,2211106,Thiomicrorhabdus aquaedulcis,0,1,pcuac_only,NA,WP_172959695.1,1
candidatus nitrotoga,2182327;2559597;2886963;2890408;453162,Candidatus Nitrotoga arctica,0,1,pcuac_only,NA,WP_173052438.1,1
pseudaquabacterium terrae,2732868,Pseudaquabacterium terrae,0,1,pcuac_only,NA,WP_173122715.1,1
achromobacter anxifer,1287737;1287737;1353889;222,Achromobacter anxifer,0,1,pcuac_only,NA,WP_173144981.1,1
achromobacter pestifer,1353889,Achromobacter pestifer,0,1,pcuac_only,NA,WP_175177088.1,1
aquipseudomonas campi,2731681,Aquipseudomonas campi,0,1,pcuac_only,NA,WP_173203157.1,1
thiosulfatimonas sediminis,2675054,Thiosulfatimonas sediminis,0,1,pcuac_only,NA,WP_173271013.1,1
thiomicrorhabdus xiamenensis,2739063,Thiomicrorhabdus xiamenensis,0,1,pcuac_only,NA,WP_173286620.1,1
unclassified aliiroseovarius,2623558;2651822;2651823;2651824;2651825;2651826;2651827;2651828;2651829;2651830;2651831;2651832;2651833;2651834;2651835;2651836;2651837;2623558;2926404;3453123,unclassified Aliiroseovarius;Aliiroseovarius sp. S1123;Aliiroseovarius sp. KMU-71,0,1,pcuac_only,NA,WP_173484957.1,1
rheinheimera lutimaris,2740584,Rheinheimera lutimaris,0,1,pcuac_only,NA,WP_173499334.1,1
sinorhizobium psoraleae,520838,Sinorhizobium psoraleae,0,1,pcuac_only,NA,WP_173513304.1,1
deefgea piscis,2739061,Deefgea piscis,0,1,pcuac_only,NA,WP_173533653.1,1
sphaerotilus uruguayifluvii,2735897,Sphaerotilus uruguayifluvii,0,1,pcuac_only,NA,WP_173806699.1,1
pseudidiomarina piscicola,2614830,Pseudidiomarina piscicola,0,1,pcuac_only,NA,WP_173921044.1,1
polynucleobacter antarcticus,1743162,Polynucleobacter antarcticus,0,1,pcuac_only,NA,WP_173942206.1,1
microvirga terrae,186650;2740529;2824562;2953740,Microvirga;Microvirga terrae;Microvirga sp. HBU67558;Microvirga yunnanensis,0,1,pcuac_only,NA,WP_173947789.1,1
polynucleobacter tropicus,1743174,Polynucleobacter tropicus,0,1,pcuac_only,NA,WP_173955513.1,1
rhizobium skierniewicense,3073636;3073637;379;984260;984260,Rhizobium skierniewicense,0,1,pcuac_only,NA,WP_174153223.1,1
tabrizicola fusiformis,2161679;2161679;2779367;31989,Paracoccaceae;Tabrizicola fusiformis;Paracoccus sp. IB05,0,1,pcuac_only,NA,WP_174212968.1,1
methylocella tundrae,227605,Methylocella tundrae,0,1,pcuac_only,NA,WP_174513472.1,1
micromonospora maritima,986711,Micromonospora maritima,0,1,pcuac_only,NA,WP_174527577.1,1
fertoeibacter niger,2656921,Fertoeibacter niger,0,1,pcuac_only,NA,WP_174539737.1,1
achromobacter animicus,1389935;1389935;1945911;222;1389935;1945911;222;2854776;2918181;1389935;1945912;1945913;222;1389935;1945913;222,Achromobacter animicus,0,1,pcuac_only,NA,WP_175124985.1,1
salinimonas lutimaris,914153,Salinimonas lutimaris,0,1,pcuac_only,NA,WP_175405147.1,1
jannaschia pohangensis,390807,Jannaschia pohangensis,0,1,pcuac_only,NA,WP_175484912.1,1
palleronia salina,313368,Palleronia salina,0,1,pcuac_only,NA,WP_175550286.1,1
paracoccus chinensis,525640,Paracoccus chinensis,0,1,pcuac_only,NA,WP_175558898.1,1
bartonella gabonensis,2699889,Bartonella gabonensis,0,1,pcuac_only,NA,WP_175868395.1,1
brucella pseudintermedia,370111,Brucella pseudintermedia,0,1,pcuac_only,NA,WP_176023533.1,1
rhizobacter koreensis,2742824,Rhizobacter koreensis,0,1,pcuac_only,NA,WP_176066152.1,1
vreelandella maris,2729617,Vreelandella maris,0,1,pcuac_only,NA,WP_176302976.1,1
ensifer oleiphilus,2742698,Ensifer oleiphilus,0,1,pcuac_only,NA,WP_176352253.1,1
pseudomonas urethralis,2740517;286;306,Pseudomonas;Pseudomonas sp.;Pseudomonas urethralis,0,1,pcuac_only,NA,WP_176508988.1,1
pseudomonas faucium,1947328;2740518;286;306;3364433;2740518,Pseudomonas faucium,0,1,pcuac_only,NA,WP_176516766.1,1
bradyrhizobium quebecense,2748629,Bradyrhizobium quebecense,0,1,pcuac_only,NA,WP_176531032.1,1
duganella hordei,2865934;3243046;75654,Duganella;Duganella hordei;Duganella sp. Dugasp56,0,1,pcuac_only,NA,WP_176650335.1,1
ruegeria haliotis,2747601,Ruegeria haliotis,0,1,pcuac_only,NA,WP_176866297.1,1
mycoplana rhizolycopersici,2746702,Mycoplana rhizolycopersici,0,1,pcuac_only,NA,WP_176950854.1,1
allochromatium vinosum,1049;504901;85072,Allochromatium vinosum;Allochromatium;Allochromatium humboldtianum,0,1,pcuac_only,NA,WP_176976697.1,1
pseudomonas yamanorum,515393,Pseudomonas yamanorum,0,1,pcuac_only,NA,WP_177041382.1,1
pseudomonas gingeri,117681,Pseudomonas gingeri,0,1,pcuac_only,NA,WP_177098150.1,1
hydrogenophaga aromaticivorans,2610898,Hydrogenophaga aromaticivorans,0,1,pcuac_only,NA,WP_177131898.1,1
pseudidiomarina maritima,519453,Pseudidiomarina maritima,0,1,pcuac_only,NA,WP_177203840.1,1
thiomicrorhabdus cannonii,2748011,Thiomicrorhabdus cannonii,0,1,pcuac_only,NA,WP_178862661.1,1
pigmentiphaga litoralis,516702,Pigmentiphaga litoralis,0,1,pcuac_only,NA,WP_179587476.1,1
sphaerotilus montanus,522889,Sphaerotilus montanus,0,1,pcuac_only,NA,WP_179635906.1,1
rhabdonatronobacter sediminivivens,2743469,Rhabdonatronobacter sediminivivens,0,1,pcuac_only,NA,WP_179906702.1,1
vreelandella salicampi,1449798,Vreelandella salicampi,0,1,pcuac_only,NA,WP_179931100.1,1
lacimicrobium alkaliphilum,1526571,Lacimicrobium alkaliphilum,0,1,pcuac_only,NA,WP_180237268.1,1
azospirillum oleiclasticum,2735135,Azospirillum oleiclasticum,0,1,pcuac_only,NA,WP_180281530.1,1
ottowia beijingensis,1207057,Ottowia beijingensis,0,1,pcuac_only,NA,WP_180550626.1,1
tepidicella baoligensis,2707016,Tepidicella baoligensis,0,1,pcuac_only,NA,WP_180682921.1,1
microvirga mediterraneensis,2754695,Microvirga mediterraneensis,0,1,pcuac_only,NA,WP_181050889.1,1
mesorhizobium neociceri,1307853,Mesorhizobium neociceri,0,1,pcuac_only,NA,WP_181059622.1,1
hyphomicrobium methylovorum,84,Hyphomicrobium methylovorum,0,1,pcuac_only,NA,WP_181336827.1,1
billgrantia kenyensis,321266,Billgrantia kenyensis,0,1,pcuac_only,NA,WP_181513928.1,1
chthonobacter albigriseus,1683161,Chthonobacter albigriseus,0,1,pcuac_only,NA,WP_181701295.1,1
chthonobacter rhizosphaerae,2735553,Chthonobacter rhizosphaerae,0,1,pcuac_only,NA,WP_181705992.1,1
aquitalea aquatica,3044273,Aquitalea aquatica,0,1,pcuac_only,NA,WP_181836766.1,1
unclassified colwellia,196834;2759809;2759811;2759812;2759813;2759814;2759815;2759816;196834;2759810;2759843;196834;2759818;2759819;196834;2759820;2759821;2759825;2759826;2759827;2759829;196834;2759830;2759831;2759833;2759834;2759835;2759836;2759837;2759838;2759840;2759842;2759845;2759846;196834;2759839;2759841;196834;2841566;3062649;3062650;3062654;3062668;3062673;3062676,unclassified Colwellia;Colwellia sp. C2M11;Colwellia sp. 1_MG-2023;Colwellia sp. 2_MG-2023;Colwellia sp. 3_MG-2023;Colwellia sp. 4_MG-2023;Colwellia sp. 5_MG-2023;Colwellia sp. 6_MG-2023,0,1,pcuac_only,NA,WP_215972158.1,1
stappia albiluteola,2758565,Stappia albiluteola,0,1,pcuac_only,NA,WP_182162646.1,1
pseudomonas berkeleyensis,2726956,Pseudomonas berkeleyensis,0,1,pcuac_only,NA,WP_182368516.1,1
alpinimonas psychrophila,748908,Alpinimonas psychrophila,0,1,pcuac_only,NA,WP_182484555.1,1
phyllobacterium myrsinacearum,28100;28101;3453895;28101,Phyllobacterium myrsinacearum,0,1,pcuac_only,NA,WP_245421249.1,1
aminobacter ciceronei,150723;150723;2774562;31988,Aminobacter;Aminobacter ciceronei;Aminobacter sp. SR38,0,1,pcuac_only,NA,WP_182574020.1,1
stenotrophomonas lacuserhaii,2760084,Stenotrophomonas lacuserhaii,0,1,pcuac_only,NA,WP_182655901.1,1
aquipseudomonas ullengensis,2759166,Aquipseudomonas ullengensis,0,1,pcuac_only,NA,WP_183087768.1,1
azomonas macrocytogenes,69962,Azomonas macrocytogenes,0,1,pcuac_only,NA,WP_183166925.1,1
ancylobacter tetraedralis,217068,Ancylobacter tetraedralis,0,1,pcuac_only,NA,WP_183189959.1,1
bartonella fuyuanensis,1460968,Bartonella fuyuanensis,0,1,pcuac_only,NA,WP_183193566.1,1
bartonella callosciuri,686223,Bartonella callosciuri,0,1,pcuac_only,NA,WP_183228834.1,1
aminobacter niigataensis,83265,Aminobacter niigataensis,0,1,pcuac_only,NA,WP_183263412.1,1
devosia subaequoris,395930,Devosia subaequoris,0,1,pcuac_only,NA,WP_183311849.1,1
halomonas fontilapidosi,616675,Halomonas fontilapidosi,0,1,pcuac_only,NA,WP_183314403.1,1
hansschlegelia beijingensis,1133344,Hansschlegelia beijingensis,0,1,pcuac_only,NA,WP_183393383.1,1
kaistia hirudinis,1293440,Kaistia hirudinis,0,1,pcuac_only,NA,WP_183398105.1,1
mesorhizobium huakuii,28104,Mesorhizobium huakuii,0,1,pcuac_only,NA,WP_183463228.1,1
martelella radicis,1397476,Martelella radicis,0,1,pcuac_only,NA,WP_183487466.1,1
methylobacterium brachythecii,1176177,Methylobacterium brachythecii,0,1,pcuac_only,NA,WP_183509165.1,1
yoonia ponticola,1524255,Yoonia ponticola,0,1,pcuac_only,NA,WP_183530510.1,1
methylorubrum rhodinum,29428,Methylorubrum rhodinum,0,1,pcuac_only,NA,WP_183565077.1,1
brucella daejeonensis,659015,Brucella daejeonensis,0,1,pcuac_only,NA,WP_183646613.1,1
rhizobium lentis,1138194;1138194;2587095;379,Rhizobium lentis,0,1,pcuac_only,NA,WP_183700355.1,1
pseudochelatococcus contaminans,1538103,Pseudochelatococcus contaminans,0,1,pcuac_only,NA,WP_183753927.1,1
allorhizobium borbori,485907,Allorhizobium borbori,0,1,pcuac_only,NA,WP_183791274.1,1
mycoplana azooxidifex,1636188,Mycoplana azooxidifex,0,1,pcuac_only,NA,WP_183800447.1,1
aliirhizobium cellulosilyticum,393664,Aliirhizobium cellulosilyticum,0,1,pcuac_only,NA,WP_183821551.1,1
rhizobium metallidurans,1265931,Rhizobium metallidurans,0,1,pcuac_only,NA,WP_183898786.1,1
sphingobium fontiphilum,944425,Sphingobium fontiphilum,0,1,pcuac_only,NA,WP_183954396.1,1
sagittula marina,943940,Sagittula marina,0,1,pcuac_only,NA,WP_183967883.1,1
aliirhizobium wenxiniae,1737357,Aliirhizobium wenxiniae,0,1,pcuac_only,NA,WP_183989462.1,1
stakelama sediminis,463200,Stakelama sediminis,0,1,pcuac_only,NA,WP_184001255.1,1
paenochrobactrum gallinarii,643673,Paenochrobactrum gallinarii,0,1,pcuac_only,NA,WP_184222281.1,1
rhodopseudomonas rhenobacensis,87461,Rhodopseudomonas rhenobacensis,0,1,pcuac_only,NA,WP_184255152.1,1
thalassotalea piscium,1230533,Thalassotalea piscium,0,1,pcuac_only,NA,WP_184424249.1,1
sulfitobacter undariae,1563671,Sulfitobacter undariae,0,1,pcuac_only,NA,WP_184567943.1,1
mesorhizobium sangaii,505389,Mesorhizobium sangaii,0,1,pcuac_only,NA,WP_184877012.1,1
nonomuraea endophytica,714136,Nonomuraea endophytica,0,1,pcuac_only,NA,WP_184963976.1,1
thermocatellispora tengchongensis,1073253,Thermocatellispora tengchongensis,0,1,pcuac_only,NA,WP_185047493.1,1
paragemmobacter straminiformis,2045119,Paragemmobacter straminiformis,0,1,pcuac_only,NA,WP_185795866.1,1
campylobacter massiliensis,2762557,Campylobacter massiliensis,0,1,pcuac_only,NA,WP_185897861.1,1
stappia quadratibracata,2762596,Stappia quadratibracata,0,1,pcuac_only,NA,WP_185925429.1,1
aliidiomarina halalkaliphila,2593535,Aliidiomarina halalkaliphila,0,1,pcuac_only,NA,WP_185960782.1,1
thiomicrorhabdus heinhorstiae,2039723;2039724;2748010;2748010,Thiomicrorhabdus heinhorstiae,0,1,pcuac_only,NA,WP_185979160.1,1
unclassified stappia,2003585;2003586;2629676,Stappia sp. TSB10P1A;Stappia sp. P2PMeth1;unclassified Stappia,0,1,pcuac_only,NA,WP_186389105.1,1
unclassified pannonibacter,2003581;2003583;2627228,Pannonibacter sp. CS1GBFMT1;Pannonibacter sp. TSB10GB1;unclassified Pannonibacter,0,1,pcuac_only,NA,WP_186392934.1,1
unclassified sphingopyxis,1892848;2614943;3458250,Sphingopyxis sp. P1IMeth2;unclassified Sphingopyxis;Sphingopyxis sp. Q841,0,1,pcuac_only,NA,WP_186402646.1,1
candidatus propionivibrio,1860101,Candidatus Propionivibrio aalborgensis,0,1,pcuac_only,NA,WP_186411731.1,1
pseudomonas promysalinigenes,2813573;286;485898;485898,Pseudomonas promysalinigenes,0,1,pcuac_only,NA,WP_186476948.1,1
neptunicella marina,2125989,Neptunicella marina,0,1,pcuac_only,NA,WP_186508107.1,1
pseudomonas farsensis,2745491;2745492;286,Pseudomonas;Pseudomonas sp. SWRI51;Pseudomonas farsensis,0,1,pcuac_only,NA,WP_186519589.1,1
pseudomonas khorasanensis,2745508,Pseudomonas khorasanensis,0,1,pcuac_only,NA,WP_186531618.1,1
pseudomonas hamedanensis,2745504,Pseudomonas hamedanensis,0,1,pcuac_only,NA,WP_186547524.1,1
pseudomonas urmiensis,2745493;2745493;286;306;3142839;2745493;286;3364458,Pseudomonas urmiensis,0,1,pcuac_only,NA,WP_186556754.1,1
pseudomonas iranensis,2745503,Pseudomonas iranensis,0,1,pcuac_only,NA,WP_186567318.1,1
pseudomonas tehranensis,2745502,Pseudomonas tehranensis,0,1,pcuac_only,NA,WP_186658459.1,1
pseudomonas xantholysinigenes,2745490,Pseudomonas xantholysinigenes,0,1,pcuac_only,NA,WP_186659665.1,1
pseudomonas oryzicola,485876,Pseudomonas oryzicola,0,1,pcuac_only,NA,WP_186675744.1,1
pseudomonas shirazensis,2745494,Pseudomonas shirazensis,0,1,pcuac_only,NA,WP_186699922.1,1
affinundibacterium amnicola,1834038,Affinundibacterium amnicola,0,1,pcuac_only,NA,WP_186888981.1,1
affinundibacterium seohonense,1344950,Affinundibacterium seohonense,0,1,pcuac_only,NA,WP_186922556.1,1
neisseria musculi,1815583,Neisseria musculi,0,1,pcuac_only,NA,WP_187000769.1,1
roseobacter fucihabitans,1537242,Roseobacter fucihabitans,0,1,pcuac_only,NA,WP_187429729.1,1
diaphorobacter ruginosibacter,1715720,Diaphorobacter ruginosibacter,0,1,pcuac_only,NA,WP_187600453.1,1
zestomonas carbonaria,2762745,Zestomonas carbonaria,0,1,pcuac_only,NA,WP_187673109.1,1
thauera sedimentorum,2767595,Thauera sedimentorum,0,1,pcuac_only,NA,WP_187717607.1,1
pseudoroseomonas ludipueritiae,198093,Pseudoroseomonas ludipueritiae,0,1,pcuac_only,NA,WP_187777121.1,1
aquibium microcysteis,675281,Aquibium microcysteis,0,1,pcuac_only,NA,WP_187968089.1,1
bradyrhizobium campsiandrae,1729892,Bradyrhizobium campsiandrae,0,1,pcuac_only,NA,WP_188108093.1,1
teredinibacter waterburyi,1500538,Teredinibacter waterburyi,0,1,pcuac_only,NA,WP_188149921.1,1
oryzicola mucosus,2767425,Oryzicola mucosus,0,1,pcuac_only,NA,WP_188165706.1,1
oxalicibacterium flavum,179467,Oxalicibacterium flavum,0,1,pcuac_only,NA,WP_188394658.1,1
agaricicola taiwanensis,591372,Agaricicola taiwanensis,0,1,pcuac_only,NA,WP_188409007.1,1
oxalicibacterium solurbis,69280,Oxalicibacterium solurbis,0,1,pcuac_only,NA,WP_188419799.1,1
arenimonas maotaiensis,1446479,Arenimonas maotaiensis,0,1,pcuac_only,NA,WP_188448163.1,1
marivita lacus,1323742,Marivita lacus,0,1,pcuac_only,NA,WP_188483343.1,1
alsobacter metallidurans,340221,Alsobacter metallidurans,0,1,pcuac_only,NA,WP_188517038.1,1
parundibacterium terreum,1224302,Parundibacterium terreum,0,1,pcuac_only,NA,WP_188564255.1,1
tistrella bauzanensis,171436;3133430;657419;657419,Tistrella;Tistrella bauzanensis;Tistrella arctica,0,1,pcuac_only,NA,WP_188582635.1,1
vreelandella lutescens,1602943,Vreelandella lutescens,0,1,pcuac_only,NA,WP_188639730.1,1
terasakiella brassicae,1634917;196080;2034861,Terasakiella;Terasakiella brassicae;Terasakiella sp.,0,1,pcuac_only,NA,WP_188662083.1,1
silvimonas amylolytica,449663,Silvimonas amylolytica,0,1,pcuac_only,NA,WP_188687620.1,1
silvimonas iriomotensis,449662,Silvimonas iriomotensis,0,1,pcuac_only,NA,WP_188702811.1,1
polaromonas eurypsychrophila,1614635,Polaromonas eurypsychrophila,0,1,pcuac_only,NA,WP_188706201.1,1
nitratireductor aestuarii,1735103,Nitratireductor aestuarii,0,1,pcuac_only,NA,WP_188719119.1,1
salipiger pallidus,1775170,Salipiger pallidus,0,1,pcuac_only,NA,WP_188788978.1,1
paramesorhizobium endophyticum,1963359,Paramesorhizobium endophyticum,0,1,pcuac_only,NA,WP_188823495.1,1
pseudomonas asuensis,1825787,Pseudomonas asuensis,0,1,pcuac_only,NA,WP_188865573.1,1
iodidimonas muriae,261467,Iodidimonas muriae,0,1,pcuac_only,NA,WP_188873705.1,1
shewanella gelidii,1642821,Shewanella gelidii,0,1,pcuac_only,NA,WP_188919621.1,1
shewanella saliphila,2282698,Shewanella saliphila,0,1,pcuac_only,NA,WP_188922549.1,1
shewanella algicola,640633,Shewanella algicola,0,1,pcuac_only,NA,WP_188923469.1,1
shewanella ulleungensis,2282699,Shewanella ulleungensis,0,1,pcuac_only,NA,WP_188953594.1,1
neoroseomonas lacus,287609,Neoroseomonas lacus,0,1,pcuac_only,NA,WP_188971485.1,1
pseudomonas matsuisoli,1515666,Pseudomonas matsuisoli,0,1,pcuac_only,NA,WP_188983516.1,1
aliidongia dinghuensis,1867774,Aliidongia dinghuensis,0,1,pcuac_only,NA,WP_189043214.1,1
affinundibacterium macrobrachii,1119058,Affinundibacterium macrobrachii,0,1,pcuac_only,NA,WP_189346422.1,1
vogesella fluminis,1069161,Vogesella fluminis,0,1,pcuac_only,NA,WP_189352956.1,1
vogesella alkaliphila,1193621,Vogesella alkaliphila,0,1,pcuac_only,NA,WP_189373293.1,1
thalassotalea profundi,2036687,Thalassotalea profundi,0,1,pcuac_only,NA,WP_189379219.1,1
alcaligenes pakistanensis,1482717;1482717;3702236,Alcaligenes pakistanensis;Alcaligenes pakistanensis subsp. lycopodii,0,1,pcuac_only,NA,WP_189393262.1,1
neogemmobacter tilapiae,875041,Neogemmobacter tilapiae,0,1,pcuac_only,NA,WP_189413349.1,1
devosia pacifica,1335967;1335967;1967288;2831106,Devosia pacifica,0,1,pcuac_only,NA,WP_189425768.1,1
rhodanobacter panaciterrae,490572,Rhodanobacter panaciterrae,0,1,pcuac_only,NA,WP_189439598.1,1
alishewanella tabrizica,671278,Alishewanella tabrizica,0,1,pcuac_only,NA,WP_189479556.1,1
limoniibacter endophyticus,1565040,Limoniibacter endophyticus,0,1,pcuac_only,NA,WP_189486617.1,1
marinobacter zhanjiangensis,578215,Marinobacter zhanjiangensis,0,1,pcuac_only,NA,WP_189575275.1,1
litorimonas cladophorae,1220491,Litorimonas cladophorae,0,1,pcuac_only,NA,WP_189584037.1,1
gemmobacter lanyuensis,1054497,Gemmobacter lanyuensis,0,1,pcuac_only,NA,WP_189633978.1,1
seohaeicola zhoushanensis,1569283,Seohaeicola zhoushanensis,0,1,pcuac_only,NA,WP_189682936.1,1
thalassobaculum fulvum,1633335,Thalassobaculum fulvum,0,1,pcuac_only,NA,WP_189987214.1,1
gillisella terrae,1848972,Gillisella terrae,0,1,pcuac_only,NA,WP_190235217.1,1
defluviicoccus vanus,111831,Defluviicoccus vanus,0,1,pcuac_only,NA,WP_190261207.1,1
spongiibacter pelagi,2760804,Spongiibacter pelagi,0,1,pcuac_only,NA,WP_190763727.1,1
kordiimonas sediminis,1735581,Kordiimonas sediminis,0,1,pcuac_only,NA,WP_191249717.1,1
paracoccus aerius,1915382,Paracoccus aerius,0,1,pcuac_only,NA,WP_191312872.1,1
novosphingobium pokkalii,1770194,Novosphingobium pokkalii,0,1,pcuac_only,NA,WP_191326287.1,1
brevundimonas aurantiaca,1224;1904254;213418;74316;1871086;41275;74316;74316,Brevundimonas aurantiaca,0,1,pcuac_only,NA,WP_228184695.1,1
brevundimonas guildfordensis,2762241,Brevundimonas guildfordensis,0,1,pcuac_only,NA,WP_191743102.1,1
oerskovia gallyi,2762226,Oerskovia gallyi,0,1,pcuac_only,NA,WP_191790120.1,1
cellulosimicrobium arenosum,2708133,Cellulosimicrobium arenosum,0,1,pcuac_only,NA,WP_191829193.1,1
sphingomonas aerolata,13687;185951;2775275;2775291;2775308;3096534,Sphingomonas;Sphingomonas aerolata;Sphingomonas sp. CFBP 8764;Sphingomonas sp. CFBP 13733;Sphingomonas sp. CFBP 13714;Sphingomonas sp. CFBP9021,0,1,pcuac_only,NA,WP_192003471.1,1
photobacterium arenosum,2774143,Photobacterium arenosum,0,1,pcuac_only,NA,WP_192014417.1,1
unclassified sphingomonas,196159;2775294;2775314,unclassified Sphingomonas;Sphingomonas sp. CFBP 13728;Sphingomonas sp. CFBP 13706,0,1,pcuac_only,NA,WP_192099515.1,1
roseibium polysiphoniae,2571221,Roseibium polysiphoniae,0,1,pcuac_only,NA,WP_192110342.1,1
roseibium litorale,2803841,Roseibium litorale,0,1,pcuac_only,NA,WP_192149237.1,1
rhodanobacter hydrolyticus,2250595;2775922;75309,Rhodanobacter;Rhodanobacter hydrolyticus;Rhodanobacter sp. 7MK24,0,1,pcuac_only,NA,WP_192154239.1,1
mesorhizobium silamurunense,499528,Mesorhizobium silamurunense,0,1,pcuac_only,NA,WP_192253120.1,1
mesorhizobium caraganae,1450512;483206;3232463;483206;68287;3680491;483206;68287;483206,Mesorhizobium;Mesorhizobium caraganae;Mesorhizobium sp. P2_B5,0,1,pcuac_only,NA,WP_352561803.1,1
methylorubrum zatmanii,29429,Methylorubrum zatmanii,0,1,pcuac_only,NA,WP_454594229.1,1
tepidiforma bonchosmolovskayae,2601677,Tepidiforma bonchosmolovskayae,0,1,pcuac_only,NA,WP_192498184.1,1
pseudoalteromonas aurantia,1314867;2822686;53246,Pseudoalteromonas;Pseudoalteromonas aurantia 208;Pseudoalteromonas sp. MMG012,0,1,pcuac_only,NA,WP_192508376.1,1
unclassified cobetia,2609414;2778210;3040017;2609414;3040018;3105867,unclassified Cobetia;Cobetia sp. 29-18-1;Cobetia sp. D5,0,1,pcuac_only,NA,WP_192839417.1,1
myceligenerans pegani,2776917,Myceligenerans pegani,0,1,pcuac_only,NA,WP_192863348.1,1
vibrio bathopelagicus,2777577,Vibrio bathopelagicus,0,1,pcuac_only,NA,WP_192891766.1,1
phycobacter azelaicus,2668075,Phycobacter azelaicus,0,1,pcuac_only,NA,WP_192963902.1,1
pseudooceanicola spongiae,2613965,Pseudooceanicola spongiae,0,1,pcuac_only,NA,WP_193080828.1,1
unclassified advenella,1872388;2685285;2742604,Advenella sp.;unclassified Advenella;Advenella sp. FME57,0,1,pcuac_only,NA,WP_193087604.1,1
oricola nitratireducens,2775868,Oricola nitratireducens,0,1,pcuac_only,NA,WP_193177196.1,1
mangrovicoccus algicola,2771008,Mangrovicoccus algicola,0,1,pcuac_only,NA,WP_193180399.1,1
microbispora sitophila,2771537,Microbispora sitophila,0,1,pcuac_only,NA,WP_193209294.1,1
devosia beringensis,2657486,Devosia beringensis,0,1,pcuac_only,NA,WP_193337067.1,1
pelagibius marinus,2762760,Pelagibius marinus,0,1,pcuac_only,NA,WP_193370206.1,1
nitrincola alkalisediminis,1366656,Nitrincola alkalisediminis,0,1,pcuac_only,NA,WP_193494161.1,1
massilia litorea,2769491,Massilia litorea,0,1,pcuac_only,NA,WP_193686408.1,1
cellvibrio polysaccharolyticus,2082724,Cellvibrio polysaccharolyticus,0,1,pcuac_only,NA,WP_193907996.1,1
vibrio hibernica,2587465,Vibrio hibernica,0,1,pcuac_only,NA,WP_194089483.1,1
marivivens aquimaris,2774876,Marivivens aquimaris,0,1,pcuac_only,NA,WP_194094233.1,1
chitinilyticum piscinae,2866724,Chitinilyticum piscinae,0,1,pcuac_only,NA,WP_194117509.1,1
salipiger mangrovisoli,2865933,Salipiger mangrovisoli,0,1,pcuac_only,NA,WP_194136582.1,1
kordiimonas pumila,2161677,Kordiimonas pumila,0,1,pcuac_only,NA,WP_194214821.1,1
noviherbaspirillum soli,1064518,Noviherbaspirillum soli,0,1,pcuac_only,NA,WP_194711409.1,1
noviherbaspirillum malthae,1260987,Noviherbaspirillum malthae,0,1,pcuac_only,NA,WP_194720578.1,1
diaphorobacter caeni,2784387,Diaphorobacter caeni,0,1,pcuac_only,NA,WP_194769998.1,1
nocardia amamiensis,404578,Nocardia amamiensis,0,1,pcuac_only,NA,WP_195132945.1,1
bradyrhizobium commune,83627,Bradyrhizobium commune,0,1,pcuac_only,NA,WP_195804275.1,1
uncultured roseobacter,114847;114847;1907202;196798;2785324,uncultured Roseobacter sp.,0,1,pcuac_only,NA,WP_195818814.1,1
herminiimonas contaminans,1111140,Herminiimonas contaminans,0,1,pcuac_only,NA,WP_195875893.1,1
pontivivens ytuae,2789856,Pontivivens ytuae,0,1,pcuac_only,NA,WP_196104742.1,1
pseudomonas guariconensis,1288410,Pseudomonas guariconensis,0,1,pcuac_only,NA,WP_196162600.1,1
pseudomonas pudica,272772,Pseudomonas pudica,0,1,pcuac_only,NA,WP_196174573.1,1
microvirga alba,2791025,Microvirga alba,0,1,pcuac_only,NA,WP_196271044.1,1
novosphingobium jiangmenense,2791981,Novosphingobium jiangmenense,0,1,pcuac_only,NA,WP_196274476.1,1
agrobacterium leguminum,2580515;2792015;357;2792015,Agrobacterium leguminum,0,1,pcuac_only,NA,WP_196377799.1,1
pseudomonas chaetocerotis,2758695,Pseudomonas chaetocerotis,0,1,pcuac_only,NA,WP_196473525.1,1
lysobacter silvisoli,2293254,Lysobacter silvisoli,0,1,pcuac_only,NA,WP_196778845.1,1
actinomadura viridis,58110,Actinomadura viridis,0,1,pcuac_only,NA,WP_197011856.1,1
billgrantia diversa,2781855,Billgrantia diversa,0,1,pcuac_only,NA,WP_197566089.1,1
stenotrophomonas sepilia,2860290;2860290;3345115;40323;2860290;3446365;40323,Stenotrophomonas sepilia,0,1,pcuac_only,NA,WP_197598469.1,1
stenotrophomonas forensis,2871169,Stenotrophomonas forensis,0,1,pcuac_only,NA,WP_197607897.1,1
eikenella glucosivorans,2766967,Eikenella glucosivorans,0,1,pcuac_only,NA,WP_197902449.1,1
thiosulfatihalobacter marinus,2792481,Thiosulfatihalobacter marinus,0,1,pcuac_only,NA,WP_197918132.1,1
inhella gelatinilytica,2795030,Inhella gelatinilytica,0,1,pcuac_only,NA,WP_198100432.1,1
inhella proteolytica,2795029,Inhella proteolytica,0,1,pcuac_only,NA,WP_198112016.1,1
unclassified snodgrassella,2625236;2751013;2751014,unclassified Snodgrassella;Snodgrassella sp. W6238H11;Snodgrassella sp. W6238H14,0,1,pcuac_only,NA,WP_198206502.1,1
vitreoscilla filiformis,63,Vitreoscilla filiformis,0,1,pcuac_only,NA,WP_198301607.1,1
caulobacter hibisci,2035993,Caulobacter hibisci,0,1,pcuac_only,NA,WP_198576687.1,1
saccharospirillum mangrovi,2161747,Saccharospirillum mangrovi,0,1,pcuac_only,NA,WP_198650480.1,1
shewanella putrefaciens,22;24;50422,Shewanella;Shewanella putrefaciens;Shewanella sp.,0,1,pcuac_only,NA,WP_198781105.1,1
devosia sediminis,1871048;2798801;46913;2798801,Devosia sediminis,0,1,pcuac_only,NA,WP_198874867.1,1
marinobacter litoralis,187981,Marinobacter litoralis,0,1,pcuac_only,NA,WP_199008217.1,1
sedimentitalea arenosa,2798803,Sedimentitalea arenosa,0,1,pcuac_only,NA,WP_199023794.1,1
ralstonia flaminis,2795124;3058597;48736,Ralstonia;Ralstonia sp. ASV6;Ralstonia flaminis,0,1,pcuac_only,NA,WP_199028992.1,1
paracoccus binzhouensis,2796149,Paracoccus binzhouensis,0,1,pcuac_only,NA,WP_199257518.1,1
marinomonas ostreistagni,359209,Marinomonas ostreistagni,0,1,pcuac_only,NA,WP_199461929.1,1
sandaracinobacteroides hominis,2780086,Sandaracinobacteroides hominis,0,1,pcuac_only,NA,WP_199554182.1,1
flocculibacter collagenilyticus,2744479,Flocculibacter collagenilyticus,0,1,pcuac_only,NA,WP_199610324.1,1
oleomonas cavernae,2320859,Oleomonas cavernae,0,1,pcuac_only,NA,WP_199699243.1,1
leucobacter edaphi,2796472,Leucobacter edaphi,0,1,pcuac_only,NA,WP_200131120.1,1
taklimakanibacter albus,2800327,Taklimakanibacter albus,0,1,pcuac_only,NA,WP_200185329.1,1
thiocystis violacea,13725,Thiocystis violacea,0,1,pcuac_only,NA,WP_200328968.1,1
marinobacter xiaoshiensis,2583229;2742;3073652,Marinobacter;Marinobacter sp. DY40_1A1;Marinobacter xiaoshiensis,0,1,pcuac_only,NA,WP_200370105.1,1
thermohalobaculum xanthum,2753746,Thermohalobaculum xanthum,0,1,pcuac_only,NA,WP_200606879.1,1
skermanella cutis,2775420,Skermanella cutis,0,1,pcuac_only,NA,WP_201077345.1,1
brevundimonas nasdae,172043,Brevundimonas nasdae,0,1,pcuac_only,NA,WP_201097046.1,1
brevundimonas vitis,2800818,Brevundimonas vitis,0,1,pcuac_only,NA,WP_201103513.1,1
rhodobaculum claviforme,1549854,Rhodobaculum claviforme,0,1,pcuac_only,NA,WP_201156182.1,1
devosia rhizoryzae,2774137,Devosia rhizoryzae,0,1,pcuac_only,NA,WP_201631749.1,1
devosia oryziradicis,2801335,Devosia oryziradicis,0,1,pcuac_only,NA,WP_201657022.1,1
phytoamicus setariae,2801340,Phytoamicus setariae,0,1,pcuac_only,NA,WP_201661067.1,1
sphingobium lactosutens,1331060;522773,Sphingobium lactosutens;Sphingobium lactosutens DS20,0,1,pcuac_only,NA,WP_201767473.1,1
microvirga zambiensis,1402137;864070,Microvirga zambiensis WSM3693;Microvirga zambiensis,0,1,pcuac_only,NA,WP_201834177.1,1
microvirga aerilata,670292,Microvirga aerilata,0,1,pcuac_only,NA,WP_202065836.1,1
rickettsia tillamookensis,2761623,Rickettsia tillamookensis,0,1,pcuac_only,NA,WP_202068646.1,1
fuscibacter oryzae,2803939,Fuscibacter oryzae,0,1,pcuac_only,NA,WP_202661378.1,1
skermanella mucosa,1789672,Skermanella mucosa,0,1,pcuac_only,NA,WP_211113094.1,1
szabonella alba,2804194,Szabonella alba,0,1,pcuac_only,NA,WP_202687035.1,1
thiothrix subterranea,2735563,Thiothrix subterranea,0,1,pcuac_only,NA,WP_202718619.1,1
shewanella schlegeliana,190308,Shewanella schlegeliana,0,1,pcuac_only,NA,WP_202721039.1,1
luteimonas saliphila,2804919,Luteimonas saliphila,0,1,pcuac_only,NA,WP_202839203.1,1
paradevosia shaoguanensis,1335043,Paradevosia shaoguanensis,0,1,pcuac_only,NA,WP_203066163.1,1
steroidobacter gossypii,2805490,Steroidobacter gossypii,0,1,pcuac_only,NA,WP_203167979.1,1
xanthobacter dioxanivorans,2528964,Xanthobacter dioxanivorans,0,1,pcuac_only,NA,WP_203195342.1,1
marinobacter sediminum,256323,Marinobacter sediminum,0,1,pcuac_only,NA,WP_203301431.1,1
pseudomonas granadensis,1421430;1421430;286;3682855,Pseudomonas granadensis,0,1,pcuac_only,NA,WP_203418443.1,1
sinosporangium siamense,1367973,Sinosporangium siamense,0,1,pcuac_only,NA,WP_204019869.1,1
shimia biformata,1294299,Shimia biformata,0,1,pcuac_only,NA,WP_204113739.1,1
microvirga pudoricolor,2778729,Microvirga pudoricolor,0,1,pcuac_only,NA,WP_204214940.1,1
[archangium] primigenium,2792470,[Archangium] primigenium,0,1,pcuac_only,NA,WP_204491087.1,1
hydrogenophaga laconesensis,1805971,Hydrogenophaga laconesensis,0,1,pcuac_only,NA,WP_204734130.1,1
herpetosiphon giganteus,2029754,Herpetosiphon giganteus,0,1,pcuac_only,NA,WP_204754947.1,1
oceanisphaera litoralis,225144,Oceanisphaera litoralis,0,1,pcuac_only,NA,WP_204795941.1,1
parvibaculum sedimenti,2608632,Parvibaculum sedimenti,0,1,pcuac_only,NA,WP_204886485.1,1
microbacterium keratanolyticum,67574,Microbacterium keratanolyticum,0,1,pcuac_only,NA,WP_204939131.1,1
parashewanella hymeniacidonis,2807618,Parashewanella hymeniacidonis,0,1,pcuac_only,NA,WP_204997954.1,1
desulfobulbus rhabdoformis,34032,Desulfobulbus rhabdoformis,0,1,pcuac_only,NA,WP_205227545.1,1
paracoccus methylovorus,265;267;2812658,Paracoccus;Paracoccus sp. (in: a-proteobacteria);Paracoccus methylovorus,0,1,pcuac_only,NA,WP_205296405.1,1
rheinheimera maricola,2793282,Rheinheimera maricola,0,1,pcuac_only,NA,WP_205309354.1,1
zestomonas insulae,2809017,Zestomonas insulae,0,1,pcuac_only,NA,WP_205350046.1,1
xanthomonas hydrangeae,2775159,Xanthomonas hydrangeae,0,1,pcuac_only,NA,WP_205394895.1,1
sulfurospirillum tamanense,2813362,Sulfurospirillum tamanense,0,1,pcuac_only,NA,WP_205460130.1,1
chromobacterium alkanivorans,1071719,Chromobacterium alkanivorans,0,1,pcuac_only,NA,WP_205465910.1,1
sphingomonas arenae,2812555,Sphingomonas arenae,0,1,pcuac_only,NA,WP_205478323.1,1
pseudomonas hygromyciniae,2812000,Pseudomonas hygromyciniae,0,1,pcuac_only,NA,WP_205478906.1,1
aliamphritea spongicola,707589,Aliamphritea spongicola,0,1,pcuac_only,NA,WP_205660008.1,1
massilia horti,2562153,Massilia horti,0,1,pcuac_only,NA,WP_206076864.1,1
chromobacterium fluminis,3044269,Chromobacterium fluminis,0,1,pcuac_only,NA,WP_206118773.1,1
agrobacterium burrii,2815339,Agrobacterium burrii,0,1,pcuac_only,NA,WP_207132956.1,1
methylobacterium indicum,1775910,Methylobacterium indicum,0,1,pcuac_only,NA,WP_207180582.1,1
thiothrix fructosivorans,111770,Thiothrix fructosivorans,0,1,pcuac_only,NA,WP_207249705.1,1
jiella flava,2816857,Jiella flava,0,1,pcuac_only,NA,WP_207255652.1,1
myceligenerans salitolerans,1230528,Myceligenerans salitolerans,0,1,pcuac_only,NA,WP_207276535.1,1
jiella sonneratiae,2816856,Jiella sonneratiae,0,1,pcuac_only,NA,WP_207352622.1,1
alcaligenes parafaecalis,171260;171260;2813780;507,Alcaligenes parafaecalis,0,1,pcuac_only,NA,WP_207873876.1,1
ottowia testudinis,2816950,Ottowia testudinis,0,1,pcuac_only,NA,WP_208008886.1,1
pseudomonas schmalbachii,2816993,Pseudomonas schmalbachii,0,1,pcuac_only,NA,WP_208312757.1,1
pseudaestuariivita rosea,2763263,Pseudaestuariivita rosea,0,1,pcuac_only,NA,WP_208352900.1,1
bartonella phoceensis,270249,Bartonella phoceensis,0,1,pcuac_only,NA,WP_208435547.1,1
bartonella raoultii,1457020,Bartonella raoultii,0,1,pcuac_only,NA,WP_208441255.1,1
bartonella capreoli,155192;165694;773,Bartonella;Bartonella capreoli;Bartonella schoenbuchensis,0,1,pcuac_only,NA,WP_208540759.1,1
micromonospora antibiotica,2807623,Micromonospora antibiotica,0,1,pcuac_only,NA,WP_208566958.1,1
ectopseudomonas guguanensis,1198456,Ectopseudomonas guguanensis,0,1,pcuac_only,NA,WP_208598824.1,1
pseudovibrio denitrificans,1236962;258256;258255;258256;911045,Pseudovibrio;Pseudovibrio denitrificans;Pseudovibrio sp. FO-BEG1,0,1,pcuac_only,NA,WP_208609065.1,1
vreelandella populi,2498858;2730357;2730854;2730914;28256,Halomonadaceae;Vreelandella populi;Halomonas sp. PA5;Halomonas sp. TA6;Halomonas sp. TA22,0,1,pcuac_only,NA,WP_208656024.1,1
psychrosphaera ytuae,2820710,Psychrosphaera ytuae,0,1,pcuac_only,NA,WP_208831103.1,1
pseudoalteromonas xiamenensis,882626,Pseudoalteromonas xiamenensis,0,1,pcuac_only,NA,WP_208841733.1,1
pseudovibrio axinellae,989403,Pseudovibrio axinellae,0,1,pcuac_only,NA,WP_208979235.1,1
unclassified pseudovibrio,1735583;2627060;989396;1735584;2627060;989397;1922223;2627060;989436,Pseudovibrio sp. Ad5;Pseudovibrio sp. Alg231-02;unclassified Pseudovibrio,0,1,pcuac_only,NA,WP_208980483.1,1
pseudovibrio brasiliensis,1898042;258255;3141374;3712134;3712135;3712136;3712137;3712138;3712139;3712140;3712141;3712142;3712143;439495,Pseudovibrio;Pseudovibrio sp. JE062;Pseudovibrio brasiliensis;Pseudovibrio sp. SCP19;Pseudovibrio sp. SCP18;Pseudovibrio sp. SCP20;Pseudovibrio sp. SCP21;Pseudovibrio sp. SCP23;Pseudovibrio sp. SCP24;Pseudovibrio sp. SCP26;Pseudovibrio sp. SCP27;Pseudovibrio sp. SCP28;Pseudovibrio sp. SCP29;Pseudovibrio sp. SCP30,0,1,pcuac_only,NA,WP_208982312.1,1
acuticoccus sediminis,2184697,Acuticoccus sediminis,0,1,pcuac_only,NA,WP_208990526.1,1
xanthomonas hawaiiensis,2821272;3003247;338;3003247,Xanthomonas hawaiiensis,0,1,pcuac_only,NA,WP_209029485.1,1
paracoccus maritimus,265;267;2821097;2821098;2933292,Paracoccus;Paracoccus sp. (in: a-proteobacteria);Paracoccus sp. R12_1;Paracoccus sp. R12_2;Paracoccus maritimus,0,1,pcuac_only,NA,WP_209057945.1,1
unclassified shimia,2630038;2821111;2821112;2821113,unclassified Shimia;Shimia sp. R9_1;Shimia sp. R9_2;Shimia sp. R9_3,0,1,pcuac_only,NA,WP_209061710.1,1
sulfitobacter faviae,1775881;1775881;1903071;2731127;2731128;2731129;2731130;2731131;2731132;2731133;2731134;2731135;2731136;2731137;2731138;2731139;2731140;2731141;2731142;2731143;3368558;3368559;3368560;3368561;3368562;3368563;3368564;3368565;3368566;3368567;3368568;3368569;3368571;3368572;3368573;3368574;3368575;3368577;3368578;3368579;3368580;3368587;3368588;60136;1775881;2731144;2731145;2731146;2731147;2731148;2731149;3368581;3368592;3368597;3368599;60136;1775881;2854170;2917556;3368563;3368572;3368574;3368582;3368583;3368584;3368585;3368586;3368595,Sulfitobacter faviae,0,1,pcuac_only,NA,WP_271689063.1,1
streptomyces montanisoli,2798581,Streptomyces montanisoli,0,1,pcuac_only,NA,WP_209339271.1,1
roseomonas indoligenes,2820811,Roseomonas indoligenes,0,1,pcuac_only,NA,WP_209372397.1,1
billgrantia antri,2846777,Billgrantia antri,0,1,pcuac_only,NA,WP_209473559.1,1
xanthobacter flavus,281,Xanthobacter flavus,0,1,pcuac_only,NA,WP_209487523.1,1
aureimonas populi,1701758,Aureimonas populi,0,1,pcuac_only,NA,WP_209739682.1,1
cupriavidus consociatus,2821357,Cupriavidus consociatus,0,1,pcuac_only,NA,WP_209763629.1,1
rubellimicrobium aerolatum,490979,Rubellimicrobium aerolatum,0,1,pcuac_only,NA,WP_209839691.1,1
rhizobium herbae,508661,Rhizobium herbae,0,1,pcuac_only,NA,WP_209847015.1,1
heterorhizobium halophytocola,735519,Heterorhizobium halophytocola,0,1,pcuac_only,NA,WP_209945449.1,1
pseudomonas alliivorans,2810613,Pseudomonas alliivorans,0,1,pcuac_only,NA,WP_210042803.1,1
neorhizobium petrolearium,515361,Neorhizobium petrolearium,0,1,pcuac_only,NA,WP_210056455.1,1
neorhizobium galegae,399,Neorhizobium galegae,0,1,pcuac_only,NA,WP_488760477.1,1
thiothrix unzii,111769,Thiothrix unzii,0,1,pcuac_only,NA,WP_210219082.1,1
thiothrix litoralis,2891210,Thiothrix litoralis,0,1,pcuac_only,NA,WP_210221519.1,1
candidatus thiothrix,2823902,Candidatus Thiothrix anitrata,0,1,pcuac_only,NA,WP_210228172.1,1
motiliproteus sediminis,1468178,Motiliproteus sediminis,0,1,pcuac_only,NA,WP_210394842.1,1
microvirga antarctica,2819233,Microvirga antarctica,0,1,pcuac_only,NA,WP_210496366.1,1
rubellimicrobium arenae,2817372,Rubellimicrobium arenae,0,1,pcuac_only,NA,WP_210527161.1,1
ideonella aquatica,2824119,Ideonella aquatica,0,1,pcuac_only,NA,WP_210801763.1,1
ideonella alba,2824118,Ideonella alba,0,1,pcuac_only,NA,WP_210856072.1,1
roseovarius autotrophicus,2824121,Roseovarius autotrophicus,0,1,pcuac_only,NA,WP_210878263.1,1
skermanella rosea,1817965,Skermanella rosea,0,1,pcuac_only,NA,WP_211111181.1,1
bradyrhizobium iriomotense,441950,Bradyrhizobium iriomotense,0,1,pcuac_only,NA,WP_284263513.1,1
collimonas humicola,2825886,Collimonas humicola,0,1,pcuac_only,NA,WP_211442291.1,1
collimonas antrihumi,1940615,Collimonas antrihumi,0,1,pcuac_only,NA,WP_211452519.1,1
comamonas brasiliensis,1812482,Comamonas brasiliensis,0,1,pcuac_only,NA,WP_211459789.1,1
collimonas silvisoli,2825884,Collimonas silvisoli,0,1,pcuac_only,NA,WP_211462524.1,1
unclassified moritella,2637987;2746232;2746233,unclassified Moritella;Moritella sp. 28;Moritella sp. 36,0,1,pcuac_only,NA,WP_211676118.1,1
falsirhodobacter algicola,2692330,Falsirhodobacter algicola,0,1,pcuac_only,NA,WP_211785544.1,1
kistimonas asteriae,517724,Kistimonas asteriae,0,1,pcuac_only,NA,WP_211830584.1,1
neoroseomonas eburnea,1346889,Neoroseomonas eburnea,0,1,pcuac_only,NA,WP_211846336.1,1
tardiphaga alba,340268,Tardiphaga alba,0,1,pcuac_only,NA,WP_211910395.1,1
bradyrhizobium liaoningense,2599802;374;43992;3395912;3395915;374;43992;43992,Bradyrhizobium;Bradyrhizobium liaoningense;Bradyrhizobium sp. TM239,0,1,pcuac_only,NA,WP_212407934.1,1
bradyrhizobium arachidis,374;858423;989370;858423,Bradyrhizobium arachidis,0,1,pcuac_only,NA,WP_408918054.1,1
thetidibacter halocola,2827239,Thetidibacter halocola,0,1,pcuac_only,NA,WP_212536575.1,1
devosia litorisediminis,2829817,Devosia litorisediminis,0,1,pcuac_only,NA,WP_212659518.1,1
affinundibacterium fentianense,2828728,Affinundibacterium fentianense,0,1,pcuac_only,NA,WP_212676499.1,1
affinundibacterium baiyunense,2828731,Affinundibacterium baiyunense,0,1,pcuac_only,NA,WP_212684161.1,1
thalassovita aquimarina,2785917,Thalassovita aquimarina,0,1,pcuac_only,NA,WP_212700491.1,1
arcobacter arenosus,2576037,Arcobacter arenosus,0,1,pcuac_only,NA,WP_212744973.1,1
kaustia mangrovi,2593653,Kaustia mangrovi,0,1,pcuac_only,NA,WP_213161487.1,1
ancylobacter oerskovii,459519,Ancylobacter oerskovii,0,1,pcuac_only,NA,WP_213355388.1,1
ancylobacter defluvii,1282440,Ancylobacter defluvii,0,1,pcuac_only,NA,WP_213363779.1,1
ancylobacter dichloromethanicus,518825,Ancylobacter dichloromethanicus,0,1,pcuac_only,NA,WP_213371221.1,1
marinobacter lipolyticus,209639,Marinobacter lipolyticus,0,1,pcuac_only,NA,WP_213476598.1,1
pseudochrobactrum algeriensis,2834768,Pseudochrobactrum algeriensis,0,1,pcuac_only,NA,WP_213596074.1,1
pseudomonas lalucatii,1424203,Pseudomonas lalucatii,0,1,pcuac_only,NA,WP_213641363.1,1
ancylobacter radicis,2836179,Ancylobacter radicis,0,1,pcuac_only,NA,WP_213756477.1,1
halomonas jincaotanensis,2810616,Halomonas jincaotanensis,0,1,pcuac_only,NA,WP_213824352.1,1
pseudohalocynthiibacter aestuariivivens,1591409;1759417;2926418,Pseudohalocynthiibacter aestuariivivens;Pseudohalocynthiibacter;Pseudohalocynthiibacter sp. F2068,0,1,pcuac_only,NA,WP_213888824.1,1
tianweitania aestuarii,2814886,Tianweitania aestuarii,0,1,pcuac_only,NA,WP_213982811.1,1
ancylobacter sonchi,1937790,Ancylobacter sonchi,0,1,pcuac_only,NA,WP_214010770.1,1
denitromonas iodatirespirans,2795389,Denitromonas iodatirespirans,0,1,pcuac_only,NA,WP_214363049.1,1
aminobacter anthyllidis,1035067,Aminobacter anthyllidis,0,1,pcuac_only,NA,WP_214392819.1,1
polynucleobacter paneuropaeus,2527775,Polynucleobacter paneuropaeus,0,1,pcuac_only,NA,WP_215278957.1,1
phenylobacterium glaciei,2803784,Phenylobacterium glaciei,0,1,pcuac_only,NA,WP_215338202.1,1
polynucleobacter ibericus,1819725,Polynucleobacter ibericus,0,1,pcuac_only,NA,WP_215359454.1,1
metapseudomonas boanensis,2822138,Metapseudomonas boanensis,0,1,pcuac_only,NA,WP_215375592.1,1
rheinheimera oceanensis,2817449,Rheinheimera oceanensis,0,1,pcuac_only,NA,WP_215396591.1,1
gemmobacter fulvus,2840474,Gemmobacter fulvus,0,1,pcuac_only,NA,WP_215507457.1,1
bradyrhizobium sediminis,2840469,Bradyrhizobium sediminis,0,1,pcuac_only,NA,WP_215601773.1,1
paludibacterium flexuosum,2806263;3112107;400060,Paludibacterium;Paludibacterium sp. B53371;Paludibacterium flexuosum,0,1,pcuac_only,NA,WP_215780177.1,1
amphritea atlantica,3062682;355243;515417,Amphritea atlantica;Amphritea;Amphritea sp. 2_MG-2023,0,1,pcuac_only,NA,WP_215950761.1,1
shimia thalassica,1715693,Shimia thalassica,0,1,pcuac_only,NA,WP_215970645.1,1
paracoccus marinaquae,2841926,Paracoccus marinaquae,0,1,pcuac_only,NA,WP_216031272.1,1
unclassified octadecabacter,196158;2841570;3062636,unclassified Octadecabacter;Octadecabacter sp. B2R22;Octadecabacter sp. 1_MG-2023,0,1,pcuac_only,NA,WP_216038253.1,1
uncultured psychrosphaera,1403522;2044854;2841560;907197,Psychrosphaera;uncultured Psychrosphaera sp.;Psychrosphaera aquimarina;Psychrosphaera sp. F3M07,0,1,pcuac_only,NA,WP_216056088.1,1
azospira inquinata,2785627,Azospira inquinata,0,1,pcuac_only,NA,WP_216128986.1,1
polynucleobacter nymphae,2081043,Polynucleobacter nymphae,0,1,pcuac_only,NA,WP_216132746.1,1
polynucleobacter finlandensis,1855894,Polynucleobacter finlandensis,0,1,pcuac_only,NA,WP_216166754.1,1
polynucleobacter bastaniensis,2081039,Polynucleobacter bastaniensis,0,1,pcuac_only,NA,WP_216170417.1,1
polynucleobacter alcilacus,1819739,Polynucleobacter alcilacus,0,1,pcuac_only,NA,WP_216175466.1,1
polynucleobacter parvulilacunae,1855631,Polynucleobacter parvulilacunae,0,1,pcuac_only,NA,WP_216189681.1,1
falsiroseomonas oleicola,2801474;3317349;3385906,Falsiroseomonas oleicola;Roseomonas sp. CGMCC 1.13459;Roseomonadaceae,0,1,pcuac_only,NA,WP_216874092.1,1
reyranella humidisoli,2849149,Reyranella humidisoli,0,1,pcuac_only,NA,WP_216964617.1,1
solemya elarraichensis,1918949,Solemya elarraichensis gill symbiont,0,1,pcuac_only,NA,WP_217349016.1,1
arsukibacterium indicum,2848612,Arsukibacterium indicum,0,1,pcuac_only,NA,WP_217671039.1,1
falsochrobactrum tianjinense,2706015,Falsochrobactrum tianjinense,0,1,pcuac_only,NA,WP_217676246.1,1
geopseudomonas aromaticivorans,2849492,Geopseudomonas aromaticivorans,0,1,pcuac_only,NA,WP_217683518.1,1
thalassococcus arenae,2851652,Thalassococcus arenae,0,1,pcuac_only,NA,WP_217776359.1,1
pseudomonas fakonensis,2842355,Pseudomonas fakonensis,0,1,pcuac_only,NA,WP_217839028.1,1
pseudomonas muyukensis,2842357,Pseudomonas muyukensis,0,1,pcuac_only,NA,WP_217847415.1,1
pseudomonas triticicola,2842345,Pseudomonas triticicola,0,1,pcuac_only,NA,WP_217864474.1,1
pseudomonas maumuensis,2842354,Pseudomonas maumuensis,0,1,pcuac_only,NA,WP_217866089.1,1
pseudomonas khavaziana,2842351,Pseudomonas khavaziana,0,1,pcuac_only,NA,WP_217882812.1,1
pseudomonas xanthosomatis,2842356,Pseudomonas xanthosomatis,0,1,pcuac_only,NA,WP_217884720.1,1
candidimonas humi,683355,Candidimonas humi,0,1,pcuac_only,NA,WP_217962889.1,1
blastococcus aggregatus,38502,Blastococcus aggregatus,0,1,pcuac_only,NA,WP_217991499.1,1
alteromonas antoniana,2803813,Alteromonas antoniana,0,1,pcuac_only,NA,WP_218311766.1,1
unclassified photobacterium,2628852;2790953;2790954;2628852;2827237;2913413;2913414,unclassified Photobacterium;Photobacterium sp. Ph5;Photobacterium sp. Ph6,0,1,pcuac_only,NA,WP_238029204.1,1
mameliella sediminis,2836866,Mameliella sediminis,0,1,pcuac_only,NA,WP_218448523.1,1
candidatus rickettsia,1436799;1967503;780;3115352,Candidatus Rickettsia kedanie,0,1,pcuac_only,NA,WP_218460071.1,1
nocardia iowensis,204891,Nocardia iowensis,0,1,pcuac_only,NA,WP_218469095.1,1
vineibacter terrae,2586908,Vineibacter terrae,0,1,pcuac_only,NA,WP_218578405.1,1
sedimentimonas flavescens,2851012,Sedimentimonas flavescens,0,1,pcuac_only,NA,WP_218628914.1,1
gymnodinialimonas ceratoperidinii,2856823,Gymnodinialimonas ceratoperidinii,0,1,pcuac_only,NA,WP_219004055.1,1
neorhizobium populisoli,2859785,Neorhizobium populisoli,0,1,pcuac_only,NA,WP_219745194.1,1
sphingomonas citri,2862499,Sphingomonas citri,0,1,pcuac_only,NA,WP_219750681.1,1
paracoccus bogoriensis,242065,Paracoccus bogoriensis,0,1,pcuac_only,NA,WP_483610781.1,1
shewanella alkalitolerans,2864209,Shewanella alkalitolerans,0,1,pcuac_only,NA,WP_220044151.1,1
shewanella acanthi,2864212,Shewanella acanthi,0,1,pcuac_only,NA,WP_220051302.1,1
shewanella halotolerans,2864204,Shewanella halotolerans,0,1,pcuac_only,NA,WP_220059821.1,1
shewanella aegiceratis,2864203,Shewanella aegiceratis,0,1,pcuac_only,NA,WP_220073017.1,1
shewanella spartinae,2864205,Shewanella spartinae,0,1,pcuac_only,NA,WP_220079817.1,1
shewanella rhizosphaerae,2864207,Shewanella rhizosphaerae,0,1,pcuac_only,NA,WP_220082452.1,1
devosia salina,2860336,Devosia salina,0,1,pcuac_only,NA,WP_220305586.1,1
rhizobium mesosinicum,335017,Rhizobium mesosinicum,0,1,pcuac_only,NA,WP_220336154.1,1
rhizobium cauense,1166683,Rhizobium cauense,0,1,pcuac_only,NA,WP_220355115.1,1
shewanella hafniensis,22;3063538;3063540;365590;365590,Shewanella hafniensis,0,1,pcuac_only,NA,WP_220592032.1,1
neotabrizicola shimadae,2807096,Neotabrizicola shimadae,0,1,pcuac_only,NA,WP_220660674.1,1
agarivorans litoreus,1510455,Agarivorans litoreus,0,1,pcuac_only,NA,WP_220718983.1,1
jannaschia pagri,188905;2829796;2829797,Jannaschia;Jannaschia sp. AI_61;Jannaschia pagri,0,1,pcuac_only,NA,WP_220747037.1,1
uncultured shewanella,173975;173975;22;2815912;3050637,uncultured Shewanella sp.,0,1,pcuac_only,NA,WP_220752149.1,1
shewanella sairae,190310,Shewanella sairae,0,1,pcuac_only,NA,WP_220779052.1,1
pseudomonas paralcaligenes,2772558,Pseudomonas paralcaligenes,0,1,pcuac_only,NA,WP_220815540.1,1
quisquiliibacterium transsilvanicum,1549638,Quisquiliibacterium transsilvanicum,0,1,pcuac_only,NA,WP_221302772.1,1
pseudomonas baetica,286;3364443;674054,Pseudomonas;Pseudomonas baetica;Pseudomonas sp. NPDC087615,0,1,pcuac_only,NA,WP_221733420.1,1
methyloradius palustris,2778876,Methyloradius palustris,0,1,pcuac_only,NA,WP_221765027.1,1
alteraquisediminimonas sediminicola,2676787,Alteraquisediminimonas sediminicola,0,1,pcuac_only,NA,WP_221795299.1,1
maritalea mobilis,483324,Maritalea mobilis,0,1,pcuac_only,NA,WP_222191057.1,1
microbulbifer agarilyticus,260552,Microbulbifer agarilyticus,0,1,pcuac_only,NA,WP_222231593.1,1
ferrimonas balearica,44012,Ferrimonas balearica,0,1,pcuac_only,NA,WP_222524726.1,1
nitratireductor kimnyeongensis,430679,Nitratireductor kimnyeongensis,0,1,pcuac_only,NA,WP_223019857.1,1
nocardioides rotundus,1774216,Nocardioides rotundus,0,1,pcuac_only,NA,WP_223398124.1,1
tateyamaria pelophila,328415,Tateyamaria pelophila,0,1,pcuac_only,NA,WP_223424403.1,1
alcanivorax limicola,2874102,Alcanivorax limicola,0,1,pcuac_only,NA,WP_223424406.1,1
massilia soli,2792854,Massilia soli,0,1,pcuac_only,NA,WP_223467557.1,1
oricola indica,2872591,Oricola indica,0,1,pcuac_only,NA,WP_473977079.1,1
stenotrophomonas indicatrix,2045451;2045451;3232730;40323,Stenotrophomonas indicatrix,0,1,pcuac_only,NA,WP_223494510.1,1
phyllobacterium calauticae,1871046;2804618;2804619;2804635;28100;2817027;28100;2817027;3364404;2817027,Phyllobacterium;Phyllobacterium calauticae;Phyllobacterium sp. NPDC097923,0,1,pcuac_only,NA,WP_223612229.1,1
pseudomonas nanhaiensis,2830842,Pseudomonas nanhaiensis,0,1,pcuac_only,NA,WP_223655779.1,1
microvirga puerhi,2876078,Microvirga puerhi,0,1,pcuac_only,NA,WP_224311607.1,1
phyllobacterium lublinensis,2875708,Phyllobacterium lublinensis,0,1,pcuac_only,NA,WP_224493076.1,1
celeribacter litoreus,2876714,Celeribacter litoreus,0,1,pcuac_only,NA,WP_224502014.1,1
devosia aquimaris,2866214,Devosia aquimaris,0,1,pcuac_only,NA,WP_224705546.1,1
xinfangfangia pollutisoli,2865960,Xinfangfangia pollutisoli,0,1,pcuac_only,NA,WP_225028969.1,1
massilia hydrophila,3044279,Massilia hydrophila,0,1,pcuac_only,NA,WP_225238827.1,1
nonomuraea gerenzanensis,93944,Nonomuraea gerenzanensis,0,1,pcuac_only,NA,WP_225270565.1,1
nonomuraea aurantiaca,2878562,Nonomuraea aurantiaca,0,1,pcuac_only,NA,WP_225300887.1,1
agrobacterium tomkonis,1368456;3422672;3422673;357,Agrobacterium;Agrobacterium tomkonis RTP8;Agrobacterium sp. 22-210-1;Agrobacterium sp. 22-211-1,0,1,pcuac_only,NA,WP_225339859.1,1
bradyrhizobium australafricanum,2821406,Bradyrhizobium australafricanum,0,1,pcuac_only,NA,WP_225647470.1,1
bradyrhizobium hereditatis,2821405,Bradyrhizobium hereditatis,0,1,pcuac_only,NA,WP_225669088.1,1
thalassolituus marinus,671053,Thalassolituus marinus,0,1,pcuac_only,NA,WP_225677487.1,1
thalassolituus alkanivorans,187492;2742965;2881055,Thalassolituus;Thalassolituus sp. ST750PaO-4;Thalassolituus alkanivorans,0,1,pcuac_only,NA,WP_225692237.1,1
bradyrhizobium cenepequi,2821403,Bradyrhizobium cenepequi,0,1,pcuac_only,NA,WP_454621601.1,1
bradyrhizobium semiaridum,2821404,Bradyrhizobium semiaridum,0,1,pcuac_only,NA,WP_225710901.1,1
ideonella benzenivorans,2831643,Ideonella benzenivorans,0,1,pcuac_only,NA,WP_225861482.1,1
terrihabitans soli,708113,Terrihabitans soli,0,1,pcuac_only,NA,WP_225873939.1,1
zeimonas arvi,2498847,Zeimonas arvi,0,1,pcuac_only,NA,WP_225878974.1,1
gemmobacter serpentinus,2652247,Gemmobacter serpentinus,0,1,pcuac_only,NA,WP_226341111.1,1
shewanella glacialimarina,2590884,Shewanella glacialimarina,0,1,pcuac_only,NA,WP_226413336.1,1
dechloromonas denitrificans,281362,Dechloromonas denitrificans,0,1,pcuac_only,NA,WP_226419501.1,1
quatrionicoccus australiensis,138118,Quatrionicoccus australiensis,0,1,pcuac_only,NA,WP_226440521.1,1
shewanella chilikensis,22;558541;768528;558541,Shewanella chilikensis,0,1,pcuac_only,NA,WP_226684193.1,1
microvirga lenta,2881337,Microvirga lenta,0,1,pcuac_only,NA,WP_226738305.1,1
alishewanella maricola,111142;2795740;2994676;3461144;3461145,Alishewanella;Alishewanella maricola;Alishewanella sp. SMS8;Alishewanella sp. HL-SH06;Alishewanella sp. HL-SH05,0,1,pcuac_only,NA,WP_226749530.1,1
methylobacillus caricis,1971611,Methylobacillus caricis,0,1,pcuac_only,NA,WP_226756863.1,1
methylobacillus gramineus,755169,Methylobacillus gramineus,0,1,pcuac_only,NA,WP_226770573.1,1
pseudorhizobium xiangyangii,2883104,Pseudorhizobium xiangyangii,0,1,pcuac_only,NA,WP_226785585.1,1
fulverythrobacter ferritrahens,2755038,Fulverythrobacter ferritrahens,0,1,pcuac_only,NA,WP_226796195.1,1
pseudogemmobacter faecipullorum,2755041,Pseudogemmobacter faecipullorum,0,1,pcuac_only,NA,WP_226937725.1,1
marinobacter xestospongiae,2742;2817656;994319;994319,Marinobacter xestospongiae,0,1,pcuac_only,NA,WP_227172011.1,1
leeia speluncae,2884804,Leeia speluncae,0,1,pcuac_only,NA,WP_227181305.1,1
acidisoma silvae,2802396,Acidisoma silvae,0,1,pcuac_only,NA,WP_227321691.1,1
roseitranquillus sediminis,2809051,Roseitranquillus sediminis,0,1,pcuac_only,NA,WP_227420072.1,1
marinobacter vulgaris,1928331,Marinobacter vulgaris,0,1,pcuac_only,NA,WP_227538089.1,1
marinobacter halophilus,1323740,Marinobacter halophilus,0,1,pcuac_only,NA,WP_227663401.1,1
arthrobacter caoxuetaonis,1663;1667;2886935;2886935,Arthrobacter caoxuetaonis,0,1,pcuac_only,NA,WP_227894152.1,1
phyllobacterium meliloti,555317,Phyllobacterium meliloti,0,1,pcuac_only,NA,WP_227987381.1,1
venatoribacter cucullus,2661630,Venatoribacter cucullus,0,1,pcuac_only,NA,WP_228344965.1,1
halarcobacter ebronensis,1462615;1462615;2321115;2321133,Halarcobacter ebronensis;Halarcobacter;Halarcobacter sp.,0,1,pcuac_only,NA,WP_417332966.1,1
halocynthiibacter styelae,2761955,Halocynthiibacter styelae,0,1,pcuac_only,NA,WP_228847961.1,1
bradyrhizobium altum,1571202,Bradyrhizobium altum,0,1,pcuac_only,NA,WP_229170342.1,1
bradyrhizobium oropedii,1571201,Bradyrhizobium oropedii,0,1,pcuac_only,NA,WP_229183770.1,1
bradyrhizobium acaciae,2683706,Bradyrhizobium acaciae,0,1,pcuac_only,NA,WP_229196622.1,1
unclassified rheinheimera,115860;2892446;2910157,unclassified Rheinheimera;Rheinheimera sp. UJ51;Rheinheimera sp. UJ63,0,1,pcuac_only,NA,WP_229585323.1,1
pseudomonas oryzagri,2892443,Pseudomonas oryzagri,0,1,pcuac_only,NA,WP_229606468.1,1
paracoccus acridae,1795310,Paracoccus acridae,0,1,pcuac_only,NA,WP_229665369.1,1
neptunicoccus cionae,2035344,Neptunicoccus cionae,0,1,pcuac_only,NA,WP_229678577.1,1
marinobacterium zhoushanense,1679163,Marinobacterium zhoushanense,0,1,pcuac_only,NA,WP_229680716.1,1
aidingimonas halophila,574349,Aidingimonas halophila,0,1,pcuac_only,NA,WP_229806399.1,1
aliiroseovarius zhejiangensis,1632025,Aliiroseovarius zhejiangensis,0,1,pcuac_only,NA,WP_229836658.1,1
campylobacter suis,2790657,Campylobacter suis,0,1,pcuac_only,NA,WP_230057397.1,1
methylovorus menthalis,1002227,Methylovorus menthalis,0,1,pcuac_only,NA,WP_230335977.1,1
methylobacillus arboreus,755170,Methylobacillus arboreus,0,1,pcuac_only,NA,WP_230342008.1,1
methylovorus mays,184077,Methylovorus mays,0,1,pcuac_only,NA,WP_230344196.1,1
methylobacillus methanolivorans,1848927,Methylobacillus methanolivorans,0,1,pcuac_only,NA,WP_230346968.1,1
microvirga roseola,2883126,Microvirga roseola,0,1,pcuac_only,NA,WP_230534378.1,1
uncultured reyranella,2035356;735512;735512,uncultured Reyranella sp.,0,1,pcuac_only,NA,WP_230552482.1,1
seohaeicola saemankumensis,2042026;481178;481181;481181,Seohaeicola saemankumensis,0,1,pcuac_only,NA,WP_230801484.1,1
pseudomonas wenzhouensis,2906062,Pseudomonas wenzhouensis,0,1,pcuac_only,NA,WP_230927757.1,1
dietzia aurantiaca,983873,Dietzia aurantiaca,0,1,pcuac_only,NA,WP_230930592.1,1
thiomicrolovo sulfuroxydans,2771471;2894755;3400151,Sulfurimonadaceae;Thiomicrolovo sulfuroxydans;Sulfurimonas sp. ST-25,0,1,pcuac_only,NA,WP_231018818.1,1
massilia phyllostachyos,2898585,Massilia phyllostachyos,0,1,pcuac_only,NA,WP_231057442.1,1
bradyrhizobium ontarionense,2898149,Bradyrhizobium ontarionense,0,1,pcuac_only,NA,WP_231324729.1,1
pseudomonas californiensis,2829823,Pseudomonas californiensis,0,1,pcuac_only,NA,WP_231652950.1,1
ottowia caeni,2870339,Ottowia caeni,0,1,pcuac_only,NA,WP_231693539.1,1
microbulbifer elongatus,86173,Microbulbifer elongatus,0,1,pcuac_only,NA,WP_231759317.1,1
pelagibacterium xiamenense,2901140,Pelagibacterium xiamenense,0,1,pcuac_only,NA,WP_231803611.1,1
pseudomonas petroselini,2899822,Pseudomonas petroselini,0,1,pcuac_only,NA,WP_231808430.1,1
azotobacter vinelandii,1283330;1283331;3083257;322710;352;354;1314750;354,Azotobacter;Azotobacter vinelandii;Azotobacter vinelandii DJ;Azotobacter vinelandii CA;Azotobacter vinelandii CA6;Azotobacter sp. NL3,0,1,pcuac_only,NA,WP_231876257.1,1
pseudomonas uvaldensis,2878385,Pseudomonas uvaldensis,0,1,pcuac_only,NA,WP_232777242.1,1
pseudomonas parasichuanensis,286;2892329;2903144,Pseudomonas;Pseudomonas parasichuanensis;Pseudomonas sp. NMI795_08,0,1,pcuac_only,NA,WP_232879789.1,1
rhodopseudomonas boonkerdii,475937,Rhodopseudomonas boonkerdii,0,1,pcuac_only,NA,WP_233024646.1,1
motilimonas cestriensis,2742685,Motilimonas cestriensis,0,1,pcuac_only,NA,WP_233052085.1,1
motilimonas eburnea,1737488,Motilimonas eburnea,0,1,pcuac_only,NA,WP_233070692.1,1
rheinheimera soli,443616,Rheinheimera soli,0,1,pcuac_only,NA,WP_233078456.1,1
rhodobacter flavimaris,2907145,Rhodobacter flavimaris,0,1,pcuac_only,NA,WP_233676723.1,1
unclassified xanthobacter,2623496;2744458;2744459;2744460;2744462;2744463;2744464;2744466;2744467;2744468;2623496;2744461;2744465,unclassified Xanthobacter;Xanthobacter sp. NFM-26;Xanthobacter sp. NM-25,0,1,pcuac_only,NA,WP_234053916.1,1
sphingobium sufflavum,1129547,Sphingobium sufflavum,0,1,pcuac_only,NA,WP_234151661.1,1
billgrantia aerodenitrificans,2733483;2733485;28256,Halomonadaceae;Billgrantia aerodenitrificans;Halomonas sp. MCCC 1A11062,0,1,pcuac_only,NA,WP_234253651.1,1
billgrantia ethanolica,2733486,Billgrantia ethanolica,0,1,pcuac_only,NA,WP_234270247.1,1
billgrantia zhangzhouensis,2733481,Billgrantia zhangzhouensis,0,1,pcuac_only,NA,WP_234275686.1,1
halomonas alkalisoli,2907158,Halomonas alkalisoli,0,1,pcuac_only,NA,WP_234280985.1,1
noviherbaspirillum pedocola,2801341,Noviherbaspirillum pedocola,0,1,pcuac_only,NA,WP_234484072.1,1
thermus brockianus,270;2908148;56956,Thermus;Thermus brockianus;Thermus hydrothermalis,0,1,pcuac_only,NA,WP_234507415.1,1
bradyrhizobium monzae,2876780,Bradyrhizobium monzae,0,1,pcuac_only,NA,WP_234683921.1,1
gillisella ampelina,3025782,Gillisella ampelina,0,1,pcuac_only,NA,WP_234689127.1,1
paracoccus everestensis,2903900,Paracoccus everestensis,0,1,pcuac_only,NA,WP_234853918.1,1
corynebacterium aquatimens,1190508;1716;2815361,Corynebacterium;Corynebacterium aquatimens;Corynebacterium sp. CNCTC7651,0,1,pcuac_only,NA,WP_234947015.1,1
sphingomonas cremea,2904799,Sphingomonas cremea,0,1,pcuac_only,NA,WP_235066067.1,1
archangium violaceum,1406225;83451;83451,Archangium violaceum,0,1,pcuac_only,NA,WP_235217077.1,1
octadecabacter dasysiphoniae,2909341,Octadecabacter dasysiphoniae,0,1,pcuac_only,NA,WP_235226814.1,1
octadecabacter algicola,2909342,Octadecabacter algicola,0,1,pcuac_only,NA,WP_235261135.1,1
paraglaciecola algarum,3050085,Paraglaciecola algarum,0,1,pcuac_only,NA,WP_235310854.1,1
pseudomonas bubulae,2316085,Pseudomonas bubulae,0,1,pcuac_only,NA,WP_235573472.1,1
paracoccus salsus,2911061,Paracoccus salsus,0,1,pcuac_only,NA,WP_235755952.1,1
rhizobium alarense,2846851,Rhizobium alarense,0,1,pcuac_only,NA,WP_235769268.1,1
pelagimonas phthalicica,1037362;1715691;204455,Rhodobacterales;Pelagimonas phthalicica;Cognatishimia activa,0,1,pcuac_only,NA,WP_235872036.1,1
martelella alba,2590451,Martelella alba,0,1,pcuac_only,NA,WP_235890725.1,1
aliihoeflea aestuarii,2341112;2682781;3031761;356;453840,Hyphomicrobiales;Aliihoeflea aestuarii;Georhizobium profundi;Neoaquamicrobium microcysteis;Mesorhizobium sp. YIM 152430,0,1,pcuac_only,NA,WP_235897755.1,1
siccirubricoccus phaeus,2595053,Siccirubricoccus phaeus,0,1,pcuac_only,NA,WP_235907870.1,1
devosia aurantiaca,2714858,Devosia aurantiaca,0,1,pcuac_only,NA,WP_235935553.1,1
zavarzinia marina,2911065,Zavarzinia marina,0,1,pcuac_only,NA,WP_236106487.1,1
pseudomonas pseudonitroreducens,286;2892326;2975367;2975402;2975431;2892326,Pseudomonas pseudonitroreducens,0,1,pcuac_only,NA,WP_236174164.1,1
thiothrix winogradskyi,96472,Thiothrix winogradskyi,0,1,pcuac_only,NA,WP_236499426.1,1
anaerolinea thermolimosa,229919,Anaerolinea thermolimosa,0,1,pcuac_only,NA,WP_236822370.1,1
methylobacterium synurae,2718876,Methylobacterium synurae,0,1,pcuac_only,NA,WP_236989211.1,1
oryzibacter oryziterrae,2766474,Oryzibacter oryziterrae,0,1,pcuac_only,NA,WP_237155037.1,1
paracoccus fontiphilus,1815556;265;2816048,Paracoccus;Paracoccus fontiphilus;Paracoccus shandongensis,0,1,pcuac_only,NA,WP_237168438.1,1
pseudomonas petrae,2912190,Pseudomonas petrae,0,1,pcuac_only,NA,WP_237251924.1,1
thiomicrorhabdus immobilis,2791037,Thiomicrorhabdus immobilis,0,1,pcuac_only,NA,WP_237260985.1,1
vibrio floridensis,2908007,Vibrio floridensis,0,1,pcuac_only,NA,WP_237286157.1,1
vibrio marisflavi,1216040;634439,Vibrio marisflavi CECT 7928;Vibrio marisflavi,0,1,pcuac_only,NA,WP_237360640.1,1
sinobacterium norvegicum,1641715,Sinobacterium norvegicum,0,1,pcuac_only,NA,WP_237444101.1,1
lichenibacterium dinghuense,2895977,Lichenibacterium dinghuense,0,1,pcuac_only,NA,WP_237477812.1,1
variovorax paradoxus,114708;1660152;1660153;1871043;1895865;3394349;34072;34073;34072;34073;3443734;34073,Variovorax paradoxus,0,1,pcuac_only,NA,WP_307591644.1,1
bradyrhizobium zhengyangense,1630885;2911009;3252636;3252637;374,Bradyrhizobium;Bradyrhizobium sp. CCBAU 11434;Bradyrhizobium zhengyangense;Bradyrhizobium sp. GCM10023181;Bradyrhizobium sp. GCM10023182,0,1,pcuac_only,NA,WP_237861947.1,1
shewanella metallivivens,22;2872342;50422,Shewanella;Shewanella sp.;Shewanella metallivivens,0,1,pcuac_only,NA,WP_238106545.1,1
methylobacterium tardum,374432,Methylobacterium tardum,0,1,pcuac_only,NA,WP_238194000.1,1
methylobacterium aerolatum,418708,Methylobacterium aerolatum,0,1,pcuac_only,NA,WP_238201803.1,1
methylobacterium marchantiae,600331,Methylobacterium marchantiae,0,1,pcuac_only,NA,WP_238205490.1,1
methylobacterium isbiliense,315478,Methylobacterium isbiliense,0,1,pcuac_only,NA,WP_238237046.1,1
methylobacterium iners,418707,Methylobacterium iners,0,1,pcuac_only,NA,WP_238241818.1,1
methylobacterium jeotgali,1975531;1975532;381630;407;409,Methylobacterium;Methylobacterium sp.;Methylobacterium jeotgali;Methylobacterium sp. CG08_land_8_20_14_0_20_71_15;Methylobacterium sp. CG09_land_8_20_14_0_10_71_15,0,1,pcuac_only,NA,WP_238275360.1,1
luteimonas marina,488485,Luteimonas marina,0,1,pcuac_only,NA,WP_238333541.1,1
mesobacterium pallidum,2872037,Mesobacterium pallidum,0,1,pcuac_only,NA,WP_238365820.1,1
rhodopseudomonas infernalis,2897386,Rhodopseudomonas infernalis,0,1,pcuac_only,NA,WP_238737360.1,1
psychromonas antarctica,67573,Psychromonas antarctica,0,1,pcuac_only,NA,WP_238741257.1,1
allofranklinella schreckenbergeri,1076744,Allofranklinella schreckenbergeri,0,1,pcuac_only,NA,WP_238944075.1,1
billgrantia campisalis,74661,Billgrantia campisalis,0,1,pcuac_only,NA,WP_238975665.1,1
alteromonas genovensis,471225,Alteromonas genovensis,0,1,pcuac_only,NA,WP_239060107.1,1
snodgrassella gandavensis,2946698,Snodgrassella gandavensis,0,1,pcuac_only,NA,WP_239323919.1,1
shewanella aquimarina,22;260365;2908529,Shewanella;Shewanella aquimarina;Shewanella sp. Isolate8,0,1,pcuac_only,NA,WP_239852664.1,1
rhizobium halophilum,2846852,Rhizobium halophilum,0,1,pcuac_only,NA,WP_239997699.1,1
oleisolibacter albus,2171757,Oleisolibacter albus,0,1,pcuac_only,NA,WP_240002522.1,1
pseudomethylobacillus aquaticus,2676064,Pseudomethylobacillus aquaticus,0,1,pcuac_only,NA,WP_240032076.1,1
rheinheimera hassiensis,1193627,Rheinheimera hassiensis,0,1,pcuac_only,NA,WP_240223749.1,1
devosia lacusdianchii,2917991,Devosia lacusdianchii,0,1,pcuac_only,NA,WP_240232021.1,1
halomonas halocynthiae,1121940;176290,Halomonas halocynthiae;Halomonas halocynthiae DSM 14573,0,1,pcuac_only,NA,WP_240470519.1,1
halomonas flagellata,2920385,Halomonas flagellata,0,1,pcuac_only,NA,WP_240567950.1,1
paracoccus endophyticus,2233774,Paracoccus endophyticus,0,1,pcuac_only,NA,WP_240602476.1,1
sneathiella chinensis,349750,Sneathiella chinensis,0,1,pcuac_only,NA,WP_240953559.1,1
vibrio maerlii,2231648,Vibrio maerlii,0,1,pcuac_only,NA,WP_241033748.1,1
methylobacterium organophilum,410,Methylobacterium organophilum,0,1,pcuac_only,NA,WP_241100212.1,1
sphingomonas koreensis,1219046;93064,Sphingomonas koreensis;Sphingomonas koreensis NBRC 16723,0,1,pcuac_only,NA,WP_241230491.1,1
bartonella machadoae,2893471,Bartonella machadoae,0,1,pcuac_only,NA,WP_241437914.1,1
oceaniglobus indicus,2047749,Oceaniglobus indicus,0,1,pcuac_only,NA,WP_241523998.1,1
atopomonas sediminilitoris,2919919,Atopomonas sediminilitoris,0,1,pcuac_only,NA,WP_241585132.1,1
shinella sedimenti,2919913,Shinella sedimenti,0,1,pcuac_only,NA,WP_241597535.1,1
ancylobacter gelatini,2919920,Ancylobacter gelatini,0,1,pcuac_only,NA,WP_241616610.1,1
uncultured herbaspirillum,160236;1890675;1946590;863372;963;160236;2736665,Herbaspirillum;uncultured Herbaspirillum sp.;Herbaspirillum huttiense;Herbaspirillum sp.;Herbaspirillum sp. UBA812,0,1,pcuac_only,NA,WP_241821209.1,1
xanthomonas indica,2912242,Xanthomonas indica,0,1,pcuac_only,NA,WP_242082451.1,1
uncultured aliiroseovarius,1658783;1658783;2925839;1658783;2925840;1658783;3469914,uncultured Aliiroseovarius sp.,0,1,pcuac_only,NA,WP_242109684.1,1
mucispirillum schaedleri,248039,Mucispirillum schaedleri,0,1,pcuac_only,NA,WP_242347257.1,1
sphingomonas panni,237612,Sphingomonas panni,0,1,pcuac_only,NA,WP_242415223.1,1
phenylobacterium aquaticum,1763816,Phenylobacterium aquaticum,0,1,pcuac_only,NA,WP_242566640.1,1
corticibacter populi,1550736,Corticibacter populi,0,1,pcuac_only,NA,WP_242612414.1,1
thermus albus,2908146,Thermus albus,0,1,pcuac_only,NA,WP_243027912.1,1
pelistega ratti,2652177,Pelistega ratti,0,1,pcuac_only,NA,WP_243140682.1,1
variovorax terrae,2923278,Variovorax terrae,0,1,pcuac_only,NA,WP_243307581.1,1
microvirga solisilvae,2919498,Microvirga solisilvae,0,1,pcuac_only,NA,WP_243369758.1,1
roseicella frigidaeris,2230885,Roseicella frigidaeris,0,1,pcuac_only,NA,WP_243634446.1,1
aquabacterium commune,70586,Aquabacterium commune,0,1,pcuac_only,NA,WP_243738528.1,1
ancylobacter polymorphus,223390,Ancylobacter polymorphus,0,1,pcuac_only,NA,WP_244375524.1,1
sphingomicrobium astaxanthinifaciens,1227949,Sphingomicrobium astaxanthinifaciens,0,1,pcuac_only,NA,WP_244381402.1,1
tardiphaga robiniae,943830,Tardiphaga robiniae,0,1,pcuac_only,NA,WP_244499625.1,1
methylorubrum populi,223967,Methylorubrum populi,0,1,pcuac_only,NA,WP_244573496.1,1
arminella rhododendri,2506429;2506430;2506431;82115,Rhizobiaceae;Rhizobium sp. rho-1.1;Arminella rhododendri;Rhizobium sp. rho-13.1,0,1,pcuac_only,NA,WP_244615328.1,1
falsirhodobacter halotolerans,1146892,Falsirhodobacter halotolerans,0,1,pcuac_only,NA,WP_244737558.1,1
shinella curvata,1817964,Shinella curvata,0,1,pcuac_only,NA,WP_244760274.1,1
novosphingobium aerophilum,2839843,Novosphingobium aerophilum,0,1,pcuac_only,NA,WP_244970563.1,1
shinella yambaruensis,1870904;323620;415996,Shinella;Shinella yambaruensis;Shinella sp.,0,1,pcuac_only,NA,WP_245082308.1,1
sphingomicrobium aestuariivivum,1582356,Sphingomicrobium aestuariivivum,0,1,pcuac_only,NA,WP_245113109.1,1
peteryoungia algae,2919917,Peteryoungia algae,0,1,pcuac_only,NA,WP_245136974.1,1
xaviernesmea rhizosphaerae,1672749,Xaviernesmea rhizosphaerae,0,1,pcuac_only,NA,WP_245294717.1,1
fulvimarina endophytica,2293836,Fulvimarina endophytica,0,1,pcuac_only,NA,WP_245413779.1,1
rhizobium album,2182425,Rhizobium album,0,1,pcuac_only,NA,WP_245446096.1,1
archangium gephyra,48,Archangium gephyra,0,1,pcuac_only,NA,WP_245682572.1,1
thiohalomonas denitrificans,415747,Thiohalomonas denitrificans,0,1,pcuac_only,NA,WP_245688282.1,1
paracoccus isoporae,591205,Paracoccus isoporae,0,1,pcuac_only,NA,WP_245727267.1,1
marinobacter segnicrescens,2742;2886046;430453,Marinobacter;Marinobacter segnicrescens;Marinobacter sp. AN1,0,1,pcuac_only,NA,WP_245742470.1,1
flavimaricola marinus,1819565,Flavimaricola marinus,0,1,pcuac_only,NA,WP_245820550.1,1
thalassospira alkalitolerans,1293890,Thalassospira alkalitolerans,0,1,pcuac_only,NA,WP_245830026.1,1
thalassospira mesophila,1293891,Thalassospira mesophila,0,1,pcuac_only,NA,WP_245835236.1,1
roseovarius confluentis,1852027;2587846;3028381;74030,Roseovarius;Roseovarius confluentis;Roseovarius sp. THAF8;Roseovarius sp. SK2,0,1,pcuac_only,NA,WP_245890550.1,1
allobosea psychrotolerans,1871628,Allobosea psychrotolerans,0,1,pcuac_only,NA,WP_245928454.1,1
allostella humosa,94,Allostella humosa,0,1,pcuac_only,NA,WP_245978168.1,1
paracoccus luteus,2508543,Paracoccus luteus,0,1,pcuac_only,NA,WP_246026562.1,1
skermanella pratensis,2233999,Skermanella pratensis,0,1,pcuac_only,NA,WP_246148781.1,1
roseospira navarrensis,140058,Roseospira navarrensis,0,1,pcuac_only,NA,WP_246152471.1,1
blastochloris sulfoviridis,50712,Blastochloris sulfoviridis,0,1,pcuac_only,NA,WP_246164080.1,1
microvirga makkahensis,1128670,Microvirga makkahensis,0,1,pcuac_only,NA,WP_246215962.1,1
usitatibacter rugosus,2732067,Usitatibacter rugosus,0,1,pcuac_only,NA,WP_246232438.1,1
allomesorhizobium camelthorni,475069,Allomesorhizobium camelthorni,0,1,pcuac_only,NA,WP_246252202.1,1
aureimonas mangrovi,2758041,Aureimonas mangrovi,0,1,pcuac_only,NA,WP_246333155.1,1
limibacillus halophilus,1579333,Limibacillus halophilus,0,1,pcuac_only,NA,WP_455373292.1,1
roseateles terrae,431060,Roseateles terrae,0,1,pcuac_only,NA,WP_246410495.1,1
rhizobium viscosum,1673,Rhizobium viscosum,0,1,pcuac_only,NA,WP_246517218.1,1
streptomyces genisteinicus,2768068,Streptomyces genisteinicus,0,1,pcuac_only,NA,WP_246574363.1,1
antarcticirhabdus aurantiaca,2606717,Antarcticirhabdus aurantiaca,0,1,pcuac_only,NA,WP_246726920.1,1
burkholderia perseverans,2615214,Burkholderia perseverans,0,1,pcuac_only,NA,WP_246797197.1,1
kordiimonas laminariae,2917717,Kordiimonas laminariae,0,1,pcuac_only,NA,WP_247017348.1,1
kordiimonas marina,2872312,Kordiimonas marina,0,1,pcuac_only,NA,WP_247119075.1,1
ancylobacter koreensis,266121,Ancylobacter koreensis,0,1,pcuac_only,NA,WP_247202123.1,1
pseudorhizobium tarimense,1079109,Pseudorhizobium tarimense,0,1,pcuac_only,NA,WP_247245308.1,1
affinirhizobium lemnae,1214924,Affinirhizobium lemnae,0,1,pcuac_only,NA,WP_247261288.1,1
pseudomonas emilianonis,2915812,Pseudomonas emilianonis,0,1,pcuac_only,NA,WP_247404944.1,1
roseibium sediminicola,2933272,Roseibium sediminicola,0,1,pcuac_only,NA,WP_248149941.1,1
marinobacter bryozoorum,256324,Marinobacter bryozoorum,0,1,pcuac_only,NA,WP_248235752.1,1
idiomarina aminovorans,2914829,Idiomarina aminovorans,0,1,pcuac_only,NA,WP_248264176.1,1
neorhizobium turbinariae,2937795,Neorhizobium turbinariae,0,1,pcuac_only,NA,WP_248683408.1,1
agarivorans sediminis,261825;2937286;3467457,Agarivorans;Agarivorans sediminis;Agarivorans sp. MS3-6,0,1,pcuac_only,NA,WP_248714192.1,1
shewanella pneumatophori,314092,Shewanella pneumatophori,0,1,pcuac_only,NA,WP_248950620.1,1
shewanella electrodiphila,934143,Shewanella electrodiphila,0,1,pcuac_only,NA,WP_248955642.1,1
shewanella kaireitica,212021,Shewanella kaireitica,0,1,pcuac_only,NA,WP_248973507.1,1
shewanella abyssi,311789,Shewanella abyssi,0,1,pcuac_only,NA,WP_248979383.1,1
shewanella olleyana,135626,Shewanella olleyana,0,1,pcuac_only,NA,WP_248984255.1,1
shewanella gelidimarina,56813,Shewanella gelidimarina,0,1,pcuac_only,NA,WP_248987221.1,1
shewanella profunda,254793,Shewanella profunda,0,1,pcuac_only,NA,WP_248990177.1,1
shewanella marinintestina,190305,Shewanella marinintestina,0,1,pcuac_only,NA,WP_249000671.1,1
pseudemcibacter aquimaris,2857064,Pseudemcibacter aquimaris,0,1,pcuac_only,NA,WP_249034821.1,1
shewanella algidipiscicola,614070,Shewanella algidipiscicola,0,1,pcuac_only,NA,WP_249038146.1,1
roseinatronobacter domitianus,2940293,Roseinatronobacter domitianus,0,1,pcuac_only,NA,WP_249056519.1,1
sphingomonas glaciei,2938948,Sphingomonas glaciei,0,1,pcuac_only,NA,WP_249504785.1,1
bartonella bilalgolemii,2942911,Bartonella bilalgolemii,0,1,pcuac_only,NA,WP_249674867.1,1
pseudomonas abieticivorans,2931382,Pseudomonas abieticivorans,0,1,pcuac_only,NA,WP_249678066.1,1
parendozoicomonas callyspongiae,2942213,Parendozoicomonas callyspongiae,0,1,pcuac_only,NA,WP_249699028.1,1
ruegeria spongiae,2942209,Ruegeria spongiae,0,1,pcuac_only,NA,WP_249708427.1,1
sphingomonas alba,2908208,Sphingomonas alba,0,1,pcuac_only,NA,WP_249848776.1,1
vreelandella olivaria,390919,Vreelandella olivaria,0,1,pcuac_only,NA,WP_249977466.1,1
pseudomonas eutrophicaquae,2934934,Pseudomonas eutrophicaquae,0,1,pcuac_only,NA,WP_250007436.1,1
phaeovulum molybdatiresistens,2934933,Phaeovulum molybdatiresistens,0,1,pcuac_only,NA,WP_250039988.1,1
halomonas gemina,2945105,Halomonas gemina,0,1,pcuac_only,NA,WP_250060225.1,1
halomonas llamarensis,2945104,Halomonas llamarensis,0,1,pcuac_only,NA,WP_250080207.1,1
bradyrhizobium denitrificans,2734912;374;376,Bradyrhizobium;Bradyrhizobium sp.;Bradyrhizobium denitrificans,0,1,pcuac_only,NA,WP_250171656.1,1
aeromicrobium fastidiosum,52699,Aeromicrobium fastidiosum,0,1,pcuac_only,NA,WP_250182681.1,1
vibrio sinus,2946865,Vibrio sinus,0,1,pcuac_only,NA,WP_250612501.1,1
vibrio methylphosphonaticus,2946866,Vibrio methylphosphonaticus,0,1,pcuac_only,NA,WP_250619238.1,1
ciceribacter sichuanensis,1648508;2949647;2949648;2949647,Ciceribacter sichuanensis,0,1,pcuac_only,NA,WP_250916224.1,1
aureimonas altamirensis,370622,Aureimonas altamirensis,0,1,pcuac_only,NA,WP_251112878.1,1
hydrogenophaga intermedia,65786,Hydrogenophaga intermedia,0,1,pcuac_only,NA,WP_251707726.1,1
caldimonas mangrovi,2944811,Caldimonas mangrovi,0,1,pcuac_only,NA,WP_251778119.1,1
serpens gallinarum,2763075,Serpens gallinarum,0,1,pcuac_only,NA,WP_251834761.1,1
sneathiella marina,2950108,Sneathiella marina,0,1,pcuac_only,NA,WP_251933662.1,1
xanthomonas prunicola,2053930,Xanthomonas prunicola,0,1,pcuac_only,NA,WP_252161893.1,1
pseudomonas subflava,2952933,Pseudomonas subflava,0,1,pcuac_only,NA,WP_252271657.1,1
mesorhizobium liriopis,2953882,Mesorhizobium liriopis,0,1,pcuac_only,NA,WP_252821098.1,1
pseudomonas kermanshahensis,2745482;2745482;286;2895482,Pseudomonas kermanshahensis,0,1,pcuac_only,NA,WP_252827335.1,1
parahoeflea alexandrii,288436,Parahoeflea alexandrii,0,1,pcuac_only,NA,WP_252917609.1,1
rhodovulum tesquicola,540254,Rhodovulum tesquicola,0,1,pcuac_only,NA,WP_253089874.1,1
limimaricola litoreus,2955316,Limimaricola litoreus,0,1,pcuac_only,NA,WP_253329828.1,1
pseudomonas migulae,78543,Pseudomonas migulae,0,1,pcuac_only,NA,WP_253435756.1,1
pseudomonas rhodesiae,286;3040316;76760,Pseudomonas;Pseudomonas rhodesiae;Pseudomonas sp. lyk4-R2A-8,0,1,pcuac_only,NA,WP_253508112.1,1
pseudomonas laurylsulfativorans,1943631,Pseudomonas laurylsulfativorans,0,1,pcuac_only,NA,WP_253563017.1,1
idiomarina rhizosphaerae,2961572,Idiomarina rhizosphaerae,0,1,pcuac_only,NA,WP_253619231.1,1
streptoalloteichus tenebrarius,1933,Streptoalloteichus tenebrarius,0,1,pcuac_only,NA,WP_253669590.1,1
nonomuraea thailandensis,1188745,Nonomuraea thailandensis,0,1,pcuac_only,NA,WP_253754709.1,1
mesorhizobium escarrei,666018,Mesorhizobium escarrei,0,1,pcuac_only,NA,WP_254020379.1,1
mesorhizobium ventifaucium,666020,Mesorhizobium ventifaucium,0,1,pcuac_only,NA,WP_254023540.1,1
pseudomonas triclosanedens,2961893,Pseudomonas triclosanedens,0,1,pcuac_only,NA,WP_254470636.1,1
arcobacter roscoffensis,2961520,Arcobacter roscoffensis,0,1,pcuac_only,NA,WP_254577229.1,1
devosia ureilytica,2952754,Devosia ureilytica,0,1,pcuac_only,NA,WP_254673952.1,1
bartonella harrusi,2961895,Bartonella harrusi,0,1,pcuac_only,NA,WP_254770362.1,1
opacimonas immobilis,2961948;3399690;72275,Alteromonadaceae;Alteromonas sp. LMIT006;Opacimonas immobilis,0,1,pcuac_only,NA,WP_254856531.1,1
photobacterium pectinilyticum,2906793;3417473;657,Photobacterium;Photobacterium pectinilyticum;Photobacterium sp. DNB23_23_1,0,1,pcuac_only,NA,WP_255043203.1,1
vibrio pelagius,28169,Vibrio pelagius,0,1,pcuac_only,NA,WP_255231339.1,1
paracoccus albicereus,2922394,Paracoccus albicereus,0,1,pcuac_only,NA,WP_255328016.1,1
jiella marina,2917712,Jiella marina,0,1,pcuac_only,NA,WP_255337847.1,1
photobacterium atrarenae,865757,Photobacterium atrarenae,0,1,pcuac_only,NA,WP_255392030.1,1
shimia ponticola,2582893,Shimia ponticola,0,1,pcuac_only,NA,WP_255449711.1,1
luteimonas suaedae,2605430,Luteimonas suaedae,0,1,pcuac_only,NA,WP_255516225.1,1
pseudomonas benzenivorans,556533,Pseudomonas benzenivorans,0,1,pcuac_only,NA,WP_318643556.1,1
chitinolyticbacter albus,2961951,Chitinolyticbacter albus,0,1,pcuac_only,NA,WP_255991584.1,1
shinella lacus,2654216;323620;3373918,Shinella;Shinella lacus;Shinella sp. BE166,0,1,pcuac_only,NA,WP_256118706.1,1
pseudomonas gelidaquae,1702250;1702250;286;2861775;3159447;3159448;3159449;3470971;882697,Pseudomonas gelidaquae,0,1,pcuac_only,NA,WP_371923436.1,1
stenotrophomonas testudinis,2950153,Stenotrophomonas testudinis,0,1,pcuac_only,NA,WP_256644083.1,1
mangrovibrevibacter kandeliae,2968473,Mangrovibrevibacter kandeliae,0,1,pcuac_only,NA,WP_256803001.1,1
vibrio japonicus,1824638,Vibrio japonicus,0,1,pcuac_only,NA,WP_257083486.1,1
roseomonas populi,3121582,Roseomonas populi,0,1,pcuac_only,NA,WP_257716317.1,1
nisaea acidiphila,1862145,Nisaea acidiphila,0,1,pcuac_only,NA,WP_257771480.1,1
gymnodinialimonas phycosphaerae,2841589,Gymnodinialimonas phycosphaerae,0,1,pcuac_only,NA,WP_257892923.1,1
salipiger pentaromativorans,2943193,Salipiger pentaromativorans,0,1,pcuac_only,NA,WP_258095444.1,1
mesorhizobium onobrychidis,2775404,Mesorhizobium onobrychidis,0,1,pcuac_only,NA,WP_258122147.1,1
pseudosulfitobacter koreensis,2968472,Pseudosulfitobacter koreensis,0,1,pcuac_only,NA,WP_258295724.1,1
thalassospira xiamenensis,220697,Thalassospira xiamenensis,0,1,pcuac_only,NA,WP_258547343.1,1
ancylobacter mangrovi,2972472,Ancylobacter mangrovi,0,1,pcuac_only,NA,WP_258730854.1,1
massilia agri,1886785,Massilia agri,0,1,pcuac_only,NA,WP_258827796.1,1
massilia norwichensis,1442366,Massilia norwichensis,0,1,pcuac_only,NA,WP_258845797.1,1
alkalilimnicola ehrlichii,351052,Alkalilimnicola ehrlichii,0,1,pcuac_only,NA,WP_258868259.1,1
bradyrhizobium centrosematis,1300039;1300039;2898442;374,Bradyrhizobium centrosematis,0,1,pcuac_only,NA,WP_483071104.1,1
pedomonas mirosovicensis,2908641,Pedomonas mirosovicensis,0,1,pcuac_only,NA,WP_259279486.1,1
neisseria montereyensis,2973938,Neisseria montereyensis,0,1,pcuac_only,NA,WP_259291157.1,1
telluria mixta,34071,Telluria mixta,0,1,pcuac_only,NA,WP_259452486.1,1
[roseibacterium] beibuensis,1193142,[Roseibacterium] beibuensis,0,1,pcuac_only,NA,WP_259550299.1,1
zwartia hollandica,324606,Zwartia hollandica,0,1,pcuac_only,NA,WP_259661163.1,1
aestuariispira ectoiniformans,2775080,Aestuariispira ectoiniformans,0,1,pcuac_only,NA,WP_259781204.1,1
novosphingobium mangrovisedimenti,2976432,Novosphingobium mangrovisedimenti,0,1,pcuac_only,NA,WP_260043573.1,1
sedimenticola hydrogenitrophicus,2967975,Sedimenticola hydrogenitrophicus,0,1,pcuac_only,NA,WP_260295581.1,1
sphingobium lignivorans,2735886,Sphingobium lignivorans,0,1,pcuac_only,NA,WP_260394673.1,1
comamonas squillarum,2977320,Comamonas squillarum,0,1,pcuac_only,NA,WP_260720162.1,1
chelativorans salis,2978478,Chelativorans salis,0,1,pcuac_only,NA,WP_260900038.1,1
pseudomonas citri,2978349,Pseudomonas citri,0,1,pcuac_only,NA,WP_260958816.1,1
thalassolituus pacificus,2975440,Thalassolituus pacificus,0,1,pcuac_only,NA,WP_260977418.1,1
thalassolituus hydrocarboniclasticus,2742796,Thalassolituus hydrocarboniclasticus,0,1,pcuac_only,NA,WP_260998622.1,1
shewanella septentrionalis,22;2952223;3063536,Shewanella;Shewanella septentrionalis;Shewanella sp. SP1S1-7,0,1,pcuac_only,NA,WP_261272406.1,1
chenggangzhangella methanolivorans,1437009,Chenggangzhangella methanolivorans,0,1,pcuac_only,NA,WP_261404630.1,1
albidovulum sediminis,3066345,Albidovulum sediminis,0,1,pcuac_only,NA,WP_261494727.1,1
microbaculum marinisediminis,2931392,Microbaculum marinisediminis,0,1,pcuac_only,NA,WP_261615324.1,1
vibrio gallicus,190897,Vibrio gallicus,0,1,pcuac_only,NA,WP_261818027.1,1
vibrio ishigakensis,1481914,Vibrio ishigakensis,0,1,pcuac_only,NA,WP_261835890.1,1
vibrio artabrorum,2910243;446374;662;446374,Vibrio artabrorum,0,1,pcuac_only,NA,WP_261840599.1,1
vibrio rarus,413403,Vibrio rarus,0,1,pcuac_only,NA,WP_261874828.1,1
devosia neptuniae,1871048;191302;211434;2829817;46913;191302;3378085;46913,Devosia;Devosia neptuniae;uncultured Devosia sp.;Devosia sp.;Devosia litorisediminis,0,1,pcuac_only,NA,WP_269370627.1,1
microvirga sesbaniae,681392,Microvirga sesbaniae,0,1,pcuac_only,NA,WP_262298724.1,1
kordiimonas aestuarii,1005925,Kordiimonas aestuarii,0,1,pcuac_only,NA,WP_262692054.1,1
kordiimonas aquimaris,707591,Kordiimonas aquimaris,0,1,pcuac_only,NA,WP_262693830.1,1
alteromonas salexigens,2982530,Alteromonas salexigens,0,1,pcuac_only,NA,WP_262991946.1,1
ruegeria marisflavi,2984152,Ruegeria marisflavi,0,1,pcuac_only,NA,WP_263389267.1,1
pseudomonas solani,2731552;2731552;2769255;286;2731552;286;3019098;2731552;286;3479203,Pseudomonas solani,0,1,pcuac_only,NA,WP_263403850.1,1
thauera carbonocopians,2974299,Thauera carbonocopians,0,1,pcuac_only,NA,WP_263459248.1,1
campylobacter lari,201,Campylobacter lari,0,1,pcuac_only,NA,WP_263673893.1,1
albidovulum sediminicola,2984331,Albidovulum sediminicola,0,1,pcuac_only,NA,WP_263721404.1,1
albidovulum marisflavi,2984159,Albidovulum marisflavi,0,1,pcuac_only,NA,WP_263735293.1,1
albidovulum litorale,2984134,Albidovulum litorale,0,1,pcuac_only,NA,WP_263738414.1,1
ruegeria aquimaris,2984333,Ruegeria aquimaris,0,1,pcuac_only,NA,WP_263828371.1,1
roseobacter sinensis,2931391,Roseobacter sinensis,0,1,pcuac_only,NA,WP_263845048.1,1
halomonas qaidamensis,2745;2866211;2937790,Halomonas;Halomonas qaidamensis;Halomonas qinghailakensis,0,1,pcuac_only,NA,WP_264019104.1,1
methylobacterium flocculans,2984843,Methylobacterium flocculans,0,1,pcuac_only,NA,WP_264046568.1,1
rhizobium acaciae,2989736,Rhizobium acaciae,0,1,pcuac_only,NA,WP_264395451.1,1
azospirillum fermentarium,1233114,Azospirillum fermentarium,0,1,pcuac_only,NA,WP_264664072.1,1
limobrevibacterium gyesilva,2991712,Limobrevibacterium gyesilva,0,1,pcuac_only,NA,WP_264712216.1,1
sphingomonas arvum,2992113,Sphingomonas arvum,0,1,pcuac_only,NA,WP_264880693.1,1
uncultured vibrio,114054;114054;2614977;2976236;678,uncultured Vibrio sp.,0,1,pcuac_only,NA,WP_264906984.1,1
alkalimarinus alittae,2961619,Alkalimarinus alittae,0,1,pcuac_only,NA,WP_265048085.1,1
paracoccus beibuensis,547602,Paracoccus beibuensis,0,1,pcuac_only,NA,WP_265499348.1,1
nitratireductor luteus,2976980,Nitratireductor luteus,0,1,pcuac_only,NA,WP_265516607.1,1
sphingomicrobium arenosum,2233861,Sphingomicrobium arenosum,0,1,pcuac_only,NA,WP_265561830.1,1
vibrio qingdaonensis,2829491;3466932;662,Vibrio;Vibrio qingdaonensis;Vibrio sp. GJ43-1,0,1,pcuac_only,NA,WP_265676040.1,1
photobacterium obscurum,2829490,Photobacterium obscurum,0,1,pcuac_only,NA,WP_265696141.1,1
roseomonas mucosa,207340,Roseomonas mucosa,0,1,pcuac_only,NA,WP_265886979.1,1
roseibium salinum,1604349,Roseibium salinum,0,1,pcuac_only,NA,WP_265963478.1,1
ochrobactrum chromiisoli,2993941,Ochrobactrum chromiisoli,0,1,pcuac_only,NA,WP_265982640.1,1
alcaligenes nematophilus,2994643;2994643;3392635;507,Alcaligenes nematophilus,0,1,pcuac_only,NA,WP_266108677.1,1
kaistia geumhonensis,410839,Kaistia geumhonensis,0,1,pcuac_only,NA,WP_266280496.1,1
kaistia defluvii,410841,Kaistia defluvii,0,1,pcuac_only,NA,WP_266334281.1,1
kaistia nematophila,166953;2994654;3081256;2994654,Kaistia nematophila,0,1,pcuac_only,NA,WP_266336864.1,1
kaistia dalseonensis,410840,Kaistia dalseonensis,0,1,pcuac_only,NA,WP_266349760.1,1
anianabacter salinae,2851023,Anianabacter salinae,0,1,pcuac_only,NA,WP_267137564.1,1
thermus brevis,2862456,Thermus brevis,0,1,pcuac_only,NA,WP_267261872.1,1
hoeflea ulvae,274591;2983764;3466939,Hoeflea;Hoeflea ulvae;Hoeflea sp. J20-29,0,1,pcuac_only,NA,WP_267612183.1,1
hoeflea prorocentri,1922333,Hoeflea prorocentri,0,1,pcuac_only,NA,WP_267992137.1,1
pseudomonas morbosilactucae,2938197,Pseudomonas morbosilactucae,0,1,pcuac_only,NA,WP_268265020.1,1
pseudomonas huanghezhanensis,3002903,Pseudomonas huanghezhanensis,0,1,pcuac_only,NA,WP_268799371.1,1
jiella pelagia,2986949,Jiella pelagia,0,1,pcuac_only,NA,WP_268880121.1,1
roseovarius salincola,1486281;2978479;74030,Roseovarius;Roseovarius sp.;Roseovarius salincola,0,1,pcuac_only,NA,WP_268955622.1,1
futiania mangrovi,2959716,Futiania mangrovi,0,1,pcuac_only,NA,WP_269332496.1,1
maritalea porphyrae,880732,Maritalea porphyrae,0,1,pcuac_only,NA,WP_269394507.1,1
zhongshania aquatica,2965069,Zhongshania aquatica,0,1,pcuac_only,NA,WP_269617924.1,1
parasedimentitalea psychrophila,2997337,Parasedimentitalea psychrophila,0,1,pcuac_only,NA,WP_270920239.1,1
allohoeflea poritis,2993659,Allohoeflea poritis,0,1,pcuac_only,NA,WP_271090002.1,1
paracoccus aerodenitrificans,3017781,Paracoccus aerodenitrificans,0,1,pcuac_only,NA,WP_271112774.1,1
brevundimonas intermedia,74315,Brevundimonas intermedia,0,1,pcuac_only,NA,WP_271163967.1,1
pseudomonas turukhanskensis,1806536,Pseudomonas turukhanskensis,0,1,pcuac_only,NA,WP_271198306.1,1
methylopila jiangsuensis,586230,Methylopila jiangsuensis,0,1,pcuac_only,NA,WP_271205714.1,1
streptosporangium carneum,47481,Streptosporangium carneum,0,1,pcuac_only,NA,WP_271217222.1,1
aliamphritea hakodatensis,2895352,Aliamphritea hakodatensis,0,1,pcuac_only,NA,WP_271273879.1,1
primorskyibacter aestuariivivens,1888912,Primorskyibacter aestuariivivens,0,1,pcuac_only,NA,WP_271421802.1,1
xenophilus arseniciresistens,1283306,Xenophilus arseniciresistens,0,1,pcuac_only,NA,WP_271428615.1,1
paracoccus onchidii,3017813,Paracoccus onchidii,0,1,pcuac_only,NA,WP_271887963.1,1
vibrio algarum,3020714;3092155;662,Vibrio;Vibrio algarum;Vibrio sp. GJ41-3,0,1,pcuac_only,NA,WP_272139618.1,1
psychrosphaera algicola,3023714,Psychrosphaera algicola,0,1,pcuac_only,NA,WP_272181009.1,1
vogesella aquatica,2984206,Vogesella aquatica,0,1,pcuac_only,NA,WP_272750736.1,1
vogesella margarita,2984199,Vogesella margarita,0,1,pcuac_only,NA,WP_272770969.1,1
rhizobium binxianense,3024242;3024242;379;391,Rhizobium binxianense,0,1,pcuac_only,NA,WP_454855980.1,1
oceanicaulis alexandrii,153233,Oceanicaulis alexandrii,0,1,pcuac_only,NA,WP_273144293.1,1
methylibium petroleiphilum,105560,Methylibium petroleiphilum,0,1,pcuac_only,NA,WP_273284577.1,1
pseudomonas shahriarae,2745512,Pseudomonas shahriarae,0,1,pcuac_only,NA,WP_273866496.1,1
pseudomonas rubra,2942627,Pseudomonas rubra,0,1,pcuac_only,NA,WP_273895148.1,1
curvibacter microcysteis,3026419,Curvibacter microcysteis,0,1,pcuac_only,NA,WP_273929442.1,1
curvibacter cyanobacteriorum,3026422,Curvibacter cyanobacteriorum,0,1,pcuac_only,NA,WP_273953828.1,1
thalassomonas haliotis,485448,Thalassomonas haliotis,0,1,pcuac_only,NA,WP_274051208.1,1
acidovorax benzenivorans,2987520,Acidovorax benzenivorans,0,1,pcuac_only,NA,WP_274111470.1,1
abyssibius alkaniclasticus,2881234,Abyssibius alkaniclasticus,0,1,pcuac_only,NA,WP_274127028.1,1
roseinatronobacter alkalisoli,3028235,Roseinatronobacter alkalisoli,0,1,pcuac_only,NA,WP_274352515.1,1
unclassified seohaeicola,2641111;3028380;3028386,unclassified Seohaeicola;Seohaeicola sp. SP36;Seohaeicola sp. 4SK31,0,1,pcuac_only,NA,WP_274557032.1,1
aquabacter sediminis,3029197,Aquabacter sediminis,0,1,pcuac_only,NA,WP_274773659.1,1
govanella unica,2975056,Govanella unica,0,1,pcuac_only,NA,WP_274944362.1,1
paracoccus qomolangmaensis,3030011,Paracoccus qomolangmaensis,0,1,pcuac_only,NA,WP_275105385.1,1
afipia carboxydohydrogena,290,Afipia carboxydohydrogena,0,1,pcuac_only,NA,WP_275248562.1,1
psychromarinibacter sediminicola,3033385,Psychromarinibacter sediminicola,0,1,pcuac_only,NA,WP_275569451.1,1
thiomicrorhabdus lithotrophica,2949997,Thiomicrorhabdus lithotrophica,0,1,pcuac_only,NA,WP_275594075.1,1
sinorhizobium prairiense,2976820,Sinorhizobium prairiense,0,1,pcuac_only,NA,WP_275597986.1,1
pseudomonas macauensis,286;3016341;306;3090666,Pseudomonas;Pseudomonas sp.;Pseudomonas sp. PSE14;Pseudomonas macauensis,0,1,pcuac_only,NA,WP_275608345.1,1
rhizobium mulingense,3031128,Rhizobium mulingense,0,1,pcuac_only,NA,WP_275621390.1,1
psychromarinibacter halotolerans,1775175,Psychromarinibacter halotolerans,0,1,pcuac_only,NA,WP_275632717.1,1
antiquaquibacter metalliresistens,3031321,Antiquaquibacter metalliresistens,0,1,pcuac_only,NA,WP_275756416.1,1
albimonas marina,3032599,Albimonas marina,0,1,pcuac_only,NA,WP_275763743.1,1
pararhizobium gei,1395951,Pararhizobium gei,0,1,pcuac_only,NA,WP_275782704.1,1
pseudothioclava nitratireducens,1928646,Pseudothioclava nitratireducens,0,1,pcuac_only,NA,WP_275812484.1,1
pararhizobium qamdonense,3031126,Pararhizobium qamdonense,0,1,pcuac_only,NA,WP_276118233.1,1
pseudoduganella chitinolytica,34070,Pseudoduganella chitinolytica,0,1,pcuac_only,NA,WP_277418043.1,1
vibrio hannami,2717094,Vibrio hannami,0,1,pcuac_only,NA,WP_277823163.1,1
roseicyclus marinus,1914329;2161673;336277;2161673,Roseicyclus marinus,0,1,pcuac_only,NA,WP_277826523.1,1
roseicyclus salinarum,3036773,Roseicyclus salinarum,0,1,pcuac_only,NA,WP_278027187.1,1
brevundimonas sanguinis,3021811,Brevundimonas sanguinis,0,1,pcuac_only,NA,WP_278070795.1,1
candidatus paraluminiphilus,2518994,Candidatus Paraluminiphilus aquimaris,0,1,pcuac_only,NA,WP_279242779.1,1
ottowia cancrivicina,3040346,Ottowia cancrivicina,0,1,pcuac_only,NA,WP_279524120.1,1
bradyrhizobium nivariense,3040602,Bradyrhizobium nivariense,0,1,pcuac_only,NA,WP_279664305.1,1
cobetia amphilecti,1055104,Cobetia amphilecti,0,1,pcuac_only,NA,WP_279834832.1,1
nocardia abscessus,120957,Nocardia abscessus,0,1,pcuac_only,NA,WP_280295165.1,1
sinorhizobium garamanticum,680247,Sinorhizobium garamanticum,0,1,pcuac_only,NA,WP_280659101.1,1
sinorhizobium numidicum,680248,Sinorhizobium numidicum,0,1,pcuac_only,NA,WP_280733253.1,1
aurantimicrobium minutum,708131,Aurantimicrobium minutum,0,1,pcuac_only,NA,WP_280798488.1,1
variovorax boronicumulans,436515,Variovorax boronicumulans,0,1,pcuac_only,NA,WP_307615878.1,1
pseudomonas viciae,2505979,Pseudomonas viciae,0,1,pcuac_only,NA,WP_280944650.1,1
unclassified minwuia,2618799;3040674;3040676;2618799;3040675;3040677,unclassified Minwuia;Minwuia sp. IMCC3060;Minwuia sp. IMCC4030,0,1,pcuac_only,NA,WP_281019307.1,1
unclassified iodidimonas,2626145;3032319;3032320;3032321,unclassified Iodidimonas;Iodidimonas sp. MBR-14;Iodidimonas sp. MBR-22;Iodidimonas sp. MBR-55,0,1,pcuac_only,NA,WP_281300376.1,1
fuscovulum ytuae,3042299,Fuscovulum ytuae,0,1,pcuac_only,NA,WP_281466717.1,1
sinisalibacter aestuarii,2949426,Sinisalibacter aestuarii,0,1,pcuac_only,NA,WP_281842933.1,1
massilia varians,457921,Massilia varians,0,1,pcuac_only,NA,WP_281913855.1,1
devosia rhodophyticola,3026423;3092104;46913,Devosia;Devosia rhodophyticola;Devosia sp. G20-12,0,1,pcuac_only,NA,WP_282212309.1,1
devosia algicola,3026418,Devosia algicola,0,1,pcuac_only,NA,WP_282218631.1,1
tropicibacter oceani,3058420,Tropicibacter oceani,0,1,pcuac_only,NA,WP_282300305.1,1
lichenifustis flavocetrariae,2949735,Lichenifustis flavocetrariae,0,1,pcuac_only,NA,WP_282582937.1,1
halomonas kalidii,3043293,Halomonas kalidii,0,1,pcuac_only,NA,WP_282722553.1,1
halomonas rhizosphaerae,3043296,Halomonas rhizosphaerae,0,1,pcuac_only,NA,WP_282734866.1,1
pseudomonas peli,2080764;286;592361;592361,Pseudomonas peli,0,1,pcuac_only,NA,WP_282876738.1,1
limnohabitans lacus,3045173,Limnohabitans lacus,0,1,pcuac_only,NA,WP_283224805.1,1
shimia sagamensis,1566352,Shimia sagamensis,0,1,pcuac_only,NA,WP_283426482.1,1
noviherbaspirillum suwonense,1224511,Noviherbaspirillum suwonense,0,1,pcuac_only,NA,WP_283443573.1,1
comamonas resistens,3046670,Comamonas resistens,0,1,pcuac_only,NA,WP_283486344.1,1
chelatococcus albus,3047466,Chelatococcus albus,0,1,pcuac_only,NA,WP_283741825.1,1
unclassified sinorhizobium,2613772;3049088;3049090;2613772;3056948;3056949,unclassified Sinorhizobium;Sinorhizobium sp. CB9;Sinorhizobium sp. CB7,0,1,pcuac_only,NA,WP_283960765.1,1
zoogloea oryzae,310767,Zoogloea oryzae,0,1,pcuac_only,NA,WP_284188874.1,1
chitinimonas prasina,1434937,Chitinimonas prasina,0,1,pcuac_only,NA,WP_284195476.1,1
psychromonas marina,88364,Psychromonas marina,0,1,pcuac_only,NA,WP_284202820.1,1
agaribacter marinus,1431249,Agaribacter marinus,0,1,pcuac_only,NA,WP_284218836.1,1
thalassotalea insulae,2056778,Thalassotalea insulae,0,1,pcuac_only,NA,WP_284243935.1,1
roseicyclus amphidinii,3034232,Roseicyclus amphidinii,0,1,pcuac_only,NA,WP_284263041.1,1
limnobacter litoralis,481366,Limnobacter litoralis,0,1,pcuac_only,NA,WP_284279715.1,1
hydrogenophaga electricum,1230953,Hydrogenophaga electricum,0,1,pcuac_only,NA,WP_284308367.1,1
labrys miyagiensis,346912,Labrys miyagiensis,0,1,pcuac_only,NA,WP_284311558.1,1
cypionkella aquatica,1756042,Cypionkella aquatica,0,1,pcuac_only,NA,WP_284323763.1,1
sulfitobacter pacificus,1499314,Sulfitobacter pacificus,0,1,pcuac_only,NA,WP_284373452.1,1
amylibacter marinus,1475483,Amylibacter marinus,0,1,pcuac_only,NA,WP_284375257.1,1
algimonas ampicilliniresistens,1298735,Algimonas ampicilliniresistens,0,1,pcuac_only,NA,WP_284390867.1,1
devosia yakushimensis,470028,Devosia yakushimensis,0,1,pcuac_only,NA,WP_284392297.1,1
pseudodonghicola flavimaris,3050036,Pseudodonghicola flavimaris,0,1,pcuac_only,NA,WP_284480338.1,1
campylobacter gastrosuis,2974576,Campylobacter gastrosuis,0,1,pcuac_only,NA,WP_284937124.1,1
rhizobium centroccidentale,3021410,Rhizobium centroccidentale,0,1,pcuac_only,NA,WP_285176515.1,1
rhizobium atlanticum,3021407,Rhizobium atlanticum,0,1,pcuac_only,NA,WP_285193730.1,1
rhizobium pantanalense,3021409,Rhizobium pantanalense,0,1,pcuac_only,NA,WP_285206581.1,1
paucibacter sediminis,3019553,Paucibacter sediminis,0,1,pcuac_only,NA,WP_285233319.1,1
marinobacter azerbaijanicus,3050455,Marinobacter azerbaijanicus,0,1,pcuac_only,NA,WP_285389310.1,1
streptomyces hygroscopicus,1912;68042,Streptomyces hygroscopicus;Streptomyces hygroscopicus subsp. hygroscopicus,0,1,pcuac_only,NA,WP_285556036.1,1
paralimibaculum aggregatum,3036245,Paralimibaculum aggregatum,0,1,pcuac_only,NA,WP_285672013.1,1
martinezella calliandrae,1312182,Martinezella calliandrae,0,1,pcuac_only,NA,WP_285878713.1,1
marinobacter apostichopi,3035454,Marinobacter apostichopi,0,1,pcuac_only,NA,WP_286222130.1,1
thalassotalea atypica,2054316,Thalassotalea atypica,0,1,pcuac_only,NA,WP_286264409.1,1
terrirhizobium terrae,2926709,Terrirhizobium terrae,0,1,pcuac_only,NA,WP_286582979.1,1
microbacterium luteum,1946942;2782167;33882;51671,Microbacterium;Microbacterium sp.;Microbacterium sp. UBA1612;Microbacterium luteum,0,1,pcuac_only,NA,WP_286716755.1,1
uncultured thalassospira,1912094;404382;404382,uncultured Thalassospira sp.,0,1,pcuac_only,NA,WP_339780988.1,1
acidiphilium multivorum,522;527;62140,Acidiphilium;Acidiphilium sp.;Acidiphilium multivorum,0,1,pcuac_only,NA,WP_287850526.1,1
uncultured phyllobacterium,253813,uncultured Phyllobacterium sp.,0,1,pcuac_only,NA,WP_288195102.1,1
uncultured massilia,169973,uncultured Massilia sp.,0,1,pcuac_only,NA,WP_296951998.1,1
uncultured agrobacterium,157277;157277;3422697,uncultured Agrobacterium sp.,0,1,pcuac_only,NA,WP_296070489.1,1
uncultured deefgea,1304914,uncultured Deefgea sp.,0,1,pcuac_only,NA,WP_288841214.1,1
uncultured sneathiella,2816034;879315;879315,uncultured Sneathiella sp.,0,1,pcuac_only,NA,WP_288905363.1,1
uncultured roseovarius,1486281;293344;293344,uncultured Roseovarius sp.,0,1,pcuac_only,NA,WP_294613390.1,1
uncultured gemmobacter,1095917,uncultured Gemmobacter sp.,0,1,pcuac_only,NA,WP_288997928.1,1
uncultured roseibium,1936171;1936171;3470326,uncultured Roseibium sp.,0,1,pcuac_only,NA,WP_289032694.1,1
gimibacter soli,3024400,Gimibacter soli,0,1,pcuac_only,NA,WP_289504673.1,1
crenobacter oryzisoli,3056844,Crenobacter oryzisoli,0,1,pcuac_only,NA,WP_289829599.1,1
fontisubflavum oceani,2978973,Fontisubflavum oceani,0,1,pcuac_only,NA,WP_290154577.1,1
zwartia vadi,3058168,Zwartia vadi,0,1,pcuac_only,NA,WP_290198627.1,1
halomonas ramblicola,747349,Halomonas ramblicola,0,1,pcuac_only,NA,WP_290229891.1,1
zwartia panacis,2683345,Zwartia panacis,0,1,pcuac_only,NA,WP_290241371.1,1
chitinimonas viridis,664880,Chitinimonas viridis,0,1,pcuac_only,NA,WP_290333807.1,1
uncultured idiomarina,1874361;1946641;2614829;352961,uncultured Idiomarina sp.;Idiomarina sp.;Idiomarina sp. UBA3162;unclassified Idiomarina,0,1,pcuac_only,NA,WP_290487123.1,1
unclassified arsukibacterium,1946059;1946060;1946061;1946062;2635278,Arsukibacterium sp. UBA3189;Arsukibacterium sp. UBA4203;Arsukibacterium sp. UBA4212;Arsukibacterium sp. UBA5043;unclassified Arsukibacterium,0,1,pcuac_only,NA,WP_290621435.1,1
unclassified aquisalimonas,1872621;2644645;3402080,Aquisalimonas sp.;unclassified Aquisalimonas;Aquisalimonas sp. APHAB1-3,0,1,pcuac_only,NA,WP_290638099.1,1
uncultured marivita,2003365;2133951;2632480;888080;888080,uncultured Marivita sp.,0,1,pcuac_only,NA,WP_299784741.1,1
unclassified nitrobacter,1895798;2620411;29420;2620411;29420;3398703,Nitrobacter sp.;unclassified Nitrobacter;Nitrobacter sp. TKz-YC01,0,1,pcuac_only,NA,WP_347262784.1,1
uncultured oceanicaulis,1924941;1947008;259940;2632123,uncultured Oceanicaulis sp.;Oceanicaulis sp.;Oceanicaulis sp. UBA6590;unclassified Oceanicaulis,0,1,pcuac_only,NA,WP_292979826.1,1
uncultured parvibaculum,2024848;291828;291828,uncultured Parvibaculum sp.,0,1,pcuac_only,NA,WP_339833947.1,1
uncultured aquitalea,540272,uncultured Aquitalea sp.,0,1,pcuac_only,NA,WP_293759643.1,1
uncultured oxalicibacterium,1168540,uncultured Oxalicibacterium sp.,0,1,pcuac_only,NA,WP_293776722.1,1
uncultured allobosea,211457,uncultured Allobosea sp.,0,1,pcuac_only,NA,WP_293802341.1,1
uncultured alsobacter,1748258,uncultured Alsobacter sp.,0,1,pcuac_only,NA,WP_293864694.1,1
uncultured shimia,1954381;573152;573152,uncultured Shimia sp.,0,1,pcuac_only,NA,WP_294230610.1,1
uncultured brevundimonas,1871086;213418;213418,uncultured Brevundimonas sp.,0,1,pcuac_only,NA,WP_339870960.1,1
uncultured thiodictyon,1846217,uncultured Thiodictyon sp.,0,1,pcuac_only,NA,WP_295428029.1,1
uncultured thioclava,473858,uncultured Thioclava sp.,0,1,pcuac_only,NA,WP_295532871.1,1
uncultured hyphomicrobium,194373,uncultured Hyphomicrobium sp.,0,1,pcuac_only,NA,WP_295559357.1,1
uncultured methylibium,381093,uncultured Methylibium sp.,0,1,pcuac_only,NA,WP_295637238.1,1
uncultured nitratireductor,520953,uncultured Nitratireductor sp.,0,1,pcuac_only,NA,WP_295813241.1,1
uncultured pigmentiphaga,1977564;340361,uncultured Pigmentiphaga sp.;Pigmentiphaga sp.,0,1,pcuac_only,NA,WP_296467079.1,1
uncultured thiobacillus,1895858;189996;2646513;924;1895861;189996,Thiobacillus sp.;uncultured Thiobacillus sp.;Thiobacillus sp. 0-1251;unclassified Thiobacillus,0,1,pcuac_only,NA,WP_296641239.1,1
uncultured porticoccus,1256050,uncultured Porticoccus sp.,0,1,pcuac_only,NA,WP_297190014.1,1
uncultured photobacterium,173973,uncultured Photobacterium sp.,0,1,pcuac_only,NA,WP_299017917.1,1
nitratireductor aquimarinus,1872084;245876;889300;889300,Nitratireductor aquimarinus,0,1,pcuac_only,NA,WP_297558958.1,1
uncultured roseicyclus,1914329;543072,uncultured Roseicyclus sp.;Roseicyclus sp.,0,1,pcuac_only,NA,WP_297618672.1,1
uncultured caldilinea,2293560;233191;435295;859243,Caldilinea;uncultured Caldilinea sp.;Caldilinea tarbellica;Caldilinea sp.,0,1,pcuac_only,NA,WP_297638763.1,1
uncultured aquabacterium,158753,uncultured Aquabacterium sp.,0,1,pcuac_only,NA,WP_298009815.1,1
uncultured azohydromonas,487342,uncultured Azohydromonas sp.,0,1,pcuac_only,NA,WP_298234513.1,1
uncultured ferrimonas,432640,uncultured Ferrimonas sp.,0,1,pcuac_only,NA,WP_298441435.1,1
uncultured luteimonas,453144,uncultured Luteimonas sp.,0,1,pcuac_only,NA,WP_298574920.1,1
uncultured limnohabitans,509119;768543;768543,uncultured Limnohabitans sp.,0,1,pcuac_only,NA,WP_298598807.1,1
uncultured lentibacter,1659309,uncultured Lentibacter sp.,0,1,pcuac_only,NA,WP_298680254.1,1
uncultured arcobacter,165434,uncultured Arcobacter sp.,0,1,pcuac_only,NA,WP_298753965.1,1
uncultured chloroflexus,214040,uncultured Chloroflexus sp.,0,1,pcuac_only,NA,WP_298817386.1,1
uncultured piscinibacter,1131835,uncultured Piscinibacter sp.,0,1,pcuac_only,NA,WP_298823924.1,1
uncultured ruegeria,259304,uncultured Ruegeria sp.,0,1,pcuac_only,NA,WP_298936969.1,1
uncultured aquimonas,385483,uncultured Aquimonas sp.,0,1,pcuac_only,NA,WP_298856350.1,1
uncultured psychromonas,173974,uncultured Psychromonas sp.,0,1,pcuac_only,NA,WP_299668053.1,1
uncultured tateyamaria,3417464;455651;455651,uncultured Tateyamaria sp.,0,1,pcuac_only,NA,WP_299046487.1,1
uncultured halomonas,173971,uncultured Halomonas sp.,0,1,pcuac_only,NA,WP_299316141.1,1
sphingomonas bacterium,1895847,Sphingomonas bacterium,0,1,pcuac_only,NA,WP_299425797.1,1
uncultured rhodospira,1936189,uncultured Rhodospira sp.,0,1,pcuac_only,NA,WP_299444238.1,1
uncultured jannaschia,293347,uncultured Jannaschia sp.,0,1,pcuac_only,NA,WP_299653756.1,1
uncultured endozoicomonas,432652,uncultured Endozoicomonas sp.,0,1,pcuac_only,NA,WP_299730019.1,1
uncultured pseudoteredinibacter,1641701,uncultured Pseudoteredinibacter sp.,0,1,pcuac_only,NA,WP_299775164.1,1
uncultured cocleimonas,1051587,uncultured Cocleimonas sp.,0,1,pcuac_only,NA,WP_299874293.1,1
uncultured pelagimonas,1618102,uncultured Pelagimonas sp.,0,1,pcuac_only,NA,WP_299927168.1,1
paenalcaligenes hermetiae,1100891;1157987;1966342,Paenalcaligenes;Paenalcaligenes hermetiae;Paenalcaligenes sp.,0,1,pcuac_only,NA,WP_300646754.1,1
bradyrhizobium roseum,3056648,Bradyrhizobium roseum,0,1,pcuac_only,NA,WP_300947726.1,1
unclassified thalassolituus,1947664;2030822;2624967,Thalassolituus sp. UBA3500;Thalassolituus sp.;unclassified Thalassolituus,0,1,pcuac_only,NA,WP_301180543.1,1
pandoraea cepalis,2508294,Pandoraea cepalis,0,1,pcuac_only,NA,WP_301236581.1,1
eleftheria terrae,1597781,Eleftheria terrae,0,1,pcuac_only,NA,WP_301257829.1,1
rhizobium oryzicola,1232668,Rhizobium oryzicola,0,1,pcuac_only,NA,WP_302077965.1,1
uncultured hydrogenophaga,199683,uncultured Hydrogenophaga sp.,0,1,pcuac_only,NA,WP_302175685.1,1
gilvimarinus gilvus,3058038,Gilvimarinus gilvus,0,1,pcuac_only,NA,WP_302724457.1,1
unclassified aliiglaciecola,2593648;3062640;3062641,unclassified Aliiglaciecola;Aliiglaciecola sp. 1_MG-2023;Aliiglaciecola sp. 2_MG-2023,0,1,pcuac_only,NA,WP_303500748.1,1
mariluticola halotolerans,2909283,Mariluticola halotolerans,0,1,pcuac_only,NA,WP_303617450.1,1
fluviirhizobium alvei,1132659,Fluviirhizobium alvei,0,1,pcuac_only,NA,WP_304374670.1,1
pseudomonas boreofloridensis,286;3064348;326927,Pseudomonas;Pseudomonas sp. SC11;Pseudomonas boreofloridensis,0,1,pcuac_only,NA,WP_304484946.1,1
pseudomonas serbiensis,3064350,Pseudomonas serbiensis,0,1,pcuac_only,NA,WP_304574771.1,1
methylobacterium ajmalii,2738439;407;409,Methylobacterium;Methylobacterium sp.;Methylobacterium ajmalii,0,1,pcuac_only,NA,WP_305079531.1,1
stenotrophomonas raiganjensis,3064902,Stenotrophomonas raiganjensis (SeqCode),0,1,pcuac_only,NA,WP_305099306.1,1
paracoccus wurundjeri,3470150,Paracoccus wurundjeri,0,1,pcuac_only,NA,WP_305290542.1,1
unclassified oceanobacter,2620260;3062618;3062619;2620260;3062622;3062623,unclassified Oceanobacter;Oceanobacter sp. 1_MG-2023;Oceanobacter sp. 2_MG-2023,0,1,pcuac_only,NA,WP_305413929.1,1
methylobacterium amylolyticum,3071472,Methylobacterium amylolyticum,0,1,pcuac_only,NA,WP_305525296.1,1
leptothrix discophora,89,Leptothrix discophora,0,1,pcuac_only,NA,WP_305748003.1,1
massilia brevitalea,442526,Massilia brevitalea,0,1,pcuac_only,NA,WP_305822662.1,1
hahella aquimaris,3015983,Hahella aquimaris,0,1,pcuac_only,NA,WP_305905416.1,1
alkalimonas delamerensis,265981,Alkalimonas delamerensis,0,1,pcuac_only,NA,WP_305943976.1,1
paracoccus spongiarum,3064387,Paracoccus spongiarum,0,1,pcuac_only,NA,WP_305963343.1,1
unclassified mameliella,2630630;3046714;3046718;3046721;3046725,unclassified Mameliella;Mameliella sp. MMSF_3455;Mameliella sp. MMSF_3510;Mameliella sp. MMSF_3537;Mameliella sp. MMSF_3552,0,1,pcuac_only,NA,WP_305971913.1,1
unclassified roseibium,1936156;2629323;3046723;2629323;3046691;3046708;3466778;2629323;3477772;3477773,unclassified Roseibium;Roseibium sp. AWQ4_290;Roseibium sp. AWQ4_254,0,1,pcuac_only,NA,WP_305984260.1,1
unclassified roseitalea,2639107;3046716;3046719;3046724,unclassified Roseitalea;Roseitalea sp. MMSF_3504;Roseitalea sp. MMSF_3516;Roseitalea sp. MMSF_3546,0,1,pcuac_only,NA,WP_306119233.1,1
ruegeria discodermiae,3064389,Ruegeria discodermiae,0,1,pcuac_only,NA,WP_306202325.1,1
allobosea beijingensis,3068632;3068632;3407645;85413,Allobosea;Allobosea beijingensis;Allobosea sp. FG18,0,1,pcuac_only,NA,WP_306227938.1,1
shewanella marina,1236542;487319,Shewanella marina;Shewanella marina JCM 15074,0,1,pcuac_only,NA,WP_306302241.1,1
unclassified nocardia,2637762;3044157;3044158;2637762;3345505;3345979;2637762;3413786;3413789,unclassified Nocardia;Nocardia sp. bgisy118;Nocardia sp. bgisy134,0,1,pcuac_only,NA,WP_431965739.1,1
methylophilus aquaticus,1971610,Methylophilus aquaticus,0,1,pcuac_only,NA,WP_306388647.1,1
ectorhizobium quercum,2965071,Ectorhizobium quercum,0,1,pcuac_only,NA,WP_306410618.1,1
paracoccus yibinensis,3068891,Paracoccus yibinensis,0,1,pcuac_only,NA,WP_306609170.1,1
pseudogemmobacter lacusdianii,3069608,Pseudogemmobacter lacusdianii,0,1,pcuac_only,NA,WP_306678932.1,1
natronospira bacteriovora,3069753,Natronospira bacteriovora,0,1,pcuac_only,NA,WP_306727412.1,1
marinimicrobium hydrolyticum,3069751,Marinimicrobium hydrolyticum,0,1,pcuac_only,NA,WP_306733235.1,1
marimonas arenosa,1795305,Marimonas arenosa,0,1,pcuac_only,NA,WP_306735247.1,1
paracoccus actinidiae,3064531,Paracoccus actinidiae,0,1,pcuac_only,NA,WP_306754030.1,1
neorhizobium huautlense,67774,Neorhizobium huautlense,0,1,pcuac_only,NA,WP_306834879.1,1
amorphus orientalis,649198,Amorphus orientalis,0,1,pcuac_only,NA,WP_306884159.1,1
ancylobacter amanitiformis,217069,Ancylobacter amanitiformis,0,1,pcuac_only,NA,WP_306891513.1,1
achromobacter seleniivolatilans,3047478,Achromobacter seleniivolatilans,0,1,pcuac_only,NA,WP_306941794.1,1
ancylobacter vacuolatus,223389,Ancylobacter vacuolatus,0,1,pcuac_only,NA,WP_307060914.1,1
rhodopseudomonas julia,200617,Rhodopseudomonas julia,0,1,pcuac_only,NA,WP_307155137.1,1
pararhizobium capsulatum,1121113;34014,Pararhizobium capsulatum;Pararhizobium capsulatum DSM 1112,0,1,pcuac_only,NA,WP_307230174.1,1
labrys wisconsinensis,425677,Labrys wisconsinensis,0,1,pcuac_only,NA,WP_307280833.1,1
caulobacter ginsengisoli,400775,Caulobacter ginsengisoli,0,1,pcuac_only,NA,WP_307352635.1,1
peteryoungia aggregata,1368425;34013,Peteryoungia aggregata;Peteryoungia aggregata LMG 23059,0,1,pcuac_only,NA,WP_307372379.1,1
pseudomonas cedrina,651740,Pseudomonas cedrina,0,1,pcuac_only,NA,WP_307392283.1,1
pseudokordiimonas caeni,2997908,Pseudokordiimonas caeni,0,1,pcuac_only,NA,WP_308911350.1,1
lysobacter yananisis,1003114,Lysobacter yananisis,0,1,pcuac_only,NA,WP_309152990.1,1
halomonas mongoliensis,321265,Halomonas mongoliensis,0,1,pcuac_only,NA,WP_309635428.1,1
vreelandella vilamensis,531309,Vreelandella vilamensis,0,1,pcuac_only,NA,WP_309655579.1,1
franzmannia qiaohouensis,1329370,Franzmannia qiaohouensis,0,1,pcuac_only,NA,WP_309724227.1,1
inquilinus ginsengisoli,363840,Inquilinus ginsengisoli,0,1,pcuac_only,NA,WP_309801724.1,1
paracidovorax wautersii,1177982,Paracidovorax wautersii,0,1,pcuac_only,NA,WP_309828815.1,1
allobosea robiniae,1036780;2817907;2817908;2818430;85413,Allobosea;Allobosea robiniae;Allobosea sp. BE168;Allobosea sp. BE109;Allobosea sp. BE271,0,1,pcuac_only,NA,WP_310089332.1,1
rhodoferax ferrireducens,192843,Rhodoferax ferrireducens,0,1,pcuac_only,NA,WP_310376839.1,1
ruixingdingia sedimenti,3073604,Ruixingdingia sedimenti,0,1,pcuac_only,NA,WP_310456346.1,1
shewanella youngdeokensis,2999068,Shewanella youngdeokensis,0,1,pcuac_only,NA,WP_310472287.1,1
flexibacterium corallicola,3037259,Flexibacterium corallicola,0,1,pcuac_only,NA,WP_310621018.1,1
rhizobium redzepovicii,2867518,Rhizobium redzepovicii,0,1,pcuac_only,NA,WP_310806452.1,1
pseudomonas rhizozeae,3074380,Pseudomonas rhizozeae,0,1,pcuac_only,NA,WP_310845731.1,1
mesorhizobium koreense,3074855,Mesorhizobium koreense,0,1,pcuac_only,NA,WP_311030021.1,1
paracoccus aurantius,3073814,Paracoccus aurantius,0,1,pcuac_only,NA,WP_311159565.1,1
stenotrophomonas aracearum,3003272,Stenotrophomonas aracearum,0,1,pcuac_only,NA,WP_311184649.1,1
stenotrophomonas oahuensis,3003271,Stenotrophomonas oahuensis,0,1,pcuac_only,NA,WP_311190568.1,1
banduia mediterranea,3075609,Banduia mediterranea,0,1,pcuac_only,NA,WP_311366243.1,1
thalassotalea castellviae,3075612,Thalassotalea castellviae,0,1,pcuac_only,NA,WP_311583917.1,1
paracoccus broussonetiae,3075834;3075834;3373869,Paracoccus broussonetiae;Paracoccus broussonetiae subsp. drimophilus,0,1,pcuac_only,NA,WP_311760092.1,1
ferirhizobium litorale,2927786,Ferirhizobium litorale,0,1,pcuac_only,NA,WP_311786653.1,1
shewanella vaxholmensis,3063535,Shewanella vaxholmensis,0,1,pcuac_only,NA,WP_311906838.1,1
labrys neptuniae,204476;3237479;3404917;3416688;3685853;376174;204476;3377041;376174;376174,Labrys neptuniae,0,1,pcuac_only,NA,WP_311938036.1,1
pseudomonas cremoris,2724178,Pseudomonas cremoris,0,1,pcuac_only,NA,WP_312496872.1,1
paracoccus jeotgali,2065379,Paracoccus jeotgali,0,1,pcuac_only,NA,WP_313138055.1,1
stakelama saccharophila,3075605,Stakelama saccharophila,0,1,pcuac_only,NA,WP_313917368.1,1
bradyrhizobium cosmicum,1404864,Bradyrhizobium cosmicum,0,1,pcuac_only,NA,WP_314958638.1,1
lautropia mirabilis,47671,Lautropia mirabilis,0,1,pcuac_only,NA,WP_315550881.1,1
roseateles aquae,3077235,Roseateles aquae,0,1,pcuac_only,NA,WP_315652286.1,1
sphingosinicella rhizophila,3050082,Sphingosinicella rhizophila,0,1,pcuac_only,NA,WP_315726879.1,1
bradyrhizobium prioriisuperbiae,2854389,Bradyrhizobium prioriisuperbiae,0,1,pcuac_only,NA,WP_315832852.1,1
paraglaciecola aquimarina,1235557,Paraglaciecola aquimarina,0,1,pcuac_only,NA,WP_316024891.1,1
candidatus thiodiazotropha,3065865;3478885;3478887,Candidatus Thiodiazotropha sp. AKIB8,0,1,pcuac_only,NA,WP_316366494.1,1
sedimentitalea todarodis,1631240,Sedimentitalea todarodis,0,1,pcuac_only,NA,WP_316775333.1,1
shumkonia mesophila,2838854,Shumkonia mesophila,0,1,pcuac_only,NA,WP_316975791.1,1
sphingomonas agrestis,3080540,Sphingomonas agrestis,0,1,pcuac_only,NA,WP_317224652.1,1
bradyrhizobium tunisiense,3080014;3278709;374;3278709,Bradyrhizobium tunisiense,0,1,pcuac_only,NA,WP_317239331.1,1
tritonibacter scottomollicae,483013,Tritonibacter scottomollicae,0,1,pcuac_only,NA,WP_317386677.1,1
rhodalgimonas zhirmunskyi,2964767,Rhodalgimonas zhirmunskyi,0,1,pcuac_only,NA,WP_317626390.1,1
pseudothioclava alba,3080562,Pseudothioclava alba,0,1,pcuac_only,NA,WP_317673463.1,1
terasakiella sediminum,3080561,Terasakiella sediminum,0,1,pcuac_only,NA,WP_317684817.1,1
diaphorobacter limosus,3036128,Diaphorobacter limosus,0,1,pcuac_only,NA,WP_317703253.1,1
bartonella gliris,3004109,Bartonella gliris,0,1,pcuac_only,NA,WP_317992544.1,1
uncultured cohaesibacter,1002546,uncultured Cohaesibacter sp.,0,1,pcuac_only,NA,WP_321336214.1,1
nesiotobacter zosterae,392721,Nesiotobacter zosterae,0,1,pcuac_only,NA,WP_319621490.1,1
mesorhizobium australafricanum,3072311,Mesorhizobium australafricanum,0,1,pcuac_only,NA,WP_320215404.1,1
mesorhizobium captivum,3072319,Mesorhizobium captivum,0,1,pcuac_only,NA,WP_320228122.1,1
mesorhizobium montanum,3072323,Mesorhizobium montanum,0,1,pcuac_only,NA,WP_320230651.1,1
mesorhizobium vachelliae,3072309,Mesorhizobium vachelliae,0,1,pcuac_only,NA,WP_320246074.1,1
mesorhizobium dulcispinae,3072316,Mesorhizobium dulcispinae,0,1,pcuac_only,NA,WP_320261743.1,1
mesorhizobium album,3072314,Mesorhizobium album,0,1,pcuac_only,NA,WP_320285725.1,1
mesorhizobium humile,3072313,Mesorhizobium humile,0,1,pcuac_only,NA,WP_320296932.1,1
zoogloea oleivorans,1552750;1552750;349;49181,Zoogloea;Zoogloea sp.;Zoogloea oleivorans,0,1,pcuac_only,NA,WP_320382331.1,1
roseateles agri,3098619,Roseateles agri,0,1,pcuac_only,NA,WP_320424808.1,1
uncultured celeribacter,1303376,uncultured Celeribacter sp.,0,1,pcuac_only,NA,WP_321364349.1,1
denitrificimonas halotolerans,3098930,Denitrificimonas halotolerans,0,1,pcuac_only,NA,WP_321553048.1,1
pseudomonas kulmbachensis,3043408,Pseudomonas kulmbachensis,0,1,pcuac_only,NA,WP_321834789.1,1
pseudomonas paraveronii,3040598,Pseudomonas paraveronii,0,1,pcuac_only,NA,WP_321851660.1,1
fulvimarina uroteuthidis,3098149,Fulvimarina uroteuthidis,0,1,pcuac_only,NA,WP_322187796.1,1
labrys sedimenti,3106036,Labrys sedimenti,0,1,pcuac_only,NA,WP_322429746.1,1
unclassified yoonia,2629118;3081448;3081449;2629118;3081450;3081451,unclassified Yoonia;Yoonia sp. 67-2;Yoonia sp. 67,0,1,pcuac_only,NA,WP_322889133.1,1
pseudomonas spirodelae,3101751,Pseudomonas spirodelae,0,1,pcuac_only,NA,WP_322950473.1,1
massilia phyllosphaerae,3106034,Massilia phyllosphaerae,0,1,pcuac_only,NA,WP_323144379.1,1
pseudomonas alvandae,2842348;2842348;286;3064903,Pseudomonas;Pseudomonas alvandae;Pseudomonas sp. BP11-1-1,0,1,pcuac_only,NA,WP_323154791.1,1
nodularia spumigena,3110298;70799,Nodularia spumigena;Nodularia spumigena CH309,0,1,pcuac_only,NA,WP_323209745.1,1
unclassified glaciimonas,2644401;3048621;3048625,unclassified Glaciimonas;Glaciimonas sp. Cout2;Glaciimonas sp. Gout2,0,1,pcuac_only,NA,WP_323507024.1,1
thiobacillus sedimenti,3110231,Thiobacillus sedimenti,0,1,pcuac_only,NA,WP_324779695.1,1
mesobacterium hydrothermale,3111907,Mesobacterium hydrothermale,0,1,pcuac_only,NA,WP_326298489.1,1
noviherbaspirillum album,3080276,Noviherbaspirillum album,0,1,pcuac_only,NA,WP_326506578.1,1
cognatazoarcus halotolerans,2686016,Cognatazoarcus halotolerans,0,1,pcuac_only,NA,WP_327515940.1,1
marinimicrococcus flavescens,3031815,Marinimicrococcus flavescens,0,1,pcuac_only,NA,WP_327787339.1,1
unclassified micromonospora,2617518;2742132;3364224;2617518;2975976;3469484,unclassified Micromonospora;Verrucosispora sp. NA02020;Micromonospora sp. NPDC003816,0,1,pcuac_only,NA,WP_328346408.1,1
micromonospora globbae,1894969,Micromonospora globbae,0,1,pcuac_only,NA,WP_328850174.1,1
pseudomonas japonica,1215104;256466;286;3078197;256466;256466;286;3115852,Pseudomonas japonica,0,1,pcuac_only,NA,WP_330075741.1,1
alkalimonas mucilaginosa,265980;3057676;3144846,Alkalimonas;Alkalimonas mucilaginosa;Alkalimonas sp. NCh-2,0,1,pcuac_only,NA,WP_330086656.1,1
pseudomonas carassii,3115855,Pseudomonas carassii,0,1,pcuac_only,NA,WP_330102821.1,1
alkalimonas cellulosilytica,3058395,Alkalimonas cellulosilytica,0,1,pcuac_only,NA,WP_330128250.1,1
thioclava litoralis,285107;3076557;3131929,Thioclava;Thioclava litoralis;Thioclava sp. GXIMD4216,0,1,pcuac_only,NA,WP_330629446.1,1
methylobacterium oryzae,334852;334852;3388793;3390590;407,Methylobacterium oryzae,0,1,pcuac_only,NA,WP_331299363.1,1
methylobacterium mesophilicum,39956,Methylobacterium mesophilicum,0,1,pcuac_only,NA,WP_331312876.1,1
sinorhizobium chiapasense,501572,Sinorhizobium chiapasense,0,1,pcuac_only,NA,WP_331374377.1,1
consotaella aegiceratis,3097961,Consotaella aegiceratis,0,1,pcuac_only,NA,WP_331686429.1,1
bartonella rhinolophi,3113620,Bartonella rhinolophi,0,1,pcuac_only,NA,WP_332059880.1,1
bartonella eidoli,3112254,Bartonella eidoli,0,1,pcuac_only,NA,WP_332065278.1,1
aquincola agrisoli,3119538,Aquincola agrisoli,0,1,pcuac_only,NA,WP_332290724.1,1
achromobacter semiaridum,222;3077328;3341852,Achromobacter;Achromobacter sp. ESBL13;Achromobacter semiaridum,0,1,pcuac_only,NA,WP_332609656.1,1
pelagibacterium mangrovi,3119828,Pelagibacterium mangrovi,0,1,pcuac_only,NA,WP_332717037.1,1
magnetovibrio massiliensis,3120356,Magnetovibrio massiliensis,0,1,pcuac_only,NA,WP_332894354.1,1
aliiroseovarius salicola,3009082,Aliiroseovarius salicola,0,1,pcuac_only,NA,WP_333780713.1,1
nereida ignava,282199,Nereida ignava,0,1,pcuac_only,NA,WP_334067885.1,1
pannonibacter anstelovis,3121537,Pannonibacter anstelovis,0,1,pcuac_only,NA,WP_334250234.1,1
roseateles microcysteis,3119057;3228748;93681,Roseateles;Roseateles microcysteis;Paucibacter sp. JuS9,0,1,pcuac_only,NA,WP_334277200.1,1
gemmobacter denitrificans,3123040,Gemmobacter denitrificans,0,1,pcuac_only,NA,WP_335421765.1,1
rheinheimera metallidurans,2925781,Rheinheimera metallidurans,0,1,pcuac_only,NA,WP_335739440.1,1
rhizobium aouanii,3118145,Rhizobium aouanii,0,1,pcuac_only,NA,WP_335915040.1,1
nitratireductor rhodophyticola,2854036,Nitratireductor rhodophyticola,0,1,pcuac_only,NA,WP_336071177.1,1
lysobacter firmicutimachus,1792846,Lysobacter firmicutimachus,0,1,pcuac_only,NA,WP_336132813.1,1
vreelandella indica,3126500,Vreelandella indica,0,1,pcuac_only,NA,WP_336274683.1,1
bartonella occidentalis,3112256,Bartonella occidentalis,0,1,pcuac_only,NA,WP_336278734.1,1
bartonella propinqua,3385560,Bartonella propinqua,0,1,pcuac_only,NA,WP_336287655.1,1
bartonella vaga,3112257,Bartonella vaga,0,1,pcuac_only,NA,WP_336293716.1,1
methylobacterium nigriterrae,3127512,Methylobacterium nigriterrae,0,1,pcuac_only,NA,WP_336488494.1,1
mesorhizobium argentiipisi,3015175,Mesorhizobium argentiipisi (SeqCode),0,1,pcuac_only,NA,WP_337094976.1,1
mesorhizobium salmacidum,3015171,Mesorhizobium salmacidum (SeqCode),0,1,pcuac_only,NA,WP_337105397.1,1
novosphingobium olei,2728851,Novosphingobium olei,0,1,pcuac_only,NA,WP_338114864.1,1
planctobacterium marinum,1631968,Planctobacterium marinum,0,1,pcuac_only,NA,WP_338293405.1,1
uncultured sphaerotilus,474984,uncultured Sphaerotilus sp.,0,1,pcuac_only,NA,WP_338414951.1,1
nitratireductor thuwali,2267699,Nitratireductor thuwali,0,1,pcuac_only,NA,WP_338530727.1,1
brevundimonas olei,657642,Brevundimonas olei,0,1,pcuac_only,NA,WP_338578364.1,1
pelagibacterium nitratireducens,1046114;1046114;1082930;1967288;1046114;1159875,Pelagibacterium nitratireducens;uncultured Pelagibacterium sp.,0,1,pcuac_only,NA,WP_338607405.1,1
pseudomonas vesperimontis,3133144,Pseudomonas vesperimontis,0,1,pcuac_only,NA,WP_339079985.1,1
azoarcus taiwanensis,666964,Azoarcus taiwanensis,0,1,pcuac_only,NA,WP_339379820.1,1
paucibacter hankyongi,3133434,Paucibacter hankyongi,0,1,pcuac_only,NA,WP_339596948.1,1
paucibacter soli,3133433,Paucibacter soli,0,1,pcuac_only,NA,WP_339602961.1,1
uncultured pelagibacterium,1159875,uncultured Pelagibacterium sp.,0,1,pcuac_only,NA,WP_339642745.1,1
uncultured sphingosinicella,478748,uncultured Sphingosinicella sp.,0,1,pcuac_only,NA,WP_339710127.1,1
uncultured pseudosulfitobacter,2854214,uncultured Pseudosulfitobacter sp.,0,1,pcuac_only,NA,WP_339770837.1,1
uncultured nisaea,538215,uncultured Nisaea sp.,0,1,pcuac_only,NA,WP_339849109.1,1
uncultured albimonas,1331701,uncultured Albimonas sp.,0,1,pcuac_only,NA,WP_339947151.1,1
gymnodinialimonas mytili,3126503,Gymnodinialimonas mytili,0,1,pcuac_only,NA,WP_339975573.1,1
gymnodinialimonas ulvae,3126504,Gymnodinialimonas ulvae,0,1,pcuac_only,NA,WP_339985637.1,1
paludibacillus litoralis,3133267,Paludibacillus litoralis,0,1,pcuac_only,NA,WP_340107653.1,1
roseibium algae,3123038,Roseibium algae,0,1,pcuac_only,NA,WP_340272986.1,1
phaeobacter bryozoorum,1086632,Phaeobacter bryozoorum,0,1,pcuac_only,NA,WP_340546166.1,1
uncultured limimaricola,2211667,uncultured Limimaricola sp.,0,1,pcuac_only,NA,WP_341213974.1,1
uncultured acidovorax,158751,uncultured Acidovorax sp.,0,1,pcuac_only,NA,WP_341238766.1,1
yoonia phaeophyticola,3137369,Yoonia phaeophyticola,0,1,pcuac_only,NA,WP_341366032.1,1
ideonella lacteola,2984193,Ideonella lacteola,0,1,pcuac_only,NA,WP_341425085.1,1
candidatus chlorohelix,3003348;3139201,Candidatus Chlorohelix sp.,0,1,pcuac_only,NA,WP_341470618.1,1
pseudomonas viridinivis,3137451,Pseudomonas viridinivis,0,1,pcuac_only,NA,WP_341522473.1,1
psychromonas aquatilis,2005072,Psychromonas aquatilis,0,1,pcuac_only,NA,WP_341598684.1,1
vibrio echinoideorum,2100116,Vibrio echinoideorum,0,1,pcuac_only,NA,WP_341634615.1,1
phycobacter sedimenti,3133977,Phycobacter sedimenti,0,1,pcuac_only,NA,WP_341641521.1,1
pseudoxanthomonas putridarboris,752605,Pseudoxanthomonas putridarboris,0,1,pcuac_only,NA,WP_341725115.1,1
candidatus tisiphia,2029164;3066253;3066255;3066257;3066258;3066259;3066261;3066262;3066272;3066273;3077925;3077926;3139330;3139332;3139335,Candidatus Tisiphia endosymbiont of Mystacides longicornis,0,1,pcuac_only,NA,WP_375330086.1,1
ferrovibrio terrae,2594003,Ferrovibrio terrae,0,1,pcuac_only,NA,WP_341897166.1,1
pseudomonas bambusae,286;3139142;3468805,Pseudomonas;Pseudomonas bambusae;Pseudomonas salicis,0,1,pcuac_only,NA,WP_341960239.1,1
xanthomonas protegens,3380705,Xanthomonas protegens,0,1,pcuac_only,NA,WP_342074463.1,1
methylobacterium guangdongense,3138811,Methylobacterium guangdongense,0,1,pcuac_only,NA,WP_342107103.1,1
methylorubrum subtropicum,3138812,Methylorubrum subtropicum,0,1,pcuac_only,NA,WP_342153047.1,1
methylobacterium litchii,3138810,Methylobacterium litchii,0,1,pcuac_only,NA,WP_342165644.1,1
terrirubrum flagellatum,2895980,Terrirubrum flagellatum,0,1,pcuac_only,NA,WP_342361454.1,1
hansschlegelia quercus,2528245,Hansschlegelia quercus,0,1,pcuac_only,NA,WP_342635531.1,1
thiohalocapsa marina,424902,Thiohalocapsa marina,0,1,pcuac_only,NA,WP_342782262.1,1
rhabdaerophilum calidifontis,2604328,Rhabdaerophilum calidifontis,0,1,pcuac_only,NA,WP_342788619.1,1
paracoccus litorisediminis,2006130,Paracoccus litorisediminis,0,1,pcuac_only,NA,WP_343043224.1,1
ostreiculturibacter nitratireducens,3075226,Ostreiculturibacter nitratireducens,0,1,pcuac_only,NA,WP_343079854.1,1
pseudomonas halotolerans,3143552,Pseudomonas halotolerans,0,1,pcuac_only,NA,WP_343471002.1,1
sphingomonas oligophenolica,301154,Sphingomonas oligophenolica,0,1,pcuac_only,NA,WP_343892649.1,1
brachybacterium rhamnosum,173361,Brachybacterium rhamnosum,0,1,pcuac_only,NA,WP_462589186.1,1
pigmentiphaga daeguensis,152267;1977564;414049,Pigmentiphaga;Pigmentiphaga daeguensis;Pigmentiphaga sp.,0,1,pcuac_only,NA,WP_343928237.1,1
nostocoides vanveenii,330835,Nostocoides vanveenii,0,1,pcuac_only,NA,WP_344062180.1,1
brevibacterium samyangense,366888,Brevibacterium samyangense,0,1,pcuac_only,NA,WP_344307915.1,1
kitasatospora kazusensis,407974,Kitasatospora kazusensis,0,1,pcuac_only,NA,WP_344461229.1,1
nonomuraea monospora,568818,Nonomuraea monospora,0,1,pcuac_only,NA,WP_344476550.1,1
sphingomonas swuensis,977800,Sphingomonas swuensis,0,1,pcuac_only,NA,WP_344707224.1,1
sphingomonas humi,335630,Sphingomonas humi,0,1,pcuac_only,NA,WP_344711401.1,1
nocardioides fonticola,450363,Nocardioides fonticola,0,1,pcuac_only,NA,WP_344731352.1,1
acidovorax lacteus,1924988,Acidovorax lacteus,0,1,pcuac_only,NA,WP_345061009.1,1
bartonella acomydis,686234,Bartonella acomydis,0,1,pcuac_only,NA,WP_345096507.1,1
chelativorans composti,768533,Chelativorans composti,0,1,pcuac_only,NA,WP_345098131.1,1
bartonella jaculi,686226,Bartonella jaculi,0,1,pcuac_only,NA,WP_345114235.1,1
bartonella pachyuromydis,931097,Bartonella pachyuromydis,0,1,pcuac_only,NA,WP_345118294.1,1
kistimonas scapharcae,1036133,Kistimonas scapharcae,0,1,pcuac_only,NA,WP_345197643.1,1
pigmentiphaga soli,1007095,Pigmentiphaga soli,0,1,pcuac_only,NA,WP_345250485.1,1
ferrimonas gelatinilytica,1255257,Ferrimonas gelatinilytica,0,1,pcuac_only,NA,WP_345316845.1,1
viridibacterium curvum,1101404,Viridibacterium curvum,0,1,pcuac_only,NA,WP_345534793.1,1
herpetosiphon gulosus,1973496,Herpetosiphon gulosus,0,1,pcuac_only,NA,WP_345723565.1,1
uliginosibacterium sediminicola,2024550,Uliginosibacterium sediminicola,0,1,pcuac_only,NA,WP_345919023.1,1
thiomicrolovo immobilis,3131935,Thiomicrolovo immobilis,0,1,pcuac_only,NA,WP_345969545.1,1
sulfurimonas diazotrophicus,3131939,Sulfurimonas diazotrophicus,0,1,pcuac_only,NA,WP_345972191.1,1
thiomicrolovo subterrani,3131934,Thiomicrolovo subterrani,0,1,pcuac_only,NA,WP_345984901.1,1
nonomuraea maheshkhaliensis,419590,Nonomuraea maheshkhaliensis,0,1,pcuac_only,NA,WP_346109272.1,1
fulvimarina fulva,3148887,Fulvimarina fulva,0,1,pcuac_only,NA,WP_346219359.1,1
hohaiivirga grylli,3133970,Hohaiivirga grylli,0,1,pcuac_only,NA,WP_346336252.1,1
brevundimonas pondensis,2774189,Brevundimonas pondensis,0,1,pcuac_only,NA,WP_346504802.1,1
thiobacter aerophilus,3121275,Thiobacter aerophilus,0,1,pcuac_only,NA,WP_347306921.1,1
marinimicrobium locisalis,546022,Marinimicrobium locisalis,0,1,pcuac_only,NA,WP_347332403.1,1
rheinheimera fenheensis,3152295,Rheinheimera fenheensis,0,1,pcuac_only,NA,WP_347597030.1,1
roseateles paludis,3145238,Roseateles paludis,0,1,pcuac_only,NA,WP_347705415.1,1
uncultured planktomarina,1538529,uncultured Planktomarina sp.,0,1,pcuac_only,NA,WP_347820999.1,1
foliimonas ilicis,3151853,Foliimonas ilicis,0,1,pcuac_only,NA,WP_347970124.1,1
thalassotalea nanhaiensis,3065648,Thalassotalea nanhaiensis,0,1,pcuac_only,NA,WP_348388386.1,1
thalassotalea psychrophila,3065647,Thalassotalea psychrophila,0,1,pcuac_only,NA,WP_348390833.1,1
thalassotalea fonticola,3065649,Thalassotalea fonticola,0,1,pcuac_only,NA,WP_348395897.1,1
uncultured candidatus,655186,uncultured Candidatus Thioglobus sp.,0,1,pcuac_only,NA,WP_348669835.1,1
uncultured aquincola,886556,uncultured Aquincola sp.,0,1,pcuac_only,NA,WP_348751678.1,1
uncultured henriciella,1608424,uncultured Henriciella sp.,0,1,pcuac_only,NA,WP_348764582.1,1
neorhizobium phenanthreniclasticum,3157917,Neorhizobium phenanthreniclasticum,0,1,pcuac_only,NA,WP_348863035.1,1
chitinibacter mangrovi,3153927,Chitinibacter mangrovi,0,1,pcuac_only,NA,WP_348945937.1,1
mesorhizobium yinganensis,3157707,Mesorhizobium yinganensis,0,1,pcuac_only,NA,WP_349003674.1,1
mesorhizobium quangtriensis,3157709,Mesorhizobium quangtriensis,0,1,pcuac_only,NA,WP_349013995.1,1
sulfitobacter aquimarinus,3158557,Sulfitobacter aquimarinus,0,1,pcuac_only,NA,WP_349575142.1,1
vogesella oryzagri,3160864,Vogesella oryzagri,0,1,pcuac_only,NA,WP_349587640.1,1
halomonas pelophila,3151122,Halomonas pelophila,0,1,pcuac_only,NA,WP_349759833.1,1
halomonas aquatica,3151123,Halomonas aquatica,0,1,pcuac_only,NA,WP_349760350.1,1
fulvimarina thalattae,3162874,Fulvimarina thalattae,0,1,pcuac_only,NA,WP_349940124.1,1
deinococcus sonorensis,309891;694439,Deinococcus sonorensis;Deinococcus sonorensis KR-87,0,1,pcuac_only,NA,WP_350242763.1,1
methylorubrum podarium,200476,Methylorubrum podarium,0,1,pcuac_only,NA,WP_350394398.1,1
thalassolituus maritimus,484498,Thalassolituus maritimus,0,1,pcuac_only,NA,WP_353295143.1,1
candidatus albibeggiatoa,3162723;3162724,Candidatus Albibeggiatoa sp. nov. BB20,0,1,pcuac_only,NA,WP_353308775.1,1
salipiger bruguierae,3029062,Salipiger bruguierae,0,1,pcuac_only,NA,WP_353475462.1,1
thermus javaensis,3026935,Thermus javaensis,0,1,pcuac_only,NA,WP_353513220.1,1
agrobacterium vacciniicorymbosi,3228927,Agrobacterium vacciniicorymbosi,0,1,pcuac_only,NA,WP_353575769.1,1
brevundimonas faecalis,947378,Brevundimonas faecalis,0,1,pcuac_only,NA,WP_354088127.1,1
bartonella japonica,357761,Bartonella japonica,0,1,pcuac_only,NA,WP_354185219.1,1
bartonella silvatica,357760,Bartonella silvatica,0,1,pcuac_only,NA,WP_354188204.1,1
sphingomonas trueperi,53317,Sphingomonas trueperi,0,1,pcuac_only,NA,WP_354308304.1,1
mesorhizobium shonense,1209948,Mesorhizobium shonense,0,1,pcuac_only,NA,WP_435528605.1,1
mesorhizobium shangrilense,460060,Mesorhizobium shangrilense,0,1,pcuac_only,NA,WP_354462323.1,1
mesorhizobium robiniae,559315,Mesorhizobium robiniae,0,1,pcuac_only,NA,WP_354494042.1,1
unclassified roseovarius,2614913;3156459;3450449,unclassified Roseovarius;Roseovarius sp. MBR-6;Roseovarius sp. MBR-38,0,1,pcuac_only,NA,WP_354537451.1,1
limnomicrobium aquaticum,1549636,Limnomicrobium aquaticum,0,1,pcuac_only,NA,WP_354555790.1,1
uliginosibacterium flavum,1396831,Uliginosibacterium flavum,0,1,pcuac_only,NA,WP_354599306.1,1
unclassified psychromonas,2614957;3231032;3231033,unclassified Psychromonas;Psychromonas sp. MME1;Psychromonas sp. MME2,0,1,pcuac_only,NA,WP_354625415.1,1
micromonospora aurantiaca,47850,Micromonospora aurantiaca (nom. illeg.),0,1,pcuac_only,NA,WP_357178220.1,1
streptomyces exfoliatus,1905,Streptomyces exfoliatus,0,1,pcuac_only,NA,WP_359202977.1,1
meridianimarinicoccus marinus,3231483,Meridianimarinicoccus marinus,0,1,pcuac_only,NA,WP_366191365.1,1
micromonospora marina,307120,Micromonospora marina,0,1,pcuac_only,NA,WP_366592058.1,1
alicycliphilus soli,3228789,Alicycliphilus soli,0,1,pcuac_only,NA,WP_367068098.1,1
microbulbifer discodermiae,3232309,Microbulbifer discodermiae,0,1,pcuac_only,NA,WP_367149761.1,1
uncultured zoogloea,160237,uncultured Zoogloea sp.,0,1,pcuac_only,NA,WP_367179973.1,1
pseudogemmatithrix spongiicola,3062599,Pseudogemmatithrix spongiicola,0,1,pcuac_only,NA,WP_367886645.1,1
spiribacter pallidus,1987936,Spiribacter pallidus,0,1,pcuac_only,NA,WP_367957812.1,1
spiribacter onubensis,3122420,Spiribacter onubensis,0,1,pcuac_only,NA,WP_367967913.1,1
spiribacter insolitus,3122417,Spiribacter insolitus,0,1,pcuac_only,NA,WP_367984440.1,1
thioclava arctica,3238301,Thioclava arctica,0,1,pcuac_only,NA,WP_368391146.1,1
gymnodinialimonas hymeniacidonis,3126508,Gymnodinialimonas hymeniacidonis,0,1,pcuac_only,NA,WP_368474095.1,1
pseudomonas lijiangensis,2995658,Pseudomonas lijiangensis,0,1,pcuac_only,NA,WP_369004207.1,1
pseudomonas zhanjiangensis,3239015,Pseudomonas zhanjiangensis,0,1,pcuac_only,NA,WP_369289042.1,1
hyphococcus lacteus,3143536,Hyphococcus lacteus,0,1,pcuac_only,NA,WP_369313974.1,1
cognatiyoonia denitrificans,3237238,Cognatiyoonia denitrificans,0,1,pcuac_only,NA,WP_369440577.1,1
thermohahella caldifontis,3142973,Thermohahella caldifontis,0,1,pcuac_only,NA,WP_369602273.1,1
bradyrhizobium zaerense,3239388,Bradyrhizobium zaerense,0,1,pcuac_only,NA,WP_369723405.1,1
xanthomonas tesorieronis,3160839,Xanthomonas tesorieronis,0,1,pcuac_only,NA,WP_369938550.1,1
xanthomonas medicagonis,3160841,Xanthomonas medicagonis,0,1,pcuac_only,NA,WP_369939688.1,1
sulfitobacter rhodophyticola,3238304,Sulfitobacter rhodophyticola,0,1,pcuac_only,NA,WP_370400795.1,1
aquitalea aquatilis,1537400;2153366;407217,Aquitalea;Aquitalea aquatilis;Aquitalea sp. FJL05,0,1,pcuac_only,NA,WP_370449674.1,1
luteimonas salinilitoris,3237697,Luteimonas salinilitoris,0,1,pcuac_only,NA,WP_370562599.1,1
palleronia abyssalis,1501240,Palleronia abyssalis,0,1,pcuac_only,NA,WP_370739703.1,1
allorhizobium paknamense,1206817,Allorhizobium paknamense,0,1,pcuac_only,NA,WP_370878055.1,1
unclassified rhodosalinus,2630183;3239195;3239196,unclassified Rhodosalinus;Rhodosalinus sp. K401;Rhodosalinus sp. 5P4,0,1,pcuac_only,NA,WP_371055097.1,1
aliiroseovarius conchicola,3121637,Aliiroseovarius conchicola,0,1,pcuac_only,NA,WP_371169370.1,1
thalassotalea maritima,3242416,Thalassotalea maritima,0,1,pcuac_only,NA,WP_371186805.1,1
roseovarius conchicola,3121636,Roseovarius conchicola,0,1,pcuac_only,NA,WP_371226242.1,1
thalassotalea aquiviva,3242415,Thalassotalea aquiviva,0,1,pcuac_only,NA,WP_371374006.1,1
fretibacter rubidus,570162,Fretibacter rubidus,0,1,pcuac_only,NA,WP_371396311.1,1
ruegeria jejuensis,3233338,Ruegeria jejuensis,0,1,pcuac_only,NA,WP_372574517.1,1
ruegeria hyattellae,3233337,Ruegeria hyattellae,0,1,pcuac_only,NA,WP_372579385.1,1
aeromonas dhakensis,196024,Aeromonas dhakensis,0,1,pcuac_only,NA,WP_373342576.1,1
ideonella dechloratans,36863,Ideonella dechloratans,0,1,pcuac_only,NA,WP_374428098.1,1
yunchengibacter salinarum,3133399,Yunchengibacter salinarum,0,1,pcuac_only,NA,WP_374762897.1,1
pseudochrobactrum asaccharolyticum,354351,Pseudochrobactrum asaccharolyticum,0,1,pcuac_only,NA,WP_374788346.1,1
pseudochrobactrum kiredjianiae,386305,Pseudochrobactrum kiredjianiae,0,1,pcuac_only,NA,WP_374806446.1,1
paenochrobactrum pullorum,1324351,Paenochrobactrum pullorum,0,1,pcuac_only,NA,WP_374829025.1,1
daeguia caeni,439612,Daeguia caeni,0,1,pcuac_only,NA,WP_374830961.1,1
mycoplana ramosa,40837,Mycoplana ramosa,0,1,pcuac_only,NA,WP_374835367.1,1
paenochrobactrum glaciei,486407,Paenochrobactrum glaciei,0,1,pcuac_only,NA,WP_374844534.1,1
ensifer soli,3342379,Ensifer soli,0,1,pcuac_only,NA,WP_374887385.1,1
pseudomonas idahonensis,2942628,Pseudomonas idahonensis,0,1,pcuac_only,NA,WP_375107017.1,1
bradyrhizobium dasycarpae,3341829,Bradyrhizobium dasycarpae,0,1,pcuac_only,NA,WP_375160535.1,1
methylorubrum thiocyanatum,47958,Methylorubrum thiocyanatum,0,1,pcuac_only,NA,WP_375275817.1,1
ahrensia marina,1514904,Ahrensia marina,0,1,pcuac_only,NA,WP_375571050.1,1
devosia polycyclovorans,3345148,Devosia polycyclovorans,0,1,pcuac_only,NA,WP_375598680.1,1
arcobacter iocasae,2906515,Arcobacter iocasae,0,1,pcuac_only,NA,WP_375723038.1,1
nocardia colli,2545717,Nocardia colli,0,1,pcuac_only,NA,WP_375905544.1,1
pseudochrobactrum lubricantis,558172,Pseudochrobactrum lubricantis,0,1,pcuac_only,NA,WP_376709458.1,1
raskinella chloraquaticus,1951219,Raskinella chloraquaticus (SeqCode),0,1,pcuac_only,NA,WP_376802426.1,1
caenimonas terrae,696074,Caenimonas terrae,0,1,pcuac_only,NA,WP_376849097.1,1
bacterioplanoides pacificum,1171596,Bacterioplanoides pacificum,0,1,pcuac_only,NA,WP_376867562.1,1
azorhizophilus paspali,69963,Azorhizophilus paspali,0,1,pcuac_only,NA,WP_376943711.1,1
roseovarius aquimarinus,1229156,Roseovarius aquimarinus,0,1,pcuac_only,NA,WP_377169890.1,1
ruegeria meonggei,1446476,Ruegeria meonggei,0,1,pcuac_only,NA,WP_377186303.1,1
neorhizobium puerariae,1585791,Neorhizobium puerariae,0,1,pcuac_only,NA,WP_377266035.1,1
phenylobacterium terrae,2665495,Phenylobacterium terrae,0,1,pcuac_only,NA,WP_377282540.1,1
piscinibacterium candidicorallinum,1793872,Piscinibacterium candidicorallinum,0,1,pcuac_only,NA,WP_377304981.1,1
rheinheimera marina,1774958,Rheinheimera marina,0,1,pcuac_only,NA,WP_377334027.1,1
rhodocista pekingensis,201185,Rhodocista pekingensis,0,1,pcuac_only,NA,WP_377357622.1,1
marinomonas vaga,1236;1623218;28255,Gammaproteobacteria;Marinomonas vaga;Rhodanobacter aciditrophus,0,1,pcuac_only,NA,WP_377366371.1,1
affinirhizobium helianthi,1132695,Affinirhizobium helianthi,0,1,pcuac_only,NA,WP_377402816.1,1
unclassified ramlibacter,2617605;3273424;3459302,unclassified Ramlibacter;Ramlibacter sp. GCM10027632;Ramlibacter sp. MAHUQ-53,0,1,pcuac_only,NA,WP_377415329.1,1
paracoccus cavernae,1571207,Paracoccus cavernae,0,1,pcuac_only,NA,WP_377786174.1,1
paracoccus niistensis,632935,Paracoccus niistensis,0,1,pcuac_only,NA,WP_377700077.1,1
paracoccus angustae,1671480,Paracoccus angustae,0,1,pcuac_only,NA,WP_377762217.1,1
azotobacter bryophylli,1986537,Azotobacter bryophylli,0,1,pcuac_only,NA,WP_377814513.1,1
acidimangrovimonas pyrenivorans,2030798,Acidimangrovimonas pyrenivorans,0,1,pcuac_only,NA,WP_377830696.1,1
aquamicrobium segne,469547,Aquamicrobium segne,0,1,pcuac_only,NA,WP_378229204.1,1
actinokineospora guangxiensis,1490288,Actinokineospora guangxiensis,0,1,pcuac_only,NA,WP_378249429.1,1
rhodopseudomonas telluris,644215,Rhodopseudomonas telluris,0,1,pcuac_only,NA,WP_378391838.1,1
rhodoplanes azumiensis,1897628,Rhodoplanes azumiensis,0,1,pcuac_only,NA,WP_378475803.1,1
nocardia brasiliensis,37326,Nocardia brasiliensis,0,1,pcuac_only,NA,WP_378729721.1,1
methylopila musalis,1134781,Methylopila musalis,0,1,pcuac_only,NA,WP_378774926.1,1
mesorhizobium cantuariense,1300275,Mesorhizobium cantuariense,0,1,pcuac_only,NA,WP_378983431.1,1
paraherbaspirillum soli,631222,Paraherbaspirillum soli,0,1,pcuac_only,NA,WP_378993790.1,1
mesorhizobium calcicola,1300310,Mesorhizobium calcicola,0,1,pcuac_only,NA,WP_379017039.1,1
paracoccus simplex,2086346,Paracoccus simplex,0,1,pcuac_only,NA,WP_379030538.1,1
methylophilus flavus,640084,Methylophilus flavus,0,1,pcuac_only,NA,WP_379031207.1,1
methylophilus luteus,640108,Methylophilus luteus,0,1,pcuac_only,NA,WP_379056467.1,1
methyloligella solikamskensis,1177756,Methyloligella solikamskensis,0,1,pcuac_only,NA,WP_379091050.1,1
mesorhizobium newzealandense,1300302,Mesorhizobium newzealandense,0,1,pcuac_only,NA,WP_379103087.1,1
methylobacterium carpenticola,3344827,Methylobacterium carpenticola,0,1,pcuac_only,NA,WP_379131279.1,1
teichococcus globiformis,2307229,Teichococcus globiformis,0,1,pcuac_only,NA,WP_379593036.1,1
massilia consociata,760117,Massilia consociata,0,1,pcuac_only,NA,WP_379679400.1,1
massilia jejuensis,648894,Massilia jejuensis,0,1,pcuac_only,NA,WP_379719518.1,1
ferrovibrio xuzhouensis,1576914,Ferrovibrio xuzhouensis,0,1,pcuac_only,NA,WP_379722707.1,1
massilia haematophila,457923,Massilia haematophila,0,1,pcuac_only,NA,WP_379733197.1,1
halomonas tibetensis,2259590,Halomonas tibetensis,0,1,pcuac_only,NA,WP_379759135.1,1
massilia suwonensis,648895,Massilia suwonensis,0,1,pcuac_only,NA,WP_379760835.1,1
massilia niabensis,544910,Massilia niabensis,0,1,pcuac_only,NA,WP_379780667.1,1
lacibacterium aquatile,1168082,Lacibacterium aquatile,0,1,pcuac_only,NA,WP_379875862.1,1
marinobacter lacisalsi,475979,Marinobacter lacisalsi,0,1,pcuac_only,NA,WP_379890147.1,1
marinibaculum pumilum,1766165,Marinibaculum pumilum,0,1,pcuac_only,NA,WP_379901093.1,1
lacimonas salitolerans,1323750,Lacimonas salitolerans,0,1,pcuac_only,NA,WP_379911952.1,1
dongia sedimenti,3064282,Dongia sedimenti,0,1,pcuac_only,NA,WP_379954454.1,1
cypionkella sinensis,1756043,Cypionkella sinensis,0,1,pcuac_only,NA,WP_380074309.1,1
delftia deserti,1651218,Delftia deserti,0,1,pcuac_only,NA,WP_380106184.1,1
salinisphaera aquimarina,2094031,Salinisphaera aquimarina,0,1,pcuac_only,NA,WP_380687673.1,1
seohaeicola nanhaiensis,1387282;1387282;1569283;481178,Seohaeicola;Seohaeicola nanhaiensis;Seohaeicola zhoushanensis,0,1,pcuac_only,NA,WP_380717660.1,1
seminibacterium arietis,1173502,Seminibacterium arietis,0,1,pcuac_only,NA,WP_380821075.1,1
streptomyces caeni,2307231,Streptomyces caeni,0,1,pcuac_only,NA,WP_381082746.1,1
sphingosinicella xenopeptidilytica,364098,Sphingosinicella xenopeptidilytica,0,1,pcuac_only,NA,WP_381489225.1,1
sphingorhabdus buctiana,1508805,Sphingorhabdus buctiana,0,1,pcuac_only,NA,WP_381511295.1,1
hydrogenophaga luteola,1591122,Hydrogenophaga luteola,0,1,pcuac_only,NA,WP_382174002.1,1
herminiimonas aquatilis,345342,Herminiimonas aquatilis,0,1,pcuac_only,NA,WP_382233787.1,1
herminiimonas glaciei,523788,Herminiimonas glaciei,0,1,pcuac_only,NA,WP_382272101.1,1
glaciecola siphonariae,521012,Glaciecola siphonariae,0,1,pcuac_only,NA,WP_382408637.1,1
giesbergeria sinuosa,180194;352449;80883,Giesbergeria sinuosa;Giesbergeria giesbergeri;Giesbergeria,0,1,pcuac_only,NA,WP_382432888.1,1
thiorhodococcus fuscus,527200,Thiorhodococcus fuscus,0,1,pcuac_only,NA,WP_386026837.1,1
vogesella facilis,1655232,Vogesella facilis,0,1,pcuac_only,NA,WP_386091613.1,1
sulfitobacter sediminivivens,3252902,Sulfitobacter sediminivivens,0,1,pcuac_only,NA,WP_386177822.1,1
streptomyces roseolus,67358,Streptomyces roseolus,0,1,pcuac_only,NA,WP_386757672.1,1
affinundibacterium danionis,1812100,Affinundibacterium danionis,0,1,pcuac_only,NA,WP_390214021.1,1
halodurantibacterium flavum,1382802,Halodurantibacterium flavum,0,1,pcuac_only,NA,WP_390263279.1,1
unclassified rickettsia,114295;3348345;3414740,unclassified Rickettsia;Rickettsia sp. 2024-CO-Wats;Rickettsia sp. 2024-CO-Wats-2,0,1,pcuac_only,NA,WP_392506665.1,1
unclassified saccharospirillum,2633430;3157713;3157716,unclassified Saccharospirillum;Saccharospirillum sp. HFRX-1;Saccharospirillum sp. HFRX-2,0,1,pcuac_only,NA,WP_392800503.1,1
micromonospora echinaurantiaca,47857,Micromonospora echinaurantiaca,0,1,pcuac_only,NA,WP_393345974.1,1
roseovarius roseus,3342636,Roseovarius roseus,0,1,pcuac_only,NA,WP_393935076.1,1
roseovarius maritimus,3342637,Roseovarius maritimus,0,1,pcuac_only,NA,WP_393960971.1,1
xanthobacter nonsaccharivorans,3119912,Xanthobacter nonsaccharivorans,0,1,pcuac_only,NA,WP_393980360.1,1
xanthobacter cornucopiae,3119924,Xanthobacter cornucopiae,0,1,pcuac_only,NA,WP_393995138.1,1
roseixanthobacter pseudopolyaromaticivorans,3119920,Roseixanthobacter pseudopolyaromaticivorans,0,1,pcuac_only,NA,WP_394015191.1,1
xanthobacter pseudotagetidis,3119911,Xanthobacter pseudotagetidis,0,1,pcuac_only,NA,WP_394018168.1,1
xanthobacter wiegelii,3119913,Xanthobacter wiegelii,0,1,pcuac_only,NA,WP_394031191.1,1
roseixanthobacter liquoris,3119921,Roseixanthobacter liquoris,0,1,pcuac_only,NA,WP_394046325.1,1
xanthobacter variabilis,3119932,Xanthobacter variabilis,0,1,pcuac_only,NA,WP_394058773.1,1
roseixanthobacter glucoisosaccharinicivorans,3119923,Roseixanthobacter glucoisosaccharinicivorans,0,1,pcuac_only,NA,WP_394072319.1,1
roseixanthobacter finlandensis,3119922,Roseixanthobacter finlandensis,0,1,pcuac_only,NA,WP_394083125.1,1
shewanella maritima,2520507,Shewanella maritima,0,1,pcuac_only,NA,WP_394130331.1,1
vibrio atypicus,558271,Vibrio atypicus,0,1,pcuac_only,NA,WP_394143709.1,1
paracoccus panacisoli,1510163,Paracoccus panacisoli,0,1,pcuac_only,NA,WP_394317849.1,1
kinneretia aquatilis,2070761,Kinneretia aquatilis,0,1,pcuac_only,NA,WP_394341035.1,1
pelomonas baiyunensis,3299026,Pelomonas baiyunensis,0,1,pcuac_only,NA,WP_394384831.1,1
roseateles rivi,3299028,Roseateles rivi,0,1,pcuac_only,NA,WP_394462644.1,1
ningiella algicola,3023715,Ningiella algicola,0,1,pcuac_only,NA,WP_395340412.1,1
marinicella algicola,3023713,Marinicella algicola,0,1,pcuac_only,NA,WP_395374965.1,1
casimicrobium huifangae,2591109,Casimicrobium huifangae,0,1,pcuac_only,NA,WP_395706279.1,1
unclassified bermanella,2627862;3093849;3093852,unclassified Bermanella;Bermanella sp. R86531;Bermanella sp. R86510,0,1,pcuac_only,NA,WP_396587617.1,1
paracoccus jiaweipingae,3366951,Paracoccus jiaweipingae,0,1,pcuac_only,NA,WP_397206709.1,1
roseovarius salis,3376063,Roseovarius salis,0,1,pcuac_only,NA,WP_397542712.1,1
vreelandella lionensis,1144478,Vreelandella lionensis,0,1,pcuac_only,NA,WP_490175629.1,1
pseudomonas caricapapayae,46678,Pseudomonas caricapapayae,0,1,pcuac_only,NA,WP_400171857.1,1
pseudomonas cyclaminis,2781239,Pseudomonas cyclaminis,0,1,pcuac_only,NA,WP_400524635.1,1
caenispirillum salinarum,859058,Caenispirillum salinarum,0,1,pcuac_only,NA,WP_404382837.1,1
massilia paldalensis,3377675,Massilia paldalensis,0,1,pcuac_only,NA,WP_404532305.1,1
agromyces mediolanus,41986,Agromyces mediolanus,0,1,pcuac_only,NA,WP_404773835.1,1
brucella amazoniensis,2837955,Brucella amazoniensis,0,1,pcuac_only,NA,WP_404781565.1,1
celeribacter naphthalenivorans,1614694,Celeribacter naphthalenivorans,0,1,pcuac_only,NA,WP_404814960.1,1
unclassified paenochrobactrum,2639760;3378075;3378076,unclassified Paenochrobactrum;Paenochrobactrum sp. BZR 201-1;Paenochrobactrum sp. BZR 588,0,1,pcuac_only,NA,WP_404907221.1,1
marinospirillum alkalitolerans,3123374,Marinospirillum alkalitolerans,0,1,pcuac_only,NA,WP_405336270.1,1
ancylobacter terrae,3342077,Ancylobacter terrae,0,1,pcuac_only,NA,WP_405702118.1,1
methyloraptor flagellatus,3162530,Methyloraptor flagellatus,0,1,pcuac_only,NA,WP_407049592.1,1
campylobacter canis,3378588,Campylobacter canis,0,1,pcuac_only,NA,WP_407064217.1,1
methylobacterium oryzisoli,3385502,Methylobacterium oryzisoli,0,1,pcuac_only,NA,WP_407522193.1,1
tateyamaria armeniaca,2518930,Tateyamaria armeniaca,0,1,pcuac_only,NA,WP_407590272.1,1
vibrio ostreae,2841925,Vibrio ostreae,0,1,pcuac_only,NA,WP_407701866.1,1
thalassococcus profundi,2282382,Thalassococcus profundi,0,1,pcuac_only,NA,WP_407703179.1,1
bordetella saccharivorans,3692173,Bordetella saccharivorans,0,1,pcuac_only,NA,WP_407849746.1,1
mesorhizobium xinjiangense,2678685,Mesorhizobium xinjiangense,0,1,pcuac_only,NA,WP_407941306.1,1
bartonella bennetti,3070220,Bartonella bennetti,0,1,pcuac_only,NA,WP_407966245.1,1
bartonella heixiaziensis,1461000,Bartonella heixiaziensis,0,1,pcuac_only,NA,WP_409361366.1,1
pseudomonas imrae,2992837,Pseudomonas imrae,0,1,pcuac_only,NA,WP_410017908.1,1
motilimonas thetidivivens,3388668,Motilimonas thetidivivens,0,1,pcuac_only,NA,WP_410196297.1,1
pontitalea aquivivens,3388663,Pontitalea aquivivens,0,1,pcuac_only,NA,WP_410301320.1,1
oceanisphaera submarina,3390193,Oceanisphaera submarina,0,1,pcuac_only,NA,WP_410456946.1,1
loktanella agnita,287097,Loktanella agnita,0,1,pcuac_only,NA,WP_411643879.1,1
hyphococcus formosus,3143534,Hyphococcus formosus,0,1,pcuac_only,NA,WP_411818043.1,1
roseovarius halophilus,3376060,Roseovarius halophilus (ex Wu et al. 2025),0,1,pcuac_only,NA,WP_412506012.1,1
nocardiopsis yanglingensis,672459,Nocardiopsis yanglingensis,0,1,pcuac_only,NA,WP_412703122.1,1
pseudomonas phoenicis,3132207,Pseudomonas phoenicis,0,1,pcuac_only,NA,WP_413047693.1,1
thaumasiovibrio clandestinus,3384792,Thaumasiovibrio clandestinus,0,1,pcuac_only,NA,WP_413112180.1,1
candidatus desulfatibia,3101189,Candidatus Desulfatibia sp.,0,1,pcuac_only,NA,WP_413884235.1,1
candidatus skiveiella,3386177,Candidatus Skiveiella danica,0,1,pcuac_only,NA,WP_413893106.1,1
sphingomonas flavalba,2559804,Sphingomonas flavalba,0,1,pcuac_only,NA,WP_414900833.1,1
acidovorax sacchari,3230736,Acidovorax sacchari,0,1,pcuac_only,NA,WP_415266260.1,1
tateyamaria algicola,3092147,Tateyamaria algicola,0,1,pcuac_only,NA,WP_415404146.1,1
pseudoalteromonas distincta,3133266;53246;77608,Pseudoalteromonas;Pseudoalteromonas distincta;Pseudoalteromonas sp. TP27,0,1,pcuac_only,NA,WP_415636796.1,1
bordetella tumulicola,1649133,Bordetella tumulicola,0,1,pcuac_only,NA,WP_415790937.1,1
comamonas aquatilis,1778406,Comamonas aquatilis,0,1,pcuac_only,NA,WP_415796501.1,1
bordetella muralis,1649130,Bordetella muralis,0,1,pcuac_only,NA,WP_415808150.1,1
litorimonas haliclonae,2081977,Litorimonas haliclonae,0,1,pcuac_only,NA,WP_415811702.1,1
bordetella tumbae,1649139,Bordetella tumbae,0,1,pcuac_only,NA,WP_415820920.1,1
bordetella sputigena,1416810,Bordetella sputigena,0,1,pcuac_only,NA,WP_415824152.1,1
unclassified neptuniibacter,2630693;3398205;3398206;2630693;3398209;3398211;2630693;3398213;3398214,unclassified Neptuniibacter;Neptuniibacter sp. QD37_11;Neptuniibacter sp. QD48_11,0,1,pcuac_only,NA,WP_415891850.1,1
tateyamaria rhodophyticola,3092148,Tateyamaria rhodophyticola,0,1,pcuac_only,NA,WP_415921778.1,1
aureimonas phyllosphaerae,1166078,Aureimonas phyllosphaerae,0,1,pcuac_only,NA,WP_416358065.1,1
pseudomonas imperatae,286;3068990;3468810;3470885,Pseudomonas;Pseudomonas sp. App30;Pseudomonas imperatae;Pseudomonas sp. Tav-5-1A,0,1,pcuac_only,NA,WP_416422211.1,1
pseudidiomarina aquimaris,641841,Pseudidiomarina aquimaris,0,1,pcuac_only,NA,WP_417683693.1,1
benzoatithermus flavus,3108223,Benzoatithermus flavus,0,1,pcuac_only,NA,WP_418160330.1,1
arcobacter denitrificans,3722736,Arcobacter denitrificans (SeqCode),0,1,pcuac_only,NA,WP_419764180.1,1
arcobacter siniprincipis,28196;3158260;3722734,Arcobacter;Arcobacter sp. 7ABA8;Arcobacter siniprincipis (SeqCode),0,1,pcuac_only,NA,WP_419768392.1,1
marinarcus sediminis,3722741,Marinarcus sediminis (SeqCode),0,1,pcuac_only,NA,WP_419770333.1,1
terasakiella halodenitrificans,196080;2034861;3378066;3722735,Terasakiella;Terasakiella sp.;Terasakiella sp. 4MB5A;Terasakiella halodenitrificans (SeqCode),0,1,pcuac_only,NA,WP_419799342.1,1
thioalkalivibrio sulfidiphilus,1033854,Thioalkalivibrio sulfidiphilus,0,1,pcuac_only,NA,WP_420084021.1,1
litorivicinus lipolyticus,418701,Litorivicinus lipolyticus,0,1,pcuac_only,NA,WP_420550610.1,1
candidatus leptofilum,3241576,Candidatus Leptofilum sp.,0,1,pcuac_only,NA,WP_420627950.1,1
rhizobium beringeri,3019934,Rhizobium beringeri,0,1,pcuac_only,NA,WP_420655366.1,1
cribrihabitans pelagius,1765746,Cribrihabitans pelagius,0,1,pcuac_only,NA,WP_420676456.1,1
unclassified hwanghaeella,2605944;3402810;3402811,unclassified Hwanghaeella;Hwanghaeella sp. LZ110;Hwanghaeella sp. 1Z406,0,1,pcuac_only,NA,WP_420726103.1,1
brevibacterium luteolum,199591,Brevibacterium luteolum,0,1,pcuac_only,NA,WP_420734469.1,1
pseudomonas algeriensis,3155978,Pseudomonas algeriensis,0,1,pcuac_only,NA,WP_420766257.1,1
pseudomonas brassicae,2708063,Pseudomonas brassicae,0,1,pcuac_only,NA,WP_420801223.1,1
ralstonia soli,2953896,Ralstonia soli,0,1,pcuac_only,NA,WP_420804112.1,1
chachezhania antarctica,2340860,Chachezhania antarctica,0,1,pcuac_only,NA,WP_420837204.1,1
marivivens marinus,3110173,Marivivens marinus,0,1,pcuac_only,NA,WP_420858214.1,1
aliiroseovarius marinus,2500159,Aliiroseovarius marinus,0,1,pcuac_only,NA,WP_420867519.1,1
candidatus magnetaquiglobus,3141448,Candidatus Magnetaquiglobus chichijimensis,0,1,pcuac_only,NA,WP_420904005.1,1
alteromonas ulvae,3410269,Alteromonas ulvae,0,1,pcuac_only,NA,WP_420934816.1,1
pseudochrobactrum mosebachae,3022250,Pseudochrobactrum mosebachae,0,1,pcuac_only,NA,WP_421090858.1,1
halomonas terrestris,3411041,Halomonas terrestris,0,1,pcuac_only,NA,WP_421411604.1,1
marinicellulosiphila megalodicopiae,2724896,Marinicellulosiphila megalodicopiae,0,1,pcuac_only,NA,WP_422381715.1,1
unclassified endozoicomonas,2644528;3403073;3403076,unclassified Endozoicomonas;Endozoicomonas sp. ALB091;Endozoicomonas sp. ALC013,0,1,pcuac_only,NA,WP_422449370.1,1
luteimonas dalianensis,1148196,Luteimonas dalianensis,0,1,pcuac_only,NA,WP_422894190.1,1
pseudomonas cimarronensis,3401633,Pseudomonas cimarronensis,0,1,pcuac_only,NA,WP_422910210.1,1
metapseudomonas cellulosilytica,3351532,Metapseudomonas cellulosilytica,0,1,pcuac_only,NA,WP_422915107.1,1
candidatus amarolinea,2249329,Candidatus Amarolinea aalborgensis,0,1,pcuac_only,NA,WP_423225159.1,1
thermus altitudinis,2908145,Thermus altitudinis,0,1,pcuac_only,NA,WP_423247855.1,1
arcobacter pernae,3376631,Arcobacter pernae,0,1,pcuac_only,NA,WP_423273009.1,1
arcobacter rhizosphaerae,3376632,Arcobacter rhizosphaerae,0,1,pcuac_only,NA,WP_423297585.1,1
roseomonas chloroacetimidivorans,1766656,Roseomonas chloroacetimidivorans,0,1,pcuac_only,NA,WP_424134408.1,1
youngimonas ophiurae,3415123,Youngimonas ophiurae (nom. illeg.),0,1,pcuac_only,NA,WP_425094954.1,1
pseudomonas aegrilactucae,2854028,Pseudomonas aegrilactucae,0,1,pcuac_only,NA,WP_425274836.1,1
aquabacterium olei,1296669,Aquabacterium olei,0,1,pcuac_only,NA,WP_425428958.1,1
aliiroseovarius lamellibrachiae,1924933,Aliiroseovarius lamellibrachiae,0,1,pcuac_only,NA,WP_425514254.1,1
terribium retamae,2912854,Terribium retamae,0,1,pcuac_only,NA,WP_425530916.1,1
aromatoleum buckelii,200254,Aromatoleum buckelii,0,1,pcuac_only,NA,WP_425532309.1,1
streptomyces gobitricini,68211,Streptomyces gobitricini,0,1,pcuac_only,NA,WP_425575605.1,1
micrococcus porci,2856555,Micrococcus porci,0,1,pcuac_only,NA,WP_425725412.1,1
unclassified caulobacter,2648921;2804642;2804647,unclassified Caulobacter;Caulobacter sp. DWR2-3-1b2;Caulobacter sp. DWR3-1-2,0,1,pcuac_only,NA,WP_426009866.1,1
rhizorhabdus antheiae,3400216,Rhizorhabdus antheiae,0,1,pcuac_only,NA,WP_426180639.1,1
bradyrhizobium ganzhouense,1179767,Bradyrhizobium ganzhouense,0,1,pcuac_only,NA,WP_426407332.1,1
muricoccus radiodurans,2231721,Muricoccus radiodurans,0,1,pcuac_only,NA,WP_426956659.1,1
mycolicibacterium vaccae,1810,Mycolicibacterium vaccae,0,1,pcuac_only,NA,WP_427098291.1,1
candidatus pelagibacter,2024849,Candidatus Pelagibacter sp.,0,1,pcuac_only,NA,WP_428079969.1,1
aliivibrio kagoshimensis,2910230,Aliivibrio kagoshimensis,0,1,pcuac_only,NA,WP_428198019.1,1
photobacterium sagamiensis,2910241,Photobacterium sagamiensis,0,1,pcuac_only,NA,WP_428442006.1,1
photobacterium nomapromontoriensis,2910237,Photobacterium nomapromontoriensis,0,1,pcuac_only,NA,WP_428447318.1,1
photobacterium kasasachensis,2910240,Photobacterium kasasachensis,0,1,pcuac_only,NA,WP_428451421.1,1
photobacterium makurazakiensis,2910234,Photobacterium makurazakiensis,0,1,pcuac_only,NA,WP_428458384.1,1
photobacterium kagoshimensis,2910242,Photobacterium kagoshimensis,0,1,pcuac_only,NA,WP_428461982.1,1
photobacterium minamisatsumaniensis,2910233,Photobacterium minamisatsumaniensis,0,1,pcuac_only,NA,WP_428469102.1,1
photobacterium japonica,2910235,Photobacterium japonica,0,1,pcuac_only,NA,WP_428480020.1,1
photobacterium satsumensis,2910239,Photobacterium satsumensis,0,1,pcuac_only,NA,WP_428646135.1,1
vibrio cionasavignyae,2910252,Vibrio cionasavignyae,0,1,pcuac_only,NA,WP_428754498.1,1
vibrio profundum,2910247,Vibrio profundum,0,1,pcuac_only,NA,WP_428789615.1,1
vibrio nomapromontoriensis,2910246,Vibrio nomapromontoriensis,0,1,pcuac_only,NA,WP_428794100.1,1
methylocapsa aurea,663610,Methylocapsa aurea,0,1,pcuac_only,NA,WP_428989453.1,1
roseixanthobacter psychrophilus,3119917,Roseixanthobacter psychrophilus,0,1,pcuac_only,NA,WP_429007462.1,1
blastomonas fulva,1550728,Blastomonas fulva,0,1,pcuac_only,NA,WP_430387776.1,1
sphingorhabdus contaminans,1343899,Sphingorhabdus contaminans,0,1,pcuac_only,NA,WP_430443932.1,1
campylobacter australis,3424761,Campylobacter australis,0,1,pcuac_only,NA,WP_430804843.1,1
methylobacterium endophyticum,3418177,Methylobacterium endophyticum,0,1,pcuac_only,NA,WP_430913831.1,1
roseateles noduli,2052484,Roseateles noduli,0,1,pcuac_only,NA,WP_431102034.1,1
endobacterium panacihumi,2008450,Endobacterium panacihumi,0,1,pcuac_only,NA,WP_432294344.1,1
nioella aestuarii,1662864,Nioella aestuarii,0,1,pcuac_only,NA,WP_432675469.1,1
roseovarius tibetensis,2685897,Roseovarius tibetensis,0,1,pcuac_only,NA,WP_432683218.1,1
novosphingobium rhizosphaerae,1551649,Novosphingobium rhizosphaerae,0,1,pcuac_only,NA,WP_432788092.1,1
xanthomonas boreopolis,86183,Xanthomonas boreopolis,0,1,pcuac_only,NA,WP_434026097.1,1
melittangium boletus,83453,Melittangium boletus,0,1,pcuac_only,NA,WP_434390379.1,1
halomonas salsilacus,3440841,Halomonas salsilacus,0,1,pcuac_only,NA,WP_435400732.1,1
variovorax nivicola,3443733,Variovorax nivicola,0,1,pcuac_only,NA,WP_435466072.1,1
variovorax trehalosi,3443729,Variovorax trehalosi,0,1,pcuac_only,NA,WP_435502507.1,1
herbaspirillum seropedicae,964,Herbaspirillum seropedicae,0,1,pcuac_only,NA,WP_435529007.1,1
unclassified thauera,2609274;3416051;3460294,unclassified Thauera;Thauera sp. AutoDN2;Thauera sp. ZXT1-4,0,1,pcuac_only,NA,WP_435751265.1,1
pyranulibacter aquaticus,3163344,Pyranulibacter aquaticus,0,1,pcuac_only,NA,WP_436272302.1,1
janthinobacterium longum,3424193,Janthinobacterium longum,0,1,pcuac_only,NA,WP_436545180.1,1
microbaculum mangrovi,3447298,Microbaculum mangrovi,0,1,pcuac_only,NA,WP_436638891.1,1
neorhizobium descurainiae,3396163,Neorhizobium descurainiae,0,1,pcuac_only,NA,WP_436819157.1,1
unclassified marinovum,2647166;3449224;3449225;2647166;3449224;3449225;3449226,unclassified Marinovum;Marinovum sp. B10;Marinovum sp. E06;Marinovum sp. F03,0,1,pcuac_only,NA,WP_437161064.1,1
unclassified melioribacter,2627329;3423433;3461410,unclassified Melioribacter;Melioribacter sp. OK-6-Me;Melioribacter sp. OK-1-Me,0,1,pcuac_only,NA,WP_437346863.1,1
sphingopyxis selenitireducens,3158553,Sphingopyxis selenitireducens,0,1,pcuac_only,NA,WP_438324599.1,1
pseudogemmobacter sonorensis,2989681,Pseudogemmobacter sonorensis,0,1,pcuac_only,NA,WP_438670731.1,1
profundibacterium mesophilum,1037889;1258573,Profundibacterium mesophilum KAUST100406-0324;Profundibacterium mesophilum,0,1,pcuac_only,NA,WP_438943238.1,1
pseudomonas neustonica,2487346,Pseudomonas neustonica,0,1,pcuac_only,NA,WP_439270353.1,1
pseudochrobactrum albidum,3450708,Pseudochrobactrum albidum,0,1,pcuac_only,NA,WP_439273111.1,1
hydrogenophaga sedimenti,3453719,Hydrogenophaga sedimenti,0,1,pcuac_only,NA,WP_439352648.1,1
pseudocolwellia agarivorans,1911682,Pseudocolwellia agarivorans,0,1,pcuac_only,NA,WP_441003386.1,1
unclassified inquilinus,2645927;3232975;3232979,unclassified Inquilinus;Inquilinus sp. 2KB_12;Inquilinus sp. 2KB_23,0,1,pcuac_only,NA,WP_441725419.1,1
unclassified microvirga,2617746;3232797;3233031,unclassified Microvirga;Microvirga sp. 05L427;Microvirga sp. 2YAF29,0,1,pcuac_only,NA,WP_441986486.1,1
rhizobium brockwellii,3019932,Rhizobium brockwellii,0,1,pcuac_only,NA,WP_442082086.1,1
billgrantia hypersalina,3410266,Billgrantia hypersalina,0,1,pcuac_only,NA,WP_445212660.1,1
chitinimonas violaceus,3459088,Chitinimonas violaceus,0,1,pcuac_only,NA,WP_445297139.1,1
azospirillum aestuarii,2802052,Azospirillum aestuarii,0,1,pcuac_only,NA,WP_445960542.1,1
marinomonas dokdonensis,328224,Marinomonas dokdonensis,0,1,pcuac_only,NA,WP_445976503.1,1
alterinioella nitratireducens,2735915,Alterinioella nitratireducens,0,1,pcuac_only,NA,WP_474887249.1,1
vibrio celticus,446372,Vibrio celticus,0,1,pcuac_only,NA,WP_446563828.1,1
aliivibrio wodanis,80852,Aliivibrio wodanis,0,1,pcuac_only,NA,WP_446702312.1,1
paraglaciecola aestuariivivens,2010915,Paraglaciecola aestuariivivens,0,1,pcuac_only,NA,WP_447133758.1,1
pseudomonas paraeruginosa,2994495,Pseudomonas paraeruginosa,0,1,pcuac_only,NA,WP_447804106.1,1
pseudomonas azerbaijanoccidentalis,2842347,Pseudomonas azerbaijanoccidentalis,0,1,pcuac_only,NA,WP_448106171.1,1
rhizobacter fulvus,212743;363843;946333,Rhizobacter;Rhizobacter fulvus;Rhizobacter gummiphilus,0,1,pcuac_only,NA,WP_448170948.1,1
thalassotalea agariperforans,864068,Thalassotalea agariperforans,0,1,pcuac_only,NA,WP_448245490.1,1
thalassotalea fusca,1390224,Thalassotalea fusca,0,1,pcuac_only,NA,WP_448549562.1,1
thalassotalea montiporae,570280,Thalassotalea montiporae,0,1,pcuac_only,NA,WP_448550974.1,1
sphingomonas degradans,3373591,Sphingomonas degradans,0,1,pcuac_only,NA,WP_448664111.1,1
metapseudomonas phytobenefica,3351531,Metapseudomonas phytobenefica,0,1,pcuac_only,NA,WP_449146992.1,1
devosia riboflavina,46914,Devosia riboflavina,0,1,pcuac_only,NA,WP_449394577.1,1
stenotrophomonas humi,405444,Stenotrophomonas humi,0,1,pcuac_only,NA,WP_449466292.1,1
nocardia beijingensis,95162,Nocardia beijingensis,0,1,pcuac_only,NA,WP_452464845.1,1
pseudomonas machongensis,3110229,Pseudomonas machongensis,0,1,pcuac_only,NA,WP_452632531.1,1
amorphus suaedae,1327753,Amorphus suaedae,0,1,pcuac_only,NA,WP_453958634.1,1
allobosea thiooxidans,53254,Allobosea thiooxidans,0,1,pcuac_only,NA,WP_454516727.1,1
cupriavidus basilensis,106589;3065913;68895,Cupriavidus basilensis;Cupriavidus;Cupriavidus ulmosensis,0,1,pcuac_only,NA,WP_454728082.1,1
xanthobacter sediminis,3119926,Xanthobacter sediminis,0,1,pcuac_only,NA,WP_454915174.1,1
kaarinaea lacus,3399526,Kaarinaea lacus,0,1,pcuac_only,NA,WP_455199641.1,1
thiogranum longum,1537524,Thiogranum longum,0,1,pcuac_only,NA,WP_455234786.1,1
rhodopseudomonas parapalustris,489619,Rhodopseudomonas parapalustris,0,1,pcuac_only,NA,WP_455407106.1,1
rhizobium yanglingense,61013,Rhizobium yanglingense,0,1,pcuac_only,NA,WP_455873185.1,1
pseudomonas cerasi,1583341,Pseudomonas cerasi,0,1,pcuac_only,NA,WP_455918260.1,1
lelliottia jeotgali,1907578,Lelliottia jeotgali,0,1,pcuac_only,NA,WP_455947599.1,1
methylobacillus pratensis,233101,Methylobacillus pratensis,0,1,pcuac_only,NA,WP_457136037.1,1
phycobium rhodophyticola,2978344,Phycobium rhodophyticola,0,1,pcuac_only,NA,WP_457771810.1,1
neomicrococcus lactis,732241,Neomicrococcus lactis,0,1,pcuac_only,NA,WP_457838747.1,1
vibrio chemaguriensis,2527672,Vibrio chemaguriensis,0,1,pcuac_only,NA,WP_457870217.1,1
roseobacter cerffii,3467295,Roseobacter cerffii,0,1,pcuac_only,NA,WP_458325373.1,1
sphingomonas aestuarii,453846,Sphingomonas aestuarii,0,1,pcuac_only,NA,WP_458814892.1,1
stenotrophomonas genospecies,3569651;3569656,Stenotrophomonas genospecies 5,0,1,pcuac_only,NA,WP_459003659.1,1
duganella paludis,3569034,Duganella paludis,0,1,pcuac_only,NA,WP_459050483.1,1
thalassovivens spotae,3103127,Thalassovivens spotae,0,1,pcuac_only,NA,WP_459443361.1,1
aquifex pyrophilus,2714,Aquifex pyrophilus,0,1,pcuac_only,NA,WP_459774901.1,1
hydrogenophilus islandicus,545536,Hydrogenophilus islandicus,0,1,pcuac_only,NA,WP_459828279.1,1
magnetospira thiophila,549691,Magnetospira thiophila,0,1,pcuac_only,NA,WP_460019387.1,1
thiomicrorhabdus hydrogeniphila,1572581,Thiomicrorhabdus hydrogeniphila,0,1,pcuac_only,NA,WP_460187206.1,1
aliiglaciecola aliphaticivorans,1607954,Aliiglaciecola aliphaticivorans,0,1,pcuac_only,NA,WP_460311429.1,1
thermus antranikianii,88190,Thermus antranikianii,0,1,pcuac_only,NA,WP_460376210.1,1
azotobacter armeniacus,270345,Azotobacter armeniacus,0,1,pcuac_only,NA,WP_460426495.1,1
aquaspirillum soli,1591092;187;1872580,Aquaspirillum;Aquaspirillum soli;Aquaspirillum sp.,0,1,pcuac_only,NA,WP_460429570.1,1
curvibacter fontanus,247486,Curvibacter fontanus,0,1,pcuac_only,NA,WP_460487133.1,1
hydrogenophaga soli,2025714,Hydrogenophaga soli,0,1,pcuac_only,NA,WP_460505356.1,1
chitinimonas naiadis,1756762,Chitinimonas naiadis,0,1,pcuac_only,NA,WP_460530920.1,1
hydrogenophaga aquatica,1854763,Hydrogenophaga aquatica,0,1,pcuac_only,NA,WP_460566389.1,1
haliea atlantica,1548455,Haliea atlantica,0,1,pcuac_only,NA,WP_460589165.1,1
lysobacter tyrosinilyticus,1537376,Lysobacter tyrosinilyticus,0,1,pcuac_only,NA,WP_460733251.1,1
paralcaligenes ginsengisoli,1636859,Paralcaligenes ginsengisoli,0,1,pcuac_only,NA,WP_460874239.1,1
streptomonospora sediminis,1323732,Streptomonospora sediminis,0,1,pcuac_only,NA,WP_461002807.1,1
leisingera thetidis,2930199,Leisingera thetidis,0,1,pcuac_only,NA,WP_462648199.1,1
afipia dichlorophenoxyacetatis,3116917,Afipia dichlorophenoxyacetatis,0,1,pcuac_only,NA,WP_464030922.1,1
acidocella aluminiidurans,472056,Acidocella aluminiidurans,0,1,pcuac_only,NA,WP_464061886.1,1
puribacter membranae,3415978,Puribacter membranae,0,1,pcuac_only,NA,WP_464731219.1,1
thiobacter subterraneus,279810,Thiobacter subterraneus,0,1,pcuac_only,NA,WP_464899032.1,1
thermus kawarayensis,1293587;171864,Thermus kawarayensis;Thermus kawarayensis JCM 12314,0,1,pcuac_only,NA,WP_464909484.1,1
thiobacillus thiophilus,543892,Thiobacillus thiophilus,0,1,pcuac_only,NA,WP_464921058.1,1
thiomonas islandica,545537,Thiomonas islandica,0,1,pcuac_only,NA,WP_464926511.1,1
pseudomonas stagnisoli,3401632,Pseudomonas stagnisoli,0,1,pcuac_only,NA,WP_465155859.1,1
vogesella lacus,488212,Vogesella lacus,0,1,pcuac_only,NA,WP_465189529.1,1
streptomyces griseoviridis,45398,Streptomyces griseoviridis,0,1,pcuac_only,NA,WP_466650225.1,1
affinirhizobium capsici,879568,Affinirhizobium capsici,0,1,pcuac_only,NA,WP_471881047.1,1
[rhizobium] kunmingense,589104,[Rhizobium] kunmingense,0,1,pcuac_only,NA,WP_471886421.1,1
velazquezella soli,424798,Velazquezella soli,0,1,pcuac_only,NA,WP_471891655.1,1
hydrogenovibrio thermophilus,265883,Hydrogenovibrio thermophilus,0,1,pcuac_only,NA,WP_472356470.1,1
gelidimonas denitrificans,3477653,Gelidimonas denitrificans,0,1,pcuac_only,NA,WP_472614849.1,1
gelidimonas diazotrophica,3477654,Gelidimonas diazotrophica,0,1,pcuac_only,NA,WP_472633172.1,1
thalassotalea coralli,1776033,Thalassotalea coralli,0,1,pcuac_only,NA,WP_473165934.1,1
denitraticella aggregata,3398587,Denitraticella aggregata,0,1,pcuac_only,NA,WP_473214484.1,1
agrobacterium cucumeris,2862866,Agrobacterium cucumeris,0,1,pcuac_only,NA,WP_474208361.1,1
micromonospora aridisoli,3096979,Micromonospora aridisoli,0,1,pcuac_only,NA,WP_474571820.1,1
sphingopyxis granuli,267128,Sphingopyxis granuli,0,1,pcuac_only,NA,WP_475282904.1,1
unclassified novosphingobium,2644732;3688083;3707512,unclassified Novosphingobium;Novosphingobium sp. Sphag1I;Novosphingobium sp. 550D,0,1,pcuac_only,NA,WP_476104574.1,1
qipengyuania flava,192812,Qipengyuania flava,0,1,pcuac_only,NA,WP_476272175.1,1
mesorhizobium waitakense,1300283,Mesorhizobium waitakense,0,1,pcuac_only,NA,WP_478350992.1,1
nitratireductor lacus,1903171,Nitratireductor lacus,0,1,pcuac_only,NA,WP_478363002.1,1
stenotrophomonas africana,1292134,Stenotrophomonas africana,0,1,pcuac_only,NA,WP_478433169.1,1
unclassified plesiomonas,2647679;3085843;3085844;3085845;3085846;3085847;3085848;3085849;3085850;3085851;3085852;3085854;3085855;3085856;3085858,unclassified Plesiomonas;Plesiomonas sp. ISS10;Plesiomonas sp. ISS11;Plesiomonas sp. ISS12;Plesiomonas sp. ISS13;Plesiomonas sp. ISS21;Plesiomonas sp. ISS22;Plesiomonas sp. ISS23;Plesiomonas sp. ISS24;Plesiomonas sp. ISS25;Plesiomonas sp. ISS26;Plesiomonas sp. ISS28;Plesiomonas sp. ISS29;Plesiomonas sp. ISS30;Plesiomonas sp. ISS32,0,1,pcuac_only,NA,WP_479536458.1,1
pseudaquabacterium rugosum,2984194,Pseudaquabacterium rugosum,0,1,pcuac_only,NA,WP_479725258.1,1
bradyrhizobium ferriligni,1534803,Bradyrhizobium ferriligni,0,1,pcuac_only,NA,WP_482407536.1,1
luteithermobacter gelatinilyticus,2582913,Luteithermobacter gelatinilyticus,0,1,pcuac_only,NA,WP_483307603.1,1
hyphomonas atlantica,1280948,Hyphomonas atlantica corrig.,0,1,pcuac_only,NA,WP_483465348.1,1
pseudomonas corni,1495965,Pseudomonas corni,0,1,pcuac_only,NA,WP_483836296.1,1
pseudomonas rosaeacicularis,3468806,Pseudomonas rosaeacicularis,0,1,pcuac_only,NA,WP_483845726.1,1
zestomonas ipomoeae,3468809,Zestomonas ipomoeae,0,1,pcuac_only,NA,WP_483857809.1,1
pseudomonas pichavaramensis,3382640,Pseudomonas pichavaramensis,0,1,pcuac_only,NA,WP_484572100.1,1
achromobacter colocynthi,3341854,Achromobacter colocynthi,0,1,pcuac_only,NA,WP_485820649.1,1
achromobacter maghribensis,3341861,Achromobacter maghribensis,0,1,pcuac_only,NA,WP_485823724.1,1
aliivibrio friggae,3707497,Aliivibrio friggae,0,1,pcuac_only,NA,WP_486305843.1,1
aliivibrio thorii,1087367,Aliivibrio thorii,0,1,pcuac_only,NA,WP_486307373.1,1
colwellia maritima,2912588,Colwellia maritima,0,1,pcuac_only,NA,WP_487048424.1,1
colwellia aquaemaris,1195759,Colwellia aquaemaris,0,1,pcuac_only,NA,WP_487082326.1,1
colwellia meonggei,1354731,Colwellia meonggei,0,1,pcuac_only,NA,WP_487132291.1,1
rhizobium moroccans,3341850,Rhizobium moroccans,0,1,pcuac_only,NA,WP_487207035.1,1
candidatus thiopontia,2841688,Candidatus Thiopontia autotrophica,0,1,pcuac_only,NA,WP_487506516.1,1
candidatus desulfolinea,2841698,Candidatus Desulfolinea nitratireducens,0,1,pcuac_only,NA,WP_487917293.1,1
acidisoma sibiricum,512383,Acidisoma sibiricum,0,1,pcuac_only,NA,WP_489212828.1,1
rhizobium johnstonii,3019933,Rhizobium johnstonii,0,1,pcuac_only,NA,WP_489857591.1,1
pseudomonas crudilactis,2697028,Pseudomonas crudilactis,0,1,pcuac_only,NA,WP_489880885.1,1
pseudomonas spartinae,1203389,Pseudomonas spartinae,0,1,pcuac_only,NA,WP_490261461.1,1
